:1000000000900020018E02004F9502004F950200E3
:100010004F9502004F9502004F9502004F95020048
:100020004F9502004F9502004F950200BB9F0200C2
:100030004F9502004F950200111402005166020014
:100040004F9502004F9502004F9502004F95020018
:100050004F9502004F9502004F9502004F95020008
:100060004F9502004F9502004F9502004F950200F8
:100070004F9502004F9502004F9502004F950200E8
:0C0080004F9502004F9502004F950200C2
:10009000F0B591B00791044606463036011D0125A2
:1000A000069250040D9408910995019607D408888A
:1000B00089780904401800260496039669E126F021
:1000C00009F8039029F0BBFA3078304C482160548D
:1000D0002A4625464835014611408207D20F51185D
:1000E0004007C00F0F1820341421204627F0C1FC10
:1000F000277500266675A675E6750D9C244825496A
:100100000160254825490860254FB88D1F49C881E1
:1001100025F091F8B8862148868010200F901B4961
:100120000F464871EE70AE80608825F05BFB0328B7
:100130003DD124F0FDFC388100267E61A06B10309B
:1001400026F07CF826F086FC7881A16B088B134F93
:10015000F883488B3884888B78842420085C800757
:10016000C00F388388680327002867D0827B121865
:10017000D37B0F221A40072A14D8C0467A4412793A
:10018000520097442B190F0F0F0F32396066002071
:1001900040140840D6BE898E005555553C20094074
:1001A0000620094049200026F34A165422E0014661
:1001B0000496089D0746DDE008462430CA8BEF4BC5
:1001C0001A860A8C5A86498C9986007809990840C3
:1001D00098834920E84A115405260BE049200999E3
:1001E000E54A11540326374604E049200999E24ABA
:1001F00011540226089D23E000266E700999E970CB
:10020000817B0918497C890617D000210E460FF022
:1002100063F93520D84A105C0028089D10D060880A
:10022000032738401146213189780904490D884255
:1002300006D04C200999115402E08427089DCE4A2B
:100240000E964B26905D00280BD0104600233832C6
:100250008363C363137253819381A06B08300121C0
:1002600004E0A06B08300221002213460EF09EFE2F
:10027000002100282DD00C96109102220E9E3146AE
:100280000B9211404A424A41431E581E8341134378
:100290000493012B21D1D64806800022B74E7281EB
:1002A000A36B2525585D03240440F482585D400863
:1002B00004263040CF4C2085585DC006C00F6085B5
:1002C00000290A960CD10020C94988810D9CAA4EAC
:1002D0001BE0832704910E464CE08327A64E33E0B3
:1002E000586825331B78D90707D1C3495A073340CB
:1002F000D41721405A00204001E0C049491C0D9C00
:100300009D4EBB4B29F0E2FBB9490E98C00703D1C3
:1003100000200882089D17E0A26B1068525D9307C9
:100320000AD4B54D0A9B13405207D1170D405A000D
:100330002B460840AE4902E0B04A531C0022089DFB
:100340000B82A23123F0A9F80C98305C002810D061
:10035000A06B083025F006FF002801D184217171BF
:100360000B990172B16B884201D10020B0630F9EDE
:1003700000E0109E2888A978090440183902FF225D
:1003800012029043401828800F2F01D902210E43FA
:10039000099DFF210902014003200E9000028142C5
:1003A00061D1A8040590964B29020846B030079AFF
:1003B000024202915BD0104608400B90069D2846F1
:1003C00018400A906C4F8F48C06A04285BD310967F
:1003D00000200C9023F0ACFE80B2441D21460E9804
:1003E000814378690F9120F087FD0646786986423F
:1003F00004D008201099014310917E61002E3AD05C
:10040000A108F0893518103528461DF0D7FD0B9846
:100410000028594F16D04B20385C002812D068684D
:100420000F21090401400E98000481420AD1284698
:1004300024F044FCC00602D535200C9939544D20D7
:1004400009993954F0893118FA79CA740F9940180A
:10045000F0810420109E06430D9CA06B103025F007
:10046000EDFE0A9DAFE7B00700D5D1E2D6E21096C7
:10047000069E354611E085203F4F78716248099904
:1004800001600D9C109E1096B879002804D0E06B96
:100490005E49C96821F0C6FA069E059806406806BE
:1004A0002946C50F0F4608460299084003D0324935
:1004B0004A2201238B54B30C10990D430799C907A5
:1004C00012D0059939400FD14A490988042920D111
:1004D0002A48406D28498A69801A60634020487123
:1004E000032000BF00BF4FE00798000401D4049927
:1004F00057E021484079102803D13E48008822F077
:10050000E7FF28F017FD424A28F08AFB002319462E
:1005100047E0BA0529D41093CB1F5A425A41164CD2
:100520004A23E35C5E1EB341002829D11A4327D138
:10053000022903D13520205C002825D10120049018
:100540004820205C002800D198E12E480521016058
:10055000A07900280D9C04D0E06B2C49C96821F0DB
:1005600061FA24F0CFFA0023C1E7032018F0D2FE8D
:100570000149487108E0C046606600203C200940FF
:10058000022018F0C7FE60712248407928F0D2FCA2
:100590001F4A28F045FB032000BF00BF0023194677
:1005A0000D9CF803109307D5A06B10300E4625F074
:1005B00045FE3146124807402646313600295CD0B8
:1005C0000F95144A48200C901056002828D47578AE
:1005D000052D00D9002507210840801E052829D8AF
:1005E0007844007940008744191723211D27C0460D
:1005F00096200940062009400A8000000A80FFFF7B
:10060000FFFFFEFFA011084030100840806B002063
:10061000FF00FF0060660020E8070BD026250DE0F4
:1006200005460BE001200540263507E0E80701D02C
:10063000272503E0252501E06D0825352020105CE5
:10064000918922F071FC0A90E8B20B901BF04CFAF1
:10065000002803D029F046FA002827D0089A28F06D
:100660007FFFF04908404121490201431180000CFD
:10067000907002200F9D05430D9C1098002800D11A
:10068000BCE1FD482127C15D3F20084010901BF0D0
:100690002BFA002803D029F025FA00281CD0089A4C
:1006A00028F05EFFF34927F0E6FDA7E109988003F3
:1006B000079001212046069106F034FD23F0F0FC5E
:1006C000079807422DD1B078002800D19CE0EB4874
:1006D00027F0E6FB04464BE02046099906F022FD90
:1006E00023F0DEFC0D98806B81680020002953D038
:1006F0000B910C900F954C26DF4CA55D2020205CC3
:10070000A18922F011FC0146002D57D00298411812
:10071000E0310A91DA48008D25F064F80020A055F8
:100720004DE00D9803991DF0C7FC04460F2838D8FA
:100730004B20D14A105C00280AD03520105C0028DC
:1007400006D00C9828F0A6FD002801D17D20C443D6
:100750000D98C06BCA4FF9681EF078FAC64A9071BE
:100760004A2000211154387F800701D027F0B6FFBE
:10077000089FE0B21028069B14D2C249002088834B
:100780006CB20B99402901D240202843BA4ABE4F8F
:10079000002C57D4054657E00A900D9CB64A0646F1
:1007A00003E1089F3888B978090440182102B14A4A
:1007B000104001433980000CB8705AE70A910F9D30
:1007C0000B98817B0A18D17B0F263140072913D162
:1007D000547C002529460EF07FFEA009022800D196
:1007E000C6E02B46012800D1ACE000280F9DA24EA8
:1007F00000D0D3E04920D4E0089A28F0B1FE9D490A
:1008000027F039FD9C4ACFE04B209B49085C00282B
:10081000089F67D03520085C002863D00A9828F02C
:10082000DEFE601A80009721C9004018703027F062
:1008300037FB04460C98904A28F02CFD002898D1EC
:100840008224AFE77F200540E8B27886107900283F
:1008500004D028068D4941408D4801604920105C34
:1008600000283AD0154625F099F8AA79B88D89491B
:10087000002A0F9D3AD0803108463AE03520205CAE
:10088000002800D180E62120205C264621367178A0
:1008900009020818B178090440187F4901408029ED
:1008A00000D071E67D480721016024F02BF94C202F
:1008B000215C0020002900D10AE2B1780904490D29
:1008C0000D9C6288042313400B436D490B85012165
:1008D000C9030D430146109B63E6D803401C0F9DDE
:1008E0001F4607E028F075FB044642E78007800EAC
:1008F0004840069F28F014FAFC48C78328F040F9C6
:10090000022000BF00BFFC4805210160002C14D468
:100910000B9825388740F24A0C99505CB8435054E4
:10092000B17800290D9C00D1A7E6002800D0A4E6EC
:10093000019800780C9950549FE60020E8490C9AE1
:10094000885499E63520E64E305C00280F9D00D192
:100950004BE149203354089A28F002FEE849084048
:10096000B90201431180000C90700220054319E088
:100970003520DB4B185C002800D14BE149200021D9
:100980001954089A28F0ECFDDD490840B90228F016
:100990007BFC0F9D05430D9C1A4605E0492033540E
:1009A000352033540D9C32460C9EA06B08303832F3
:1009B000012133460EF0FAFA074633463246002F3D
:1009C0000CD0781E414241410E4207D10992411E8E
:1009D0008841012219465140014325D12846089BF0
:1009E00019889A7812048918C54A11408322120284
:1009F0000A431A80090C997002250543A80701D4FF
:100A00002E460BE0E06BBD49C96821F00BF82E467D
:100A100024F078F827F0CCFD26F02EFE304611B0F9
:100A2000F0BDC046FF00FF0007930B920C960F9598
:100A30009720C5000A984019703028F0D0FD601A40
:100A400084004D20A64E305C002829D04836F0792D
:100A5000A3498989069122F067FA0A900C20069929
:100A600022F062FA61190A9A89180C180020707134
:100A70009B4E16E0FF00FF00606600208813000018
:100A8000806B00209620094006200940D6BE898E42
:100A9000401408403181000080FF1F00A011084071
:100AA0000834204627F0FCF90A903520305C0028F5
:100AB00012D02020305CB18922F036FA4821715CD6
:100AC00032464832127910F01BFA00280D9904D1F1
:100AD0007D20C0430A9000E00D99099A8348028066
:100AE0007D4804254581896B25240A5D0E9B1A40AB
:100AF0007A4BC282085D400828401885085DC00610
:100B0000C00F58855020305C002802D0588D2843F3
:100B100058850C980028079B0CD0486825310A7826
:100B2000D1070CD1724953072A40DB1719401840EE
:100B3000520007E000206D4988810B9A07E06D495B
:100B4000491C0022694B28F0C1FF0B9A079B002B20
:100B50000DD00D98816B08680A5D91070ED4644929
:100B600015405207D217114010406A0009E00020DA
:100B70005E4908820D9C0F9D10990CE05D49491C4F
:100B800000220F9D594B19821946A23122F085FC93
:100B90000D9C10990B9A0A9BD8B2102808D3089A7A
:100BA00028F0DEFC1902564B184028F06DFB24E7B4
:100BB00000254E48858340314848418630790028D9
:100BC00004D0080648494140464801604920305C4D
:100BD000002857D024F0E2FEB2794048808D494980
:100BE000002A52D08031084652E049200121315478
:100BF0000B980068002868D00D9CA06B08300F4649
:100C00003246383202211E460EF0D0F93A460746E7
:100C1000099BD4E64920012119540B980468002C43
:100C20000F9D52D0A07B0019C17B314007290CD108
:100C3000407C3F2809D80B99887B0818007C0B3032
:100C4000FC21014020460EF047FC0D98806B0830D7
:100C5000234A3832022726460024394623460EF01E
:100C6000A5F93A4623460746B07B3018007C1C495C
:100C7000483188710B9CA07B20180D9C007CC871AA
:100C8000099E9CE6D003401C02E08007800E48408D
:100C900028F046F827F074FF14480B99C1831648D2
:100CA00005210160A06B083025F05CFA002801D115
:100CB0008421717102210172B16B884200D1B56348
:100CC0007F1EEFD110200F9D97E628460D9C86E6EB
:100CD000049B014664E4C0463C20094006200940CC
:100CE0006066002040140840D6BE898E96200940D8
:100CF0000A8000000A80FFFF30100840806B00204F
:100D0000FF00FF0031810000F0B597B00F460646A6
:100D10004C1C0D782846214626F02CFD002806D0D4
:100D200028463146224629F046F817B0F0BD129405
:100D30000F972320C000301810902A2D34461395A9
:100D400000D95AE2DD20400020180D906720800075
:100D500020180C905720800020181190FF22104678
:100D6000063020180E902346F03320468C300B902E
:100D700020468A300A90264677362546763527461D
:100D8000673713984000C046784480884000874405
:100D90004B0185011901EB0134023402F8011C01F9
:100DA0009D01B2012502FB01CB00340234023F0158
:100DB00034020501C400E70139003900FE013402A4
:100DC000A00034023402340230003402340234020F
:100DD0003402340234022A002A002A003402340287
:100DE00034023402300020461299139A29F090F808
:100DF0009BE7139A82480079800700D5C9E01098D4
:100E0000427205E309941398142803D178790028D5
:100E100000D16AE10F9B5878997809020918D878AF
:100E20001A791202161858799A7912021218D8797A
:100E30001B7A1B021818139B152B00D0E1E189B215
:100E40001B2312931B290F4600D8129F2923DD0074
:100E50001B292B4600D33346FB24FB2F00D3274608
:100E6000684EFB29314600D8194689B2CB08292B98
:100E7000129B00D33B46A9420E4600D82E46614F36
:100E8000B942214600D819465E4B9E4200D35D4EC2
:100E900097B21B2F3A4600D8129A1B2F2B4600D32D
:100EA0000346FB2A00D32246FB2F564C204600D88F
:100EB000184683B2D80829280D9F00D31292AB425E
:100EC000184600D82846A34200D811E2FB2220464B
:100ED0000FE20C9B32460D9D0F984178807881423D
:100EE000264609D107200840129C207000D124E337
:100EF000491E014200D16EE318211E2430462246CD
:100F00001FF0B6FCB17900222046134619F02EF8E6
:100F1000A87840210143A97007E70E980078C00621
:100F200000D58BE1122071E23D4609940E9F387C7A
:100F3000012817D00F98811C4078109A10708D20CE
:100F400040003E46099F38180224224626F063FDE1
:100F500001464720800038183746224626F05BFDC0
:100F6000012030746879002800D1BEE0B87C0028E8
:100F700000D0DAE63C46787C002800D0D5E60C218B
:100F8000099806F06FFB002800D148E20120A07408
:100F9000CBE6204612991CF01EF9C6E6119F0F9869
:100FA00041788278204628F0A5FC2878012800D0D6
:100FB00046E1307801460F39022900D338E201209A
:100FC0007873B2E61298007890E0119F1E460C9D4F
:100FD0000E9B0D9A129800780E38082800D9A4E6C6
:100FE0004000C04678448088400087440E00CA0212
:100FF0000D000D00C6020D00D2020D00D802C04641
:10100000DE6D0020904200008FE6032030758CE6F4
:1010100012950E9D1396A07928F08BFE002800D122
:1010200012E10F213A225FE113960F98811C40785C
:101030000B9D2870A81CFD4E02270F903A46B04722
:101040000146281D12903A46B0470146A81D0E9051
:101050003A46B0470146284608300D903A46B04718
:1010600001462878002827462C460A9D14D0129A5B
:101070001288531E9BB2082B00D3082383420BD344
:101080000F9B1B88934207D8062A05D32E46254678
:10109000EC4CA24200D240E3302027E0119D2046D4
:1010A00062300522129926F0B6FC01460B9F3846A5
:1010B0000C30022226F0AFFCB8892189401A80B298
:1010C000E149884200D8C5E028200FE02046129967
:1010D0001FF062FB7879002807D0092120461EF016
:1010E000F5FC012800D020E699E13D201099087216
:1010F0000120C87119E61546119A0994187D012836
:1011000000D012E61E46099F3846129914461FF079
:1011100043FB02203075B9790E357A1900201CF096
:10112000E7F922460E984078000702D4C748D086D7
:101130005086C7484078800600D4F6E5908E1B287C
:101140000BD1108E1B2808D12920C000D18E8142DE
:1011500003D1518E814200D1E7E51421099849E07D
:10116000002011990872E0E50E980078C00778D148
:101170001A205873187B0D2101283AD1F4222046F9
:10118000ADE001209873D0E50120D873CDE50C9D2A
:101190000D9A0E9840780921084200D135E10F9B45
:1011A0005878997801400720084058701746D17840
:1011B0000140517000D1B3E1481E084200D1F4E172
:1011C000032900D905E22B460220020600D13DE2A8
:1011D000084200D03DE2C0B24008F6E70B98807BA1
:1011E00001287FD100203870787118800120187391
:1011F0000B2120461AF072FD97E510981399417261
:1012000006E18BB21B2B0D9F14D3FB2B12D8B3B26C
:10121000DC08292C0ED38F4CA3420BD893B21B2B86
:1012200008D3FB2B06D82923DD0083B2AB4201D3C0
:10123000A3425ED914211E22099856E01321E8E04A
:10124000002026F00BFA70E52878800700D503E12E
:101250000F20DBE00121B9720020E08329702046D5
:10126000B3E1002038707871254620469C301390F9
:101270000120089318742046B430714C0826129946
:101280003246A04701462846BC300222A04701460C
:101290002C46A4342F46AC3738463246684B984724
:1012A00012903846314625F0A5FB2E46A03604277D
:1012B000304612993A46624B98473046394625F0F7
:1012C00099FB204628F00EF9139828F006F90898A3
:1012D000007B0421012800D0DBE1F422284617F02E
:1012E00025F822E514211E2220461FF0C1FA1CE534
:1012F000129A119B5987DE871A87988780B25A8E77
:10130000824200D302463878A9231B019A42144630
:1013100000D81C46042800D014460C9FFD88FC8091
:1013200004280DD109981DF041F80246B888131A17
:10133000581E8341BA80119E718F0D9800780CE081
:10134000119AD28EB3B29A4200D31A460C9FBB8830
:10135000D31A5E1EB341BA80119E651B6C1EA54157
:10136000B78E89B28F4200D30F461D430C9C218853
:101370007E1A711E8E4127800D99097901231293DF
:101380001FF0CAFE874201D2208805E00D99087837
:101390000979A28828F045FD11993543E0820B8E2A
:1013A000088F834200D303466088191A4A1E914170
:1013B0000C9A0D4353808342099E03D9107D8021EE
:1013C00001431175002D11D011980386D5884586EB
:1013D0001188818614469288C2861398142800D0FA
:1013E000A0E0B07900951EF0BFFE03E0139814282A
:1013F00000D09CE01521304606F034F9002800D0DA
:1014000093E4E948007812990CE01620109948728C
:101410000721204606F026F9002800D085E4E2489E
:1014200000780121890312F093FB7EE4177A020011
:10143000162800D079E40D9DA87801216AE5C04600
:10144000177A0200810C0000FE7F000048080000AF
:10145000DE6D0020904200002F4609940F9B5878C3
:1014600006909E78D8781979090208180D90587955
:101470009979090208180C90D879197A0902081884
:101480000890587A0790987A0590DC7A187B597BF7
:101490000902091814A80180997BDA7B12025118FD
:1014A0004180197C5A7C120251188180997CDA7C27
:1014B00012025118C180197D5A7D12025118018102
:1014C000997DDA7D120251184181052027F0E7FF4E
:1014D000002800D19CE030020699461820020599A8
:1014E0004218099C208914A9069292B2089B9FB2C7
:1014F0000097019007980290039204910596B1B26B
:101500000D9882B20C9886B220460F92334614F0A2
:1015100066FF002800D1C1E00D991E262F4679E014
:10152000387897E0217D08200843224600E0107DAE
:10153000202101431175FFF7F8FB107816282F467C
:101540001A4607D1B17914463A780020134618F0AC
:101550000DFD2246022090763878107601247C71A9
:101560001188139139791546928823461FF0D4FDCE
:10157000139981421BD228881EE000203872FFF7A1
:10158000D4FB012038731878FD2101401970FFF752
:10159000CCFB287D122101432975FFF7C6FB90780B
:1015A000122101439170FFF7C0FB084653E0287EEB
:1015B0003979AA8828F035FC119AE882B878402158
:1015C0000143B97014701821304628F0BBFCFFF7B6
:1015D000ACFB04203EE068700F9AD17812791202B9
:1015E000511899833289891A89B2704A914200D977
:1015F0006AE51C460121997604281A462F46ACD18B
:10160000304614461CF0D2FE2246A0807878A4E72B
:101610000D991A2638784007099D05D40F20109996
:10162000487207212846F5E60C460F212846324627
:101630001FF01EF9A979089880B20090A2B20C9808
:1016400083B230461EF06CFDFFF76FFB08461D4667
:1016500001E01D4678702E46C1B2042904D120460F
:101660001CF0A4FEB08078782546C0B225F019FDA4
:10167000307634883979B28828F0D3FB844201D29D
:10168000308804E0307E3979B28828F0CAFBF082D5
:101690001721284615F006FAFFF747FB10960E971C
:1016A000119D059828820D9B6B820C9EAE82089836
:1016B000E8820799297606996983149F1599169AE5
:1016C000EF6129626A620B998B80CE8008810220CB
:1016D000087000204880A08EC11D0A9A1180618E7A
:1016E00049080F9A8A4226460AD11099814207D1A9
:1016F000F08E00090E99814202D110213046C9E7CF
:10170000129800780128139932D108780F282FD128
:10171000F12130461AF0E2FA34E02C46354640001A
:101720002070580060805000A08020890001208136
:101730000222304626F06FF930883989401A80B28B
:101740001A49884200D9BFE40D9800880E9909888B
:10175000491C129A12884A435100884221D901201B
:10176000139948740021F983119A107038462CE7B8
:10177000887A002802D008781A280DD1F121304645
:1017800015F090F9B079298A6A8AAB8AEC8A0094BC
:1017900019F010FDFFF7C9FA0F20C873F321304686
:1017A00028E53B20A2E4C0462C700020FE7F00000C
:1017B000F0B591B0002902D4002400F0FFFC0C46E3
:1017C000294F387817F00EFF002801D100F0F3FC04
:1017D00005460078A2280D955FD0B02801D000F012
:1017E000E7FC0EA800210180204E7068002808D177
:1017F00027F0F2FC28F0FAF97060002801D100F01F
:10180000D2FC06943E461436002418223046214667
:101810000B9227F0AFF8287901210C91811E16292F
:1018200001D900F0B9FC401C059007964900C0465C
:101830007944898849008F441B00AF04AF04AF048A
:10184000D400AF047100AF040C02AF044302AF0434
:101850007700AF044C01AF04D901AF04AF04AF046B
:10186000AE02AF047902C04678790020807800206B
:1018700027F0B2FCB8826888314624F0FBFF0028CC
:1018800000D1F3E22889B98A884200D30846B88299
:1018900001200C90032000F06DFC687965282ED1A2
:1018A0000C370C97384628F02BFB002819D0064639
:1018B0000089B17A37460C373A4610F013FC0546DA
:1018C000142801D0002D0CD10C98314626F0B4FB21
:1018D000142D03D1B17A384627F01AF9304628F092
:1018E0008DF90C9828F07EF900280D9D07D0F1485D
:1018F0000078F1490870F14900220A7001E0ED48D2
:101900000078FF2801D100F053FC294624F034FE72
:10191000002801D000F04CFC00F04DFC00210EAA84
:1019200028460AF0F1FE1EE3688824F0B3FF049015
:10193000401E0B90B88A00242246A9898A4200D30F
:10194000B1E280B20B99814200DCACE2089227F050
:10195000F8FA80B210A91FF09DF9012700280C9712
:1019600000D1A9E201460A946888099010AA128859
:10197000EB48436828790B9CA7B20026E94CA51CCC
:101980000095019602970390099806F0A7FC00289D
:1019900000D08DE2A06900280D9D079E09D16888BE
:1019A0000F210023E04A15F077FDA061002800D147
:1019B000E5E2A18A62885318049FBB4203D30B9AC5
:1019C000521A628092B24018D549496826F040FB0D
:1019D0006088A18A0818A082089A521C0A9CA41C3C
:1019E000ABE7688824F056FF27F0C9FA10AC0094E2
:1019F00018F04CFA0546781F0A90F81FC94F0024CA
:101A000080B20990B81C0890A1B2002D00D11CE250
:101A10000A98884200DC18E20B910C940D9F78889C
:101A200010A90A88BE494B6839790024089E00969F
:101A30000194099E02960391294606F04FFC002866
:101A40001CD13A8AB7484088824217D17869B44994
:101A5000496825F07FF90028B24F10D0B8690028F6
:101A60000AD10D98408807210023AF4A15F014FDD4
:101A7000B861002800D12BE36C8900E0A94F0D98D4
:101A8000418910A802880FAB284615F091FA054647
:101A9000002C13D0B8690C9A511C0B9BC454200A1B
:101AA0001446BA69A31C89B25054002D99B207D0CC
:101AB0000F98BA6950540FA8407804E00C9CA3E733
:101AC000BA69FF205054E11CBA69241D89B25054F0
:101AD0009AE7688824F0DEFE27F051FA10AC0094F3
:101AE00018F0D4F90146B81F0A9000258D48801CD3
:101AF000099008950C950D46002D00D1EFE10D9C45
:101B0000608810A90A88294618F0A6F8002800D095
:101B1000E7E10C9F60880B9010A90A8880494B6808
:101B200020790A9CA4B200262946099D00953546D5
:101B30000196029403900B980E4606F0CFFB002806
:101B400000D0D0E1BCB2002C0FD07648C18A4088CA
:101B5000021D8A4200D0F3E100190A9988422F46FB
:101B600000DDEEE16F4FB86910E00D984088112755
:101B7000002339466C4A15F08FFC6A4A90610028B0
:101B800000D178E25188091DD1821746B17A0C9BA9
:101B90005A1C0155F07AB9699C1C92B288540D9870
:101BA000418910A802880FAB304615F001FA0546AE
:101BB0000028A1B205D00F98BA6950540FA84078F8
:101BC00002E0BA69FF2050540C9BD91CBA6989B253
:101BD00050541C1DB869A1B24018514949687A880F
:101BE00026F036FA788800190C9085E70124287CC5
:101BF0000027022804D1687C012801D10327002492
:101C0000288910A91FF046F8002C00D128E10646CB
:101C1000002800D124E1307A80060CD510A8008875
:101C200026F084FE002800D122E2034668881222B2
:101C3000314698470746002F079E00D038E2688853
:101C40002989EA686B896C7C002C00D11AE2522544
:101C500019E2288910A91FF01DF8002800D10EE113
:101C6000064668880B21304A0FAB15F015FCB861A9
:101C7000002800D12CE1034668880C9010A90A883E
:101C80000FA908882C7900270799009101970290E5
:101C900003940C98314606F021FB002800D139E16D
:101CA00006462048806913F075FC162E00D138E1F5
:101CB0003746E5E08A7E0020897E0020AB7D00204B
:101CC000288910A91EF0E6FF002800D1DCE00646B6
:101CD00068880D21144A0FAB15F0DEFBB8610028AF
:101CE00000D1F6E10346688810A90A8869890FAC1B
:101CF00024882D79079F009701AF32C7314606F03F
:101D0000EDFA002800D10FE107460648806913F07C
:101D100041FC162F0D9D079E00D10DE12BE1C04621
:101D20008078002078790020FFFF00006888089004
:101D300023F00CFE0A90002800D1A8E0287A0128A0
:101D400000D0E9E1FC48857809942046C6B2AE424D
:101D500000D321E10A9A52680C237343D75A002F0B
:101D600000D11AE1002C0ED0BC4200D046E1D218BE
:101D700053888EB29E4200D040E19288099BD318CE
:101D80000993511805E0D1188A8849880992891861
:101D90003C46401CDAE768880124214624F04AFBCF
:101DA000002876D00C942E460836308810A91EF0F4
:101DB00071FF002800D190E00746007A800600D528
:101DC00097E06F88384623F0C1FD002806D1DB4834
:101DD00023F0BCFD002800D1B0E00780D6498A7806
:101DE0000C2151430C3100231A460C32914200D190
:101DF000A4E04468E35A002B1346F6D1A0180C382F
:101E00000C2731463A4626F023F9079C20463146F6
:101E10003A4626F01DF96888AA89172100273B4613
:101E200015F03AFBF549C861002800D188E129691D
:101E3000AA8926F00DF96888214622F095FC002831
:101E4000264600D0CDE10746CCE1200425D0880805
:101E5000B8820D9D6888079E314621F041FF80E0E1
:101E6000002C079E00D121E1012721E16888298902
:101E7000BA8A914200D311461DF0BEFA8CE10127C7
:101E800028890EA908804CE00127079E73E0089876
:101E900047E1142068700E2720E10D9D28890EA9C6
:101EA00008800A2719E16888314622F089FC3AE166
:101EB00007460D9D079E0A9C27F043F80EA908804F
:101EC000CE488069002800D140E113F063FB3DE17A
:101ED00028890EA90880112723E00C9F32E1089F72
:101EE0002FE0074601E00746354668890EA90880BD
:101EF00027E010A8008826F019FD002800D1BFE0D7
:101F000003466888122239469847002800D158E7CE
:101F1000074617E16888079922F068FC002800D07E
:101F2000162701200C9010E10D9D6888079E314610
:101F300022F030FC002818D10027CFE0092701E16A
:101F40002F460C980004079E11D0AC4DE98A0C98DE
:101F500080B21FF067FFA8820D9D6888314621F08E
:101F6000D7FE002801D10746B8E01627B6E0002FBB
:101F700000D10A270D9D28890EA90880AEE0A86827
:101F80000A9A8118805C4978090208180EA908800D
:101F900001200C901127DDE02846C0B201280998E5
:101FA00060D900042AD0099880B21CF0A7FA002852
:101FB00024D00B90B54200D335460C276F43002444
:101FC00025460A984668A74200D18AE03619B168CA
:101FD00000290AD0A8B20B9A1018B28826F038F857
:101FE000B0884519B06813F0D5FA002C04D0002150
:101FF0000C22304626F0BEFC0C34E2E7002201231E
:102000001746591E7E48807881420D9D079E00D359
:10201000DDE00A994C68A15A002900D1D7E083423B
:102020000B9806D0A0188089002801D0162000E067
:1020300018206F880C92A618B2680993B388758827
:1020400000950190384614F06DFF099B0746002863
:1020500004D0162F00D0B4E00020B0600C9A0C32EF
:102060005B1CCEE70A984668B268B3880D9D3FE0D6
:102070000E27079E1CE070890EA908800D9D2CE09C
:102080000E275FE02D7900240094019514F04AFF9B
:10209000162819D0074600280D9D07D1687C002816
:1020A00000D1A1E001200C90274606E0002F09D0C6
:1020B00028890EA9088001200C90687C002845D052
:1020C000002743E00027F6E70C9427460D9DF4E730
:1020D0000D9D28890EA908801127079E01200C90CC
:1020E00034E00B9AB260099BB3800D9D688808901C
:1020F000318870881824009001949BB2089814F0DD
:1021000011FF002808D00746162811D10020B06022
:102110000A981DF0D1FB3FE00A981DF0CDFB079E09
:10212000688826F0A5FC01210C91002826D133E017
:1021300030880EA9088049E080780020FFFF000069
:102140000C97112730880EA90880079E002F13D006
:10215000162F11D0687814280ED0287927490875D1
:102160000E98C8820F766888314625F019FD002840
:1021700002D00120059001E0162F0DD16888059945
:10218000CDB22946324614F06DFB002803D030460C
:10219000294626F0BDFC0D9D28461FF0E3FA0C9859
:1021A0000028069C04D028460830297926F0B0FC87
:1021B000284624F0EFFD0120C0078443204611B0DB
:1021C000F0BD0C98205A0EA908800D9D079E0A9814
:1021D0001DF072FB01200C90162FDDD0002F9FD038
:1021E000B4E7162700207AE7688826F049FC012129
:1021F0000C91002800D157E71627A7E7787900202F
:1022000080780020F0B591B0044680780025102831
:1022100000D99CE34000C046784480884000874451
:102220001000960396039603960356003A00960311
:10223000960320015000E500FC0096036E01370173
:1022400070036078002800D081E326F08FFF0790AC
:1022500027F07CF8089023F015FB0BAC20700226C9
:10226000102730463946079AB04B98470320394625
:10227000089AAE4FB847042001212246B84720787B
:102280003043032800D062E3012017F0C7FD024667
:1022900006200146F9E0A0881FF064FC27F02EFA22
:1022A000002800D053E3A24CA07B012800D05FE1BE
:1022B00024F042F80021A173606A627D26F05AFB87
:1022C0005DE16078002800D140E10025FDE2607802
:1022D000FC2802D0002800D039E30126E178201D37
:1022E00062890892277B00250095314009AA2B4678
:1022F00026F035FE00286DD109A8007824F012FAE6
:1023000004463E46083E701E86418948C07D8000D6
:1023100027F06CFC0790002800D177E109A806900F
:1023200001788348C078801E42424241009208985A
:10233000059422463B4619F0FDFD0BAC0027142204
:102340002046394626F016FB0698007806210691AD
:10235000484324301021224625F060FA002818D185
:102360000BA8FF21102224F0ABFE002811D109A8F0
:1023700001780698484325300BAC224610320421E0
:1023800025F04CFA012105980140089822461CF0DE
:102390006DFB09A800785321890040186449C97D64
:1023A0008900079A25F03AFA002800D16DE16048CB
:1023B000007E002807D10598800704D55D48017884
:1023C00008981DF01DFE09A800781AF025F8079856
:1023D00027F014FC002E00D1B9E25548C07802283D
:1023E00000D0B4E2089827F041FAB0E2012526F0C7
:1023F00087FB002800D1AAE24D48C06A002800D11E
:10240000A1E00668002E00D19DE0E01C6189227BDE
:10241000637B24690094B04799E2A588277B28460E
:102420001EF0F2FD002800D190E2044626F068FB81
:10243000002800D08AE2A01D6179002300930126C4
:1024400031400BAA26F08BFD002800D1E2E038488D
:10245000C078002800D074E20521284624F0A9FDA8
:1024600074E2201DE17800230093012529400BAA86
:1024700026F075FD002800D069E20BA8017806203F
:10248000484325300C340421224625F011FE5EE23B
:10249000274FF86A002806D04368002B03D0A08895
:1024A00000210A469847F978A088002953D01EF0E9
:1024B000ABFD002800D14AE20646A07AC00715D03D
:1024C000B01D727900230093012111401A46089330
:1024D00026F045FD002809D07079022806D3A0898E
:1024E00053218900B431084200D1F0E0F87B022882
:1024F00036D1A07A000733D4A08803212DE060787C
:10250000062800D0B2E0A0881EF07EFD002800D191
:10251000ACE00749897C491E032900D9A6E0C046E2
:102520007944097949008F440799949EB18002004B
:1025300060770020CF6E0020A388417900221846E2
:1025400012F09CFD92E06089012106E0A079C007AD
:102550001BD10025BEE10125052124F02AFDF6E16D
:102560000125A08808347179224612F087FDEEE13A
:10257000E07C002839D012F0E7F80020E074502009
:1025800023F05CFA1CF0DAFBE1E109A8002508263B
:102590002946324626F0EEF9A0881EF035FD0028C7
:1025A0004CD007466069002815D006970790113077
:1025B00000210622089024F083FD002800D1A4E029
:1025C000002706220798394624F07AFD002800D11A
:1025D00083E06761069F78790121014009A8817134
:1025E000B91D062225F034FDB4E0607D0026864248
:1025F000C5D2616A895D012906D1F0B20BF0EAFB10
:10260000606A00218155607D761CF0E7042025F08A
:1026100025F89CE10BA8007824F084F8FF2800D16D
:102620008FE10246780745D4002A43D10BA80178F0
:10263000A37C0096284619F07DFC87E124F0CAFAB5
:10264000002800D196E0CE480078042111F080FAED
:1026500090E0CD4800210A4602F040FEA088052106
:102660001CF032FE02E0A0881FF06AFF0125C54879
:10267000C06A002800D16AE14368002B00D166E1FE
:10268000A08862780221984761E1079C204624F0E7
:10269000B1FABC48C07D874200D388E62188002972
:1026A00005D0A278089824F093FCB648C07D7F1C22
:1026B000241DF0E70C2007400C2F00D13CE1082F2F
:1026C00000D135E1042FB1D1D007AFD139E1A088D5
:1026D000032124F06EFC089D39E105960798007CE3
:1026E0000121014007913E46761C0898067000972C
:1026F00007993A463B4626F032FC002801D13006C5
:10270000F2D13006059E00D163E76269002A069F78
:1027100020D00596107C0121014009A88171089202
:10272000164611360622314625F092FC78790128AA
:1027300005D138460C30B91D062225F089FCB81D9C
:102740000622314625F084FC0898007C02210143D2
:102750007971059EA1793879FD220240480802234B
:102760000340D018090702D4DF21084001E02021EE
:1027700008433871A0794107C90F09AAD3790640E7
:102780001E430E43D6716169002921D00BAE10277C
:1027900030463A4625F05CFC3046394624F02AF9AA
:1027A0007A4800780D277A4E854211D23168C919CE
:1027B0000A460D3A1278FF2A07D00BA8102224F0FF
:1027C000C9FA012805D0714800786D1C1E37EBE767
:1027D000FF2509A881790026009610AA334626F025
:1027E000BEFBFF2D1DD034281BD16648007D01287B
:1027F00062D0002815D1664801681E226A438818F5
:10280000401C895C0025009510AA2B4626F0A7FBEA
:10281000002806D110A800780BF0DCFA002800D1BF
:1028200098E009A88179009610AA334626F097FB14
:10283000002804D01FF056F910A908701DE0616946
:1028400010A80078002918D0062343432333102111
:102850000BAA184624F0E2FF00280CD10BA8FF2198
:10286000102224F02DFC002805D109A98A79012025
:10287000104024F07FFD10A800784249497D88422D
:1028800018D2A26825460C352ACD0F690095019112
:102890000297039609A90AF0DDFB0546A08816F009
:1028A00077F8002D38D010A800780BF093FA1CF0C0
:1028B00045FA06E0152504E0A08805211CF004FD7A
:1028C0000125A0881FF04EF960780B2802D1A0885E
:1028D0001FF036FE2B4EF06A002812D04368002B02
:1028E0000FD0A0886278012198476078002808D12D
:1028F000A079C00705D0F06A4368A08803212A4662
:102900009847012524F066F9002820D01C4800785B
:10291000042111F01DF91AE01A48817DA0880029D0
:1029200002D01FF01FF901E01DF016FE3546CBE77F
:102930000920024205D079E6D00702D0100700D561
:1029400074E661790022284612F098FB012528469A
:1029500011B0F0BD1CF0F2F91FF0C4F810A9087016
:10296000A1680891E1682369626900292F4600D0B7
:102970000F69009201910297039509A9089A8AE7C5
:10298000CF6E0020607700200904000058700020FE
:1029900004700020F0B595B00F460978062600298E
:1029A00002D17C78012C02D1304615B0F0BD0692E0
:1029B000BD781D2D01D01B2D1CD132490978FF296E
:1029C000F2D000261D2D079070D122F083FF002841
:1029D0006CD00546827A002A67D050B200260028C3
:1029E000E2D41D21079824F025F9A87A802101431B
:1029F000A972D9E7079022F06DFF0024002800D1CA
:102A0000BCE2012D06D10546B868B98809AA24F0B0
:102A1000C1FA0BE0817804268D42C5D14368002BB2
:102A2000C2D00546B868B98809AA98470646002862
:102A3000BAD12E46A878401FC1B2C2014908511828
:102A4000C9B2092900D9A3E001252A468A405723A3
:102A50001A4200D196E0BF78E8410928059500D9CF
:102A60005EE2059D4000C04678448088400087446F
:102A70000B001A0198005702390157025101570201
:102A80005702E100407E0020052F00D026E126F00D
:102A900047FD09A98A780A980988012A00D0EAE145
:102AA00089004018011FC01EEBE12E460596BA684A
:102AB000BB8809A8009000252846214622F0B2FCD8
:102AC00006460028079A00D06EE70FA8FF21017084
:102AD00008A80570F54E706800280AD00368002B1E
:102AE00007D008A914460FAA204698472246002876
:102AF0001CD03078BB7809A90091002411462246E9
:102B00001BF082FB0646002800D04DE70A980028FB
:102B100001D0069804700599002900D12EE2B878FA
:102B20001D2800D02AE21D20887227E20FA8017814
:102B300008A80278204618F0A9FC22460028D8D020
:102B40000A98002802D001200699087005990029EA
:102B500008D0B8781D2805D11D208872104621F0B4
:102B600095FD2246706800280AD04468002C07D0E2
:102B70001046164625F03CFA012801D13046A04700
:102B80002E4611E7092903D13169002900D062E7F7
:102B90003546707AC6490978884200D0DEE00026C2
:102BA000F1E0092F00D000E109A801884A1E408801
:102BB00042432423F55C6D1CF5540A9B92B29D1888
:102BC0009A5C6B781B029A180292327B012A00D021
:102BD0004FE10197414309AA0027178089B2039169
:102BE0000496354613353946CEB203998E4200D34A
:102BF0003DE10499897C0A9A9219521D401F83B2C3
:102C000028461CF07BFA002810D0B8B2864206D0C5
:102C10000A990818891909AA528825F019FA09A9E8
:102C20004888C719099A521C0A8001E009A84088FF
:102C30003118D9E7307B012800D0C2E0172F00D02F
:102C4000E7E03069717D0C256943425A09AB1B8866
:102C50009A4200D0DDE04018418809AA528891428A
:102C600000D0D6E0828809A989888A4200D0D0E0C5
:102C700080680B9924F06EF8002800D1C9E0019714
:102C8000707D411CC8B271753746317D884200D3D2
:102C90007EE1396945434E193888495B7288B388AB
:102CA000B5680095AAE0072F18D126F039FC0A98DC
:102CB00009A9098889004018011F0978C01E0078F9
:102CC00000024018F189884200D31AE131460C31E4
:102CD000401CB08130881AF0F5FEE0E009A80079C8
:102CE0000A28A4E00D2F00D09EE026F019FC09A8C8
:102CF0000588308823F0CEFD401EA84200DD00E1AB
:102D000031460C310998F2891018F081308824F08E
:102D10008FFFC4E0112F00D092E00998401E09A94E
:102D2000498841432420325C521C32540A9889B2AB
:102D300040188178C07800024018002599498842DF
:102D400000D1F3E0411CB181F189814200D8EDE06E
:102D500031460C31308823F043F8A0E0BB7809A954
:102D600000910024079922461BF04EFA06460028DF
:102D700009D1B97809A81EF003F90028264602D027
:102D80000026069806702946A8780328079808D1D7
:102D9000898909AA1288914200D311461CF02CFBA4
:102DA0002946084615F0E3FFFEE509A80079062844
:102DB00001D00A287ED12420305C00283ED1012099
:102DC0007BE0172F25D1308823F064FD401FB18BA5
:102DD0000A18B283718A511A8BB2B18A8B4200D31E
:102DE00091E00197CD1A854200DB05463088318A93
:102DF0003746B669F3180093ABB292B21BF0A1FC50
:102E0000002800D1BCE00FA8002101703E46019FC0
:102E100002E00FA80021017030880FA924F0CCFE39
:102E2000012F17D101201EE009A800790728059D70
:102E300076D12420305C0028059D71D0002556E015
:102E400009A800790A28059D6AD12420305C4542F2
:102E500045414CE0307A51491AF024F81920B070FD
:102E60004F48706016200125012859D084E0049E47
:102E7000019F029925E012224A4380180146123927
:102E800011380978007800024018F189884238D258
:102E900031460C31401CB081308824F099FE307AE4
:102EA0003E4919F0FFFF162540E0C046407E002055
:102EB0003E7000202420305C401C2421705409A85E
:102EC0004188481E00250A46374988420FD8308A73
:102ED00082420CD2521CF281317B012916D10FA9FA
:102EE0000A804880314888802820887110E0012FAE
:102EF00016D1002D14D109A800790A2801D1012585
:102F00002DE0002512E00FA8012184E731460E31A3
:102F1000308822F077FF307A204919F0C3FF162558
:102F200009A8092F02D10088002813D0707A09A9B6
:102F30000091002207993B461BF066F9002802D059
:102F40000120059006E009A839461EF019F8414213
:102F500041410591162D0ED0002D059D07D1707AA7
:102F6000B378002100911A2207991BF04DF93046E1
:102F700015F0FDFE00E0059D06980570264613E558
:102F80003E46387A054919F08DFF1620019F6AE701
:102F90003E46B87D0FA9087039E7C046307500007D
:102FA000D5960200FFFF0000FDFF000002030000B5
:102FB000F0B593B0002800D12BE204461B2000019D
:102FC00020180D905B20800020180E90FF200146F5
:102FD000663163182321C90061180A910146063140
:102FE00061180B912146F0310F91214684311091E7
:102FF00026467736214676311191214667310C916C
:103000000E3020180490581C03902046E0300790A2
:103010002046A43006902046D03005902046B4309B
:1030200009902046BC3008901F4F1293B07A0025BB
:10303000002800D155E2317808462D380D2800D8F7
:10304000ECE1881E282846D84000C0467844808895
:1030500040008744F00149002B00E000B300FC0071
:1030600049008000490003012F017B009B001001F3
:10307000720041015B014900620049004E008E0070
:103080004900490049004900EC0149004900490054
:10309000490049004900E801E801E8014900490008
:1030A00049004900EC01C0463C6D002026F0C6FCFA
:1030B00000D0ECE1F87A002800D1C4E100200C999E
:1030C0004871F12126F0BAFDA0790999089A1DF0FE
:1030D0006FF8129BAAE7F22900D11DE1F12900D176
:1030E000FFE1F32900D1E4E1002024F0B7FA129BBC
:1030F0009CE726F0A3FC00D0ADE10D9A107B4106C1
:1031000040D4C10700D079E1810700D400E2BC219E
:1031100008401073A1791A2076E126F08FFC00D0C8
:103120009BE10D9A1078810600D523E1810700D438
:1031300089E1DD21084010702EE126F07FFC00D0EF
:10314000A9E11879012800D19DE038E126F076FC4C
:1031500000D1C5E085E126F071FC00D099E1F87A54
:10316000002800D16FE1608CE08302200F99087580
:1031700029E126F063FC00D08FE10D9A107B410617
:1031800000D460E1BF21084010731CE126F056FC1A
:1031900000D06AE1F87A002800D014E10F9F387D52
:1031A000032800D0AAE1A1791A20049A1AF0A0F904
:1031B00000203875204619F0BFF945E026F03EFCA6
:1031C00000D062E1F87A002800D13CE1608CE08315
:1031D000204619F0B1F901250C9F3D7020461BF0E7
:1031E00002FB7D710F9D297B0B9802781020104007
:1031F000012900D0ECE0002808D0002012990870C6
:1032000048780A99896C490819F04CFEA079002188
:1032100020F04AFAEBE026F011FC00D083E0F87AC7
:1032200000280F9F09D0012110988175A0790A46C6
:1032300026F077FD00207860B860B87B012800D0C8
:1032400001E1062126F0FAFC129BC14FEEE60721B0
:1032500026F02EFE012800D1B5E042E126F0EEFB7B
:1032600074D10F98C07B012800D0ECE0F12126F04A
:10327000E5FC129BDAE626F0E1FB00D003E11879C9
:10328000012800D08CE00E98007E0F2803D000208B
:1032900024F0E4F9129B002018710E98407EA17969
:1032A000109DAA895208EB892D8A2D0900951CF0E2
:1032B00013FF88E026F0C2FB00D0DFE00B99087C0A
:1032C000012800D0EBE0487C01287CD125F065FE88
:1032D00000201EF022F976E026F0B0FB00D0BEE020
:1032E000F87A002810D0002210988275A079012762
:1032F000394626F016FD02960C9E377020461BF0CC
:1033000072FA7771924F029EB87A5AE026F096FBD5
:1033100000D0A8E0F87A54E01098817826F08EFC6E
:10332000012011990FE00F990878012800D1DBE006
:103330004878002800D1D4E007980699059A1BF038
:103340005DFC01200F990870129B6FE60B2126F09F
:10335000AFFD012800D0C4E000220F98C27310987E
:103360008275A0790125294626F0DBFC11980570AD
:10337000129B5BE6DF210140117001070CD5D721BC
:1033800008400D990870A0790E9D298EAA8E6B8E2B
:10339000ED8E00951CF0E8FE00200E99887712E073
:1033A000D87801280BD10020D870A179109DA88968
:1033B0004208EB89288A000900901A2077E71098C4
:1033C000007900283FD0204619F0B6F8129B2DE670
:1033D000002807D00A98806C42085E482146039B6B
:1033E00025F0FCFFA0790021012220F043F9584F7D
:1033F000002028732874E881129B17E6BE2108403C
:1034000010730E98407EA1790022134616F0AEFD8F
:10341000D9E7002024F022F9012562E0204626F0B9
:10342000CCFC05465DE0204626F09BFCF9E72046F3
:1034300026F08BFCF5E726F001FB4DD1B87A002889
:1034400001D0162103E025F00BFF4AD122212046AE
:1034500022F0B8FAE0E716213FE014213DE0112107
:103460003BE00D2139E0122137E00E2126F020FD4E
:103470001199087001200F99087532E001200B990D
:1034800088740C2129E00F2127E0062125E0042182
:1034900023E0092121E010211FE017211DE025F084
:1034A000DFFE1ED125F079FD222528461EF035F8D5
:1034B00038E01098817808460C38082842D8C04671
:1034C0007844007940008744043D04303D3D3D3D53
:1034D000040026F0B3FB0FE0022126F0E9FC11996D
:1034E0000870284613B0F0BD052126F0E1FC012844
:1034F000F7D100250F9885730120F0E725F0B0FE85
:10350000EFD1A17922252846049A19F0F1FF09E0AC
:1035100025F0A6FEE5D1A1792225002228461346F2
:1035200016F024FD2046294692E7F12126F086FB7D
:10353000A0790E9C21886288A388E488009417F003
:1035400039FECEE70025284624F088F8C9E7C046B2
:103550003C6D002051780100F0B5A5B01390F448FF
:103560004068002803D08047002800D144E20321AE
:10357000F04BF1480078441E139A002A0E9422461C
:1035800000D001220904159159780F91997816916C
:10359000DA731F46183700252C4685421FD216982D
:1035A000A84217D0002117AA04262846334624F043
:1035B00017FC17981599084200D0641C3043C0B21C
:1035C0007C2806D10621F8262846324624F014FC31
:1035D0003E70D84B6D1CD84800780C37DDE7E1B25F
:1035E000401E884204D15879002801D1002004E20D
:1035F00001200590C2021398002800D110201399D1
:10360000511A06911292101A089000200B900990FE
:103610000F9D0E9C0B99200400D1CFE11491D87B13
:10362000002801D10120D873EEB2002717AA042385
:103630003046394624F0D4FB17981399002913D04B
:103640001599084213D0701CFB4909781EF0EAFB5B
:103650000D46F84B129818825973D87B401ED873C8
:10366000641E1499491CD6E70A970F9D02E00E9438
:1036700014990A912C46C0B2702803D0E0B2702190
:1036800020F07AF81698C7B2002517AE0423384602
:103690002946324624F0A4FB3078FE2803D0FE21D0
:1036A000384620F069F80621FE263846324624F0D6
:1036B000A3FB0C22104678431197DE4F3946163192
:1036C00008180D90867016983873129838827C739B
:1036D000E3B216931492104658430818C6887E82A7
:1036E000FF20B873BD827D208100D548079124F06A
:1036F000C0F9CF480570F87BD049169A51180818C0
:10370000CD49097800B216911AF088FA23463A4654
:10371000119F10910D98C0880C902946DCB2BC42D4
:1037200000D1BBE0E80700D0CDE0B7B2162F00D83B
:103730009BE0BF480078002800D057E716910F9310
:10374000F01F049081B218AD20462A4617F040F9C8
:10375000E98908461030B8420DD8A87A96280AD1CF
:103760000498451A18A8427AA8B20491234619F081
:103770007EFC002828D0751EAE4A119FAEB2162ED0
:103780000F9B00D818E1362E00D33626163EAD1B0F
:10379000B3B2A9B21DAA204624F022FB300408D0FF
:1037A000B0B21DA90818401E0078962803D0761ED6
:1037B000F4E7A04AE2E7761900259E4A0F9B169986
:1037C0009D4800781690A9E7029518A8C07A0025B0
:1037D000C107984A119F04D180070F9B03D4029E12
:1037E000EDE7029EEAE70498C11D0C9880B20491AF
:1037F00089B2091812980191814201D9059DDEE72D
:103800008B480078029F049E310420D000281ED1EE
:103810000496B6B20798864200D3079EB9B22046F6
:103820000397874A334624F0DBFA0C9FB9B211980C
:10383000834A33461FF05CFB7D490870BF190C9723
:10384000039FBF1904998E1B7A4A0F9BDCE71699D8
:10385000491C1298019C844203D1029E0C90059D44
:1038600001E0029E0C94119FAAE7002903D014984E
:103870006043101886831098C0B28442119F29D0EB
:10388000601C169989B21EF0CDFA6A4A0B460846AA
:10389000149948431018868B00253EE76448007849
:1038A000002800D0A2E6169A11B264481018001938
:1038B00000B21AF0B3F95F4A0B46C8B214994843F4
:1038C0001018868B0CE0002905D014984443101979
:1038D000868300E0109B56480078002800D085E6DB
:1038E0000C991182968293730D98C180517B12209E
:1038F000125E01243846234621F024FF4D48817B87
:1039000014204C4A125E0223384621F01BFF49481E
:10391000008A1399002905D0069981420A9E02DB8C
:10392000099400E00A9E0899814207DB7C2106E0A9
:10393000D8780020246700202D7000207821384698
:103940001FF01AFF0CF098FF05463846394FF97BF7
:10395000491BF9730621FC24224624F04DFA0D98E8
:103960008470B878B1B26918081833490E783146B6
:103970001EF058FAB9701691481CC0B231461EF0BC
:1039800051FA7970B97B149848433818808B102805
:1039900005D1481C31461EF045FA264B00E03B4657
:1039A0000F910E98401B0E901399481E8141099863
:1039B0000140012902D02BE610268CE77C2020F064
:1039C000E7FBFF2804D17E2020F0E2FBFF2817D080
:1039D0000446184AD470E0B20C2141435018808B41
:1039E000D0809078FE2114461FF0C6FE0020607142
:1039F000208A1299081A00E00B2000B225B0F0BD11
:103A00000C494C780C2060430818807DFF2809D0B1
:103A10008878094909784018401E1AF0FFF8054ACD
:103A20000C46D7E77E2120461FF0A6FED1E7C04610
:103A3000D8780020246700202D700020FFFF0000B0
:103A400054550020F0B59BB00446E74D2878E74F69
:103A50003870032800D017E10020287038700FA8B4
:103A600025F0CEFC002800D00CE101200E900F9034
:103A7000384624300FA91DF0F9FB002800D001E1E1
:103A80000E98C0020D90DA4E5E21304623F0F1FF11
:103A90000C360A21FF2230460C9223F0E3FF21F07E
:103AA0009FF80026304621461CF07EFCB86039465F
:103AB0000C3125F02BFD3C697F69204639461EF00C
:103AC000B1F9C1B2062900D30621C9480170C9481D
:103AD00001700D988742FE4F00D0D3E0C8028442A7
:103AE00000D2CFE0B868002800D1CBE0F94A567187
:103AF0000C9BD3700E98C002D08007960A96089649
:103B00000696059609960B96029303930493CCB2FE
:103B1000A64200D3BAE000241AAA04233046214664
:103B200024F05EF919AA30462146ED4DA847012739
:103B300018AA30463946A847022117AA3046A84796
:103B40001A99C8B20246703A0E2A04D83B469340EE
:103B5000E44A134203D10246FE3A022A03D28A0CF7
:103B6000E14B9A421DD0304610F020FAD849087037
:103B7000002800D08DE100251AAA042330462946EA
:103B800024F02EF919AA30462946D54DA84701211F
:103B900018AA3046A847022117AA3046A8471A9902
:103BA000C8B20C227243CB4B9D18163528700A0AF6
:103BB0006A708903890FE97019A98978A970FD28AD
:103BC00001D9102122E019A90988C84A91421DD1C2
:103BD00012940D9C241FA1B212AA0423304624F093
:103BE000FFF81298411C03D12146C14A1140F1D17E
:103BF0003946FAB2042A06D8C243120600D0394622
:103C0000000A7F1CF5E7C8B201192878E98018A9D5
:103C1000897829711899298117A989786971179963
:103C20006981702826D07828A94F1FD07C280AD017
:103C30007E2812D0FE280BD0FF2813D10798401CF5
:103C4000079004961AE00698401C0690039615E02B
:103C50000A98401C0A900C9610E00898401C0890A6
:103C600002960BE00B98401C0B9007E00598401C57
:103C7000059003E00998401C0990954F761C9648E2
:103C8000017844E7012028701BB0F0BD0B980006B6
:103C90000BD10A98C0B2012807D80998C0B20128F0
:103CA00003D80898C0B2012810D98C4804220270A9
:103CB0000024CAB2E0B290420FD210F077F93978FE
:103CC00001433970641C84480178F2E70798C0B258
:103CD000A04212D181480022027000207D4C607009
:103CE000491EA170E070A18BE1807E211FF044FD90
:103CF000A078FE211FF040FDCCE00998000622D0FC
:103D00000A98000604D10798000604980C9073D016
:103D10007248022101706F4D0C9EAE70701C80B213
:103D200021461EF07FF86970F4B2204610F03EF98B
:103D30003870FE2120461FF01FFD0E98687100208C
:103D4000FFF70AFCA6E00A9800061ED00C98049023
:103D500062480E9A02705F4C0498A070401C80B2BA
:103D6000C9B21EF05FF86170039880B2FF2821D1BC
:103D70000298FF2800D084E0564AD17088B20C2106
:103D800041435018808BD08083E00698059A1043F9
:103D900000064F4F89D021F0C1FCA04230D30798D4
:103DA000000679D04B488078FE211FF0E5FC4A4898
:103DB0000178CDE7474A0399D1700C21414350184F
:103DC000808BD080182864D3C11F0398C0B289B2F9
:103DD00012AC224616F0FCFDE07A400760D40020C9
:103DE000FFF7BAFB55E0C046A37C0020D87800203E
:103DF000246700202D70002021F090FCA0424BD2BF
:103E000036480321017021F089FC0446314E30739D
:103E10000C25284660433018817E7173C07EB073D4
:103E20000CF02AFD00192C490C7821461DF0FAFFF0
:103E3000B170481CC0B221461DF0F4FF71707C20A7
:103E400020F0A6F9FF2810D17E2020F0A1F9FF284C
:103E50000BD1FF2020F09CF9FF2806D1782020F01C
:103E600097F9FF2801D11B4840781A49C870C0B2A1
:103E700045434819808BC8808878FE211FF07CFC60
:103E800007E01449029ACA700C2050430818808B2E
:103E9000C8800F4F3878F7E6104806210170FEE71A
:103EA0000C49C878C98812ACE289891AC91F002256
:103EB000009289B20323224607F060FE0028E8D171
:103EC000A1890029E5D012A8007C1DF02BFDE0E7B8
:103ED000D8780020246700202D7000203970002041
:103EE000D18B02000151000083250000FFFF00007C
:103EF000FCFF0000F0B587B016460546041D5004CF
:103F00000595029440D40191C805C00E00D189E006
:103F10000520800331468143039100200690824CA6
:103F200082480068042800D288E00496002020F02F
:103F3000FFF880B2451D2F467D480740606939462D
:103F40001CF0DAFF06466069864204D00820069914
:103F5000014306916661002E69D0A908F0893546B3
:103F6000103528181AF02AF8F0892918E279CA7051
:103F7000C019F0810420069901430691059D686BE4
:103F800025F0A6FF039ECBE704962E463036F94C6B
:103F900022F0A0F8039025F052FB6F6B7969B869A5
:103FA000009121600002F5490860F548808DF64CCB
:103FB000E08121F040F9F249888600200190EE4925
:103FC00008830697788AED49888010206071688898
:103FD00021F008FC0446307817F086FD2946822738
:103FE000002822D0054608463130007829461EF0C8
:103FF0002BFF002800D0AFE0032C00D0ABE00698E8
:10400000007C41424141284603F08CF820F048F8FA
:10401000D948019AC286B056C1B2402900D2CDE03B
:104020001146CDE00020069011E00D4695E0852078
:104030006071D84801210160059D049EA079002887
:1040400004D0A86BD149C96817F080FD029C019883
:10405000800431D50496CC4E7089CF494968411A05
:104060004220375A0391B94225D24420345A686B12
:1040700022F078F8002810D0022101728189B26BF9
:10408000904202D10020B063F063481DC34908404C
:104090003F1A641E0398B842E9D3039887420DD1B2
:1040A000002C0BD4383603987081B4811020069907
:1040B0000143029C09E0049E06990AE08420707185
:1040C000B44801210160029C0699B448001D049E79
:1040D00006437006C70F0F430120C503681C0199F2
:1040E00001422FD0032000BF00BFA448808805995B
:1040F000496B48820224A448407910281CD10198B9
:1041000028409F48008815D1411E062900D997E014
:104110001320C0467944097949008F440D039391D7
:1041200091959700142007E060660020CC110840AC
:10413000FCFF01001FF0CCF92743029C217800020C
:1041400008182080B807059D14D5A86B8F49C96849
:1041500017F0FCFC0EE02746059D049EF8B20F28E0
:1041600001D8002000E00120029C21783A02891841
:10417000218047006078000203210902884212D1A1
:10418000F00305D5686B25F0A3FE012000048643EB
:104190008248001D064206D0686B7B4A38320023F5
:1041A000D9430AF003FFB80705D520F0ABFC24F093
:1041B000FFF923F061FA384607B0F0BD4022114301
:1041C0007F240028059D049E01D4084600E020407D
:1041D0006B4948866C490979002904D0000600998A
:1041E000484068490860FF2064498882284603994E
:1041F00019F062FF07460F28B0D8A86B00250028E9
:1042000029465D4B45D06149C96819621C8200216D
:10421000417084700278D2071CD1584AD186118728
:1042200051879187D187198059809980D9801981C8
:1042300059819981D98101758160C160016124E052
:10424000102079E7152077E7412075E7022015F067
:1042500061F871E7017A494AD186417A1187817AFA
:104260005187C17A9187017BD187417B1980817BFE
:104270005980C17B9980017CD980417C1981817CE6
:104280005981C17C9981017DD98100780221014049
:1042900049083D488171029800780128284604D1D8
:1042A0003A48C0680599096A081A019021F076FB1E
:1042B00020F03EFC344F38817D610598406B25F03D
:1042C00007FE012622F0C6FB78810698017C0029B2
:1042D0002B4604D0428A182111404B424B413704EF
:1042E000294C22463832A563E563167255819581C3
:1042F000022103920AF05AFEA2792148808D2449B6
:10430000002A02D08031084602E04007400E4840B3
:10431000059D0499B943049124F002FD0698007CA0
:10432000002806D0698E01984018002804DC132765
:1043300003E0042410490DE00327049E002902D065
:10434000012800DA0AE7002900D108460A49488214
:10435000032400260E8724F013FC022000BF00BFB8
:104360000C4804600023D9430698039A0AF01EFE05
:104370000327F2E6401408407C2009403C20094015
:10438000062009404014084060660020806B002031
:1043900071A1000030100840CC110840FCFF010062
:1043A000F0B595B024F024FFFF2800D1F0E10446D9
:1043B000F848456824F01CFF7B22910041436818AF
:1043C00071218900405CC00700D0E1E10B92E0B2AE
:1043D00025F094FA06460746FF202030315C01297B
:1043E00003D1301841783846D0E10F204001301811
:1043F0000F90DB204000301812909F243546763510
:1044000025F0B7FDA87C022814D10F9880880007FA
:104410000ED5B979788E4208BB8EF88E00090090CF
:1044200000201BF059FE0F9A908818218843908035
:104430000020A87403954B219122600033469633E7
:104440000D93129B1B78022B02D10023129C237028
:1044500089005500341830462E3005900D980078AC
:1044600002280BD1002014910D990870B8793146BB
:104470006231059A127B1DF0F5F91499139777189C
:104480000A9670190C90218B002902D0A07D0FF0A4
:104490005FFB0720049025F06DFD139A5089108171
:1044A000BD4E717C707B11904318F07B14901818EE
:1044B000B37BC018357C089540191090B748056843
:1044C00092793C2007900292504328183025405D95
:1044D0000690B88809914018B880F07CFD882818AB
:1044E000F880307D3D89281838817889119A8018A4
:1044F0007881B8890E93C018089BB881F8891499FF
:104500004018F881388AC0183882B07C258828186D
:104510002080707A658828186080F07AA58828182D
:10452000A080B07AE5882818E080307B658928185B
:104530006081307AA5892818A0810C9A9088401C47
:10454000908010881099401810805088119C001994
:1045500050803D68002D10D02146069840002A1852
:104560002B5A109C1B192B524A20135A59181152BE
:10457000B07B0E90F07B1490337C099800280A9D44
:1045800027D10E98002824D11498002821D1002B7F
:104590001FD10020139CE0830F9E3068B188049ADD
:1045A00011400127FA070240501803D00021029859
:1045B0001BF066FA784B587B00281BD0207C002823
:1045C00001D0E089A081207F012830D1608CE08378
:1045D0002DE00027129807840F9E3068C10F139CAE
:1045E00047D0B1884A07920F3AD0002102981BF0B9
:1045F00047FA3EE00C99C888401CC880207C0227FE
:10460000002814D06069400005990978644A4A433B
:1046100080180B9909014018149060490968A27923
:104620003846079F7A430746891814984886208998
:10463000A189884204D0401A25D95A49884222DCEF
:10464000B088800606D40C980088002800D19BE032
:1046500008219AE0A0793E2125F0BFFBFD2194E0DE
:10466000CAB2521C03231340049A91435918306074
:10467000B1802089E1890818A081207F0128464B5C
:1046800001D1608CE0832B20C0002918587A0028C3
:104690000FD00120207703980078002809D10398D3
:1046A000807C002805D10D980078002801D1608C0D
:1046B000E083087900280BD0022804D1987B0028D9
:1046C00001D1002003E0187D002801D002200871EC
:1046D000587800280FD058682168C8602F480168B2
:1046E000A079079A4243891800224A86B18801229C
:1046F00012020A4311E029480268A079079B43434C
:10470000D218538E0B60244B116A2268D1600021AD
:10471000E1832177B188244A0A40B28074359978C0
:104720007F2900D181212970812901D025F021FB29
:10473000204625F01FF901282AD0002520462946C9
:1047400022F067F8204629461BF037FB25F046FA91
:1047500025F02FFB204625F0FEFB25F00FF913482E
:10476000103016F0AFFA3846109922460DF0DAFEF6
:10477000022F00D0257400F01BFA25F030FB002832
:1047800006D006F073FD03E03E21204621F01AF921
:1047900015B0F0BD346F00203C6D0020D87E0020A5
:1047A000C4090000AA100000FFFE0000E07A00200B
:1047B000F0B591B00646002710970F971E20002EE7
:1047C00000D1DAE10C90356E0FA910AA30460CF03A
:1047D0006DFD072801D10720CFE132462932706EE6
:1047E000132140567F2805D100211046144621F0A0
:1047F0005FFC0AE010700021144623F0C1FAC0B239
:1048000024F07AFE002800D1E2E00D9430465D30BD
:1048100008902846C0300A902846803009902846E3
:1048200065300B902C463034291DD5482860069100
:104830008F700F80EF71D348A86028460C30242178
:1048400023F017F907202070601C0F2123F011F9C5
:104850000D98C057394623F093FA6070706E407A15
:104860002070069B188801221043FE210491884382
:1048700018800592EA7125F0B1F97D2149014018AF
:1048800028620794A7703046294625F0A7F82846E5
:10489000403029466831A863E9632A21009023F05B
:1048A000E8F87F200B994871EF662F676F67286AD9
:1048B0003061B548007808990870B448007800283D
:1048C0000D9A16D0507E04990840022811D1B048A4
:1048D00000680D30144623F097FC2246002808D1CA
:1048E00030463030AA490968C91D062223F0B0FBC2
:1048F0002246507E411E8841079B19463431039160
:104900000E9634240294195DFD220A4040001018CE
:10491000185528465830303606969E4B06243146A8
:1049200022469847099E37709B48F0800895059D60
:10493000358108988C3006992246964B9847F47238
:104940003C20019737540A9E93487080B58008999F
:104950000298079A105C4001402207921040001D07
:10496000B0710D460846C83006992246894B9847D3
:10497000F4710E98807B012801D004282AD1039E6F
:1049800030784001079908400D99897EC901401887
:10499000401C099FB8720C20F8722C4628469230B1
:1049A0000E9D3C3506220792294623F051FB0D98B7
:1049B000807E3178059A1040049A114008183070B2
:1049C00020465E302946079A23F042FB0A9B41E0CD
:1049D0001220D2E027460E9B986E00282C4612D05B
:1049E000C11C0A78497809028A180CD0411D20465A
:1049F00092301E4623F034FC3346B06EC078099ADC
:104A0000D17A0818D072D86E0028019E11D0C11C2E
:104A10000A78497809028A180BD0411D2046CE3009
:104A200023F01EFC0E9BD86EC0780A9AD179081824
:104A3000D071987B0228394600D03146032800D136
:104A400002210A9B099F039800784001079A1040B1
:104A50004018B872214678312546B435F87A801D61
:104A6000B880D879801D18804C488078400606D5DB
:104A7000B87A20221043B87298791043987127466B
:104A80004837384623F018FA3846294623F014FAF6
:104A90002546503521F04CFD0146284623F0DCF92F
:104AA0000E98006FC17800790002411802D03C488E
:104AB000484300E03B48E0623B480026022726616D
:104AC0006761A0610E9B586E807C0B9D2978032244
:104AD0000240FC20084080182870586E807C002816
:104AE00003D12A480078012817D124F03FFE05465B
:104AF00024F040FE014628461FF078F800280C9864
:104B00003BD10B9A10781821014311701F4800788F
:104B100001281FD10098056028E0022020F05AFCEF
:104B2000002824D0044618F017FE00281FD10B9A45
:104B30001078042101431170207961790902081865
:104B4000A1790904E279120651180818001F00998A
:104B500008600CE00E98406E807C049901400229A8
:104B600001D100990D603843032800D165640F9886
:104B7000002801D00D498180304611B0F0BDC046FB
:104B80000110000091000000697F00203C6F0020B0
:104B9000047000205180020003020000DE6D00203E
:104BA000409C000000204E00F9A80100AC0D000060
:104BB000F0B589B024F01CFB0446FF2802D1002088
:104BC00022F04CFDE0B224F099FE04461B200001C7
:104BD000231820560028079306D57F210840187017
:104BE000204613F0E3FB079B2246883221462E31F4
:104BF000A06E00680068002802D00020E08311E069
:104C00004820085C00280DD1107800280AD1907B3C
:104C1000002807D19879002804D1207F012801D1EC
:104C2000608CEBE708920091DD272B20069021890C
:104C3000E08B04914E1C35186581204621F01EFC46
:104C4000002803D1C1480078012803D10020E08367
:104C5000668135467E000698C0000590089F38782A
:104C600001280BD17A88A9B204981FF0C9FB00284B
:104C700004D024F099F92DD07A8821E0B87B01285E
:104C80000BD1208961893A8A1FF0BAFB002804D031
:104C900024F08AF91ED03A8A12E0079B98790128FD
:104CA00018D1208961891A891FF0AAFB079B002867
:104CB00010D062892189481C80B282420AD01A89A8
:104CC000824207D0501E608180B224F0ECFF401E6B
:104CD000E083079BA5190598261898790021029171
:104CE000012814D118892189491C89B288420ED81B
:104CF00020461F4625F099F86A782A700220B8717C
:104D0000089FA17900200292134615F02FF93079FF
:104D1000002804D00020E0832089401C6081039695
:104D200038780128069510D1788821894A1C92B2DA
:104D300090420AD1608124F0B6FF618E4143F88829
:104D40000E18204611F002FB00E0668E0F2125466A
:104D500020357F48E28B0592571C774302467A4301
:104D60002668F068019210180790F06079483822A0
:104D7000825C002A06D0784A5278002A04D077480C
:104D800000220280608A0EE00491744A13885A1C43
:104D900072490A80002B01D0608A03E0408F039A99
:104DA000D288101804997843490104911921090106
:104DB0001DF038F8401C6061A76105992970684BA7
:104DC0001968A2793C256A4389180A6A3261079AF0
:104DD000101A0862B06008798880A08A1A68A679DB
:104DE000294671430792521811463231538E4000C2
:104DF00018185086089A1278022A05D1009A12785B
:104E0000534B5A4310180880049AA3182027524A7B
:104E10005278002A089305D09988394210D131463A
:104E2000079A1DE0029A042A03D1E1221201801898
:104E300008809888384201D000200880069F2BE027
:104E4000002130461E4624F0C8FFB088B843B08029
:104E500043480268A179284648431018408E0E4600
:104E60006943079251180A6A3E4BD2180A622368B6
:104E70009A60019FD21B1A617B22120182184A8616
:104E8000069F3B78042B04D13231572292018218BD
:104E90000A8090B203990860618E3348027C437C9B
:104EA0001B029A18837C1B04C07C0006C018801863
:104EB0000068484364211CF0B5FF25494143294857
:104EC000401890306E4307998919C862FF20063058
:104ED00020180421062222F036FD00280CD024F0F0
:104EE0009FF941B21E4E3268A3796B43D318491023
:104EF00001220240184609E0194E3068A179694341
:104F00004018089989680922895600221DF064FF1B
:104F10003978002903D1002022F0A0FB3978A0794C
:104F20003A7915F08BFD204625F046F83068A179D6
:104F30004D434019216848600C4807210170204604
:104F400016F00CFB002009B0F0BDC0465B700020DD
:104F5000C4090000C47900203C6D0020347F00208B
:104F6000D87E0020C0FAFFFFC0D802004C7000209D
:104F7000F0B58BB00446016CC26A1DF085FEE16F8E
:104F80004A1C904201D9352591E1002813D0206CAC
:104F90008A0087180837891C384624F04BF8A16826
:104FA000384623F01BF9002807D0E66F711C8842B1
:104FB00005D9C6257BE1532579E16C2577E1237876
:104FC0006625022B00D272E1052B00D96FE1089013
:104FD000216C0A68981E4342434101252A405A40E9
:104FE00080200A9022500898E06720463A460B46F7
:104FF00013F09CFA20784000001F294681400A984F
:105000002150216C20460A461EF0A4FDE667E16CA3
:1050100020460A952A4623F039F9626EA06EE16CAB
:10502000A36FE56F0095A34DA847A26EE06E24F034
:10503000CCFAA06EE26E24F0C8FA216F226B2046F3
:105040001DF022FEE56FA84201D93C252FE1002882
:105050000ED0606CE26E216F24F008FE216F626B4F
:1050600020461DF011FEE56FA84203D965251EE11B
:10507000C3251CE1074600280ED0A06C216FA26E4C
:1050800024F0F4FDE16EE26820461DF0FDFDE56FC1
:10509000AF4203D95C250AE1562508E12646803651
:1050A000A26EE16E206F24F0E1FDE26C206D216FB5
:1050B000A36FE56F009500F085FFE06F421C099635
:1050C0003260656D0026277824F04FFA09DA616CAA
:1050D000284623F0E1FE0998026890002D18761CFE
:1050E000F1E7A56D002624F040FA06DAA16C284607
:1050F00023F0D2FE23F066FFF5E7E56D002624F0ED
:1051000034FA06DAE16C284623F0C6FE23F05AFF93
:10511000F5E7216C08688007C20F089840010290EB
:10512000401C0190002507952B460A9E0298864256
:10513000E8B26AD80490069308920198801BB8429E
:1051400000D33846099A1060204632461CF0DCFF36
:105150004119C8B27B1E01252A469A409042059506
:1051600000DA00252B46BB4090420A9600DB4842FD
:105170001818089A5049895C9600504A9219079F5E
:105180007B00D218525D920051180006800D001F5E
:1051900004229043081809990860204600F0F0FBAB
:1051A0006800474989190918049A895C039145499F
:1051B00089190818C75D079720780490811E424816
:1051C0008019405C0A9E36181420089A50433F4AC2
:1051D0001218052041435118069D4D5D216C72093E
:1051E00092008A581F233340DA40059B1A40039FE0
:1051F0007A4042430A20089B5843354B18188018C0
:10520000425D2B463D46049F90E7012810D1079848
:105210008000C01C099E30602E4D2046A84701200A
:1052200030602046A847022030602046A8472778F3
:105230009925032F3BD30020C0430890B91E0120BD
:105240000A908840FE30099EC7B20A983060002F4D
:1052500011D07A1C2046394605F0C0F80A98306013
:105260002078801E08998140C94320463A4605F0BF
:10527000B5F8781EE8E72078801E089F39468140FF
:10528000CA43002107912046134B98470A98306083
:105290002078801E8740FA432046079F39460E4BF0
:1052A00098470A9A3260204639460B4B9847284661
:1052B0000BB0F0BDC55F00002CE002006CDA02000C
:1052C0003CDA020084DA020054DA0200C0C90200AB
:1052D000F4D1020081590000DDA300007FB515461E
:1052E000D14A82181D2A00D934E152007A449288AA
:1052F000520097441D002F01C5005000BA00600005
:105300009A00DE002F01E4002F012F012301150177
:105310002F014500A50078003E00EF000001440188
:1053200039012F0128002F018E004D0133006A0042
:105330001824012900D069E12878022800D965E104
:10534000BA49C87061E11824012900D05EE1002D3E
:1053500000D15BE12878B549087056E1182401298D
:1053600000D053E12878012800D94FE1AF490875F2
:105370004BE1012900D0DFE0287822F0A9FD44E1CB
:105380001824012900D041E12878042800D93DE102
:10539000A649887439E11824012900D036E128781B
:1053A000042800D932E1A1490871032800D02CE17A
:1053B00000244C7178E0102900D0BDE09B485430A7
:1053C0001022294622F044FE1FE11824012900D0B2
:1053D0001CE1002D00D119E12878012800D915E140
:1053E0009249887011E11824012900D00EE1287833
:1053F000022800D90AE1002800D107E18B49C873CF
:10540000022800D00BE110200874012023F0DAFFFD
:10541000FBE0002900D08FE024F070F9002800D1D3
:10542000E0E082480121C174EFE01824012900D096
:10543000ECE02878012800D9E8E07C490872E4E033
:10544000072979D1691C01AE0622304622F018FEE8
:1054500029780024009403AA3046234623F07FFDD8
:10546000002800D1A7E03424D0E01824012900D07E
:10547000CCE02878012800D9C8E06C49C871C4E0A4
:105480001824012900D0C1E02878012800D9BDE006
:105490006649012803D10A79032A00D184E04871C2
:1054A000002800D0B1E000248C71204623F0E8FBF6
:1054B000ACE0012940D128785C494873A5E0002977
:1054C0003AD124F01BF9002800D192E0574801217D
:1054D00081739AE0554E707A1824002800D095E028
:1054E000602978D1002D76D051486022294622F0DB
:1054F000AFFD012074E01824012900D086E028784F
:10550000012800D982E049494872002400287DD052
:105510000120887246484749602222F099FD75E0D3
:10552000012909D141494A7C287848740024002A7D
:105530006CD1012863D069E0182467E018240129A0
:1055400064D13A48C27B2978022A2FD110295DD133
:1055500010212EE002240E2858D8022956D129887D
:105560001CF0E0F8044651E0002401294ED12878CF
:1055700001284BD82D49C87223F07AFB46E0182445
:10558000012943D12878012840D8284908733CE0F4
:10559000182401293AD12878012837D8234901282D
:1055A00030D14A79002A2DD102242FE0CA1F0A2ABD
:1055B0002CD2017429E01D4D287B002804D124F051
:1055C0009DF8002802D0287B012822D103A800786A
:1055D00008F000FC0FE0012918D1002D16D0287822
:1055E000B07212E00FF0B0F80446502020F026FA16
:1055F0000CE020F0A1FE0446502020F01FFA19F024
:105600009DFB03E0887123F03BFB0024204604B09F
:1056100070BD686A03A9097801224254F6E70024A4
:10562000204623F0CFFEF1E700FCFFFF607700206B
:10563000C477002000CB0200F0B58BB00C4623F0FD
:10564000B7FB05462046294624F066FC002D01D014
:105650000020A860012660003CD5B507681C24F036
:10566000DDF902D124F074FCB4432846403024F024
:10567000D5F903D124F068FC40208443284620302B
:1056800024F0CCF903D124F061FC20208443281DB0
:1056900024F0C4F903D124F05FFC04208443A81C47
:1056A00024F0BCF903D124F058FC0220844328469E
:1056B000083024F0B3F903D124F04BFC08208443D4
:1056C0002846103024F0AAF903D124F040FC102021
:1056D0008443AC43E00234D53705B81C24F09EF96E
:1056E00003D123F03CFF02208443781C24F096F978
:1056F00002D123F0F8FCB4433846083024F08EF988
:1057000003D124F09EFA08208443381D24F086F942
:1057100016D1032024F01FFB00280FD0024688304A
:105720001546943501680A91526AC38C018DC06B8D
:105730000091019028460A9922F021FE042084431A
:10574000BC43204624F0F6F8044623F031FB05461E
:10575000200403D524F01AF9F0038443600328D50C
:10576000002D10D02888402819D0310288420DD051
:1057700080281CD177480078082801D024F0A4FBA9
:1057800024F0D4FB13E024F09FFB10E07148007874
:105790000E2801D024F098FB24F0D2FB07E06D48DE
:1057A0000078072801D024F08FFB24F0CFF8B00454
:1057B0008443600103D524F0E1F8B0068443200758
:1057C00003D524F0DAFB08208443E00612D56248B2
:1057D0000890FF2000210091019102910391049112
:1057E00005910691079002200A460B4608F080FFBB
:1057F00010208443A00603D524F0C1FB202084435D
:10580000200303D524F08DFBF0048443A00303D5CB
:1058100024F0ACFB70048443200103D524F006F887
:10582000F0068443E00003D524F079FB300784437D
:10583000E0030AD524F086F8012802D124F02EF8DE
:1058400001E024F067F830048443A00003D524F07D
:1058500067FB70078443600703D524F086FB0420B0
:105860008443200603D524F086FB80208443A007D0
:1058700003D524F079FB0220844320020CD535485F
:105880000078052804D0112804D124F027F801E07D
:1058900024F057FBF0058443204624F069FB0446BE
:1058A000800416D523F0DAFF2C4823F0A9F92C49FF
:1058B00008601BF0B7FF002804D02A4802680320C4
:1058C0000146904728481DF04FFA08F023F870036E
:1058D0008443600203D505F0C9FCB0058443A005EC
:1058E00003D522F097FE70028443204D600402D459
:1058F000681C044005E0812019F0A4FD11208002FD
:105900008443E00705D01A480068002800D080478B
:105910002C40E0041BD5174D28680D3022F074FC94
:10592000002804D12868C11D0D3018F01DFB24F09B
:1059300015F81148007811494A68350329461BF0CB
:1059400051FC002802D08E2019F07CFDAC4320468B
:105950000BB0F0BD4C700020FFFF0000FFF900000D
:1059600008700020C07E00205C6F0020FEFBFFFF5F
:1059700010700020047000202C7000203C6F00206C
:10598000F0B589B0044680202158C8080D4603911F
:10599000E26F511C4143E06DC9B28F00C019616FC5
:1059A000636C06AE0BC6A807060F05A88159206ECA
:1059B000A36F0092BB4D0A46A847606E23F0F6FD28
:1059C00005A88059A16CA36FE26F0092B64D0A46FC
:1059D000A847E06E216FA26C636E06920791089350
:1059E00005A98959E26DD2190497236EE56C0692D8
:1059F0000793089505AA23F0EDFDAA4DA847606E10
:105A0000E16EE26C06AB07C305A88059E26F521C39
:105A100023F042FAE06E216F06900791089005A8E6
:105A20008059216E23F0A6FD9F4DA847206FA16EDF
:105A300006900790089105A88059A16DC919226E9A
:105A4000636E06AD0EC505A98959A26CE36C656F3E
:105A500006930795089205AA23F0BCFD914DA8472F
:105A6000606F216E06900791089005A88059A16E7D
:105A700023F080FD8C4DA847234660330ECB069360
:105A80000791089205A88759E56C606F0691079504
:105A9000089005A9895906920790089305A882598C
:105AA000A36FE06F009038467E4DA847226E606E6F
:105AB000616F06AB07C305A88559E16EA36FE06F60
:105AC00000902846784FB847216E226DA36FE06F93
:105AD00000902846B847E06C616E226E06AB07C3A3
:105AE00005A88159E06E626FA36E06AD0DC505A8CD
:105AF000805923F03FFD6B4DA847616EA06D049F58
:105B0000C219E56E06A826C005A988590290216F22
:105B1000226E636F06910792089305A98959E26D79
:105B2000D219636C06950792089305AA23F052FDDB
:105B30005C4DA847606EE16DC919E26E06AB07C304
:105B400005A88059E16F4A1C029923F0A5F9206D40
:105B500023F02CFD05A88159206F226E0690079234
:105B6000089005A8805923F005FD4F4DA847606EA9
:105B7000616FA26E06AB07C305A88059216EE36E64
:105B800006920791089305A98A59A36FE16F0091C6
:105B9000464D0146A847226F216E206D069207915F
:105BA000089005A88059636E06AD0EC505A98959F0
:105BB000636CA76E06930797089205AA23F0DFFC93
:105BC000384DA847616F606D049D4019626C069165
:105BD0000790089205A88059A26E06920791089234
:105BE00005A98959E26E236F06920793089205AAC8
:105BF00023F0C5FC2D4FB847606F23F0D7FC05A8F4
:105C00008059626C636D5B1906920793089205AA2E
:105C100023F0B5FC254FB847616FA06EE26E069188
:105C20000790089205A88059636D5B190693079247
:105C3000089105A98959636E276E06920793089704
:105C400005AA23F09CFC174FB847616FA06D40195F
:105C5000A26C06910790089205A880590490A26E44
:105C6000042303980340E76E606E069707901B1DA0
:105C700005ADED5806910792089505A98959226F3F
:105C8000256E0690079705A8C058069207950890BC
:105C900005A88259A36FE06F00900498034CA047B9
:105CA00009B0F0BDC55F000069610000F16100004E
:105CB000F0B595B0002A00D17CE10E46074610935E
:105CC00011A810300B900024234609942546505DFE
:105CD000002800D168E1252807D0022E03D3761EC4
:105CE000791C38700F466D1CF1E70D935219911C09
:105CF000507803462D3B5C425C410F942D2802D125
:105D0000D21C087800E00A46302802D1531C1178D2
:105D100001E0014613462A290AD1109910C91091B1
:105D20005A1C1978002C11D5644201230F930DE001
:105D300000240A46303A092A07D80A226243541836
:105D4000303C5A1C19781346F3E71A460923DB4303
:105D50002E290A970C9407930AD111782A29109BAF
:105D60000AD180CBF9178F43941C5178224612E058
:105D70001F460937109B0FE0521C00270C46303C91
:105D8000092C07D80A247C436718303F541C11782B
:105D90002246F3E7109B0C9C3028204600D00020C0
:105DA00006901093202308460E9318436C2803D1C5
:105DB000501C0890117800E00892079B0846633851
:105DC000152800D9A3E00A247844007940008744CC
:105DD000360A9E3D9E9E0A9E9E9E9E9E52149E9EAA
:105DE000229E539E9E500698874200DC07461098DC
:105DF00002C810900B983A4648E0109802C81090DC
:105E0000082210230B9F384612F084FD441E4020C8
:105E100020703B1B3FE0109901C910910028684C8D
:105E200000D00446204623F044F903468742394611
:105E300000DB19467A1C0D982ED00B462CE01099E9
:105E400001C9109111AC2070012324E01099C91DE3
:105E5000072081430F681091496800223846079156
:105E60000592134617F093F90490002854D1079C2B
:105E700056E0102400E008240698874200DC07461C
:105E8000109802C810900B983A46234612F042FD33
:105E900004460B98031B0D9842190C980D93C11AD8
:105EA0000F98002802D00A9F0E9D0DE00A9F0E9DBC
:105EB000012908DB022E03D3761E7B1C3D701F4692
:105EC000521C491EF4E7491E0D9B002B0BD05B1E94
:105ED000641C022EF9D3651E2D78761E781C3D7049
:105EE0000E9D0746F1E70D9883180F980028099C2E
:105EF000089A00D1EAE6012900DAE7E6022E03D388
:105F0000761E781C3D7007465B1C491EF3E7022E87
:105F10000D9B40D20A9F42E00120C40707984440ED
:105F20003846214619F04AFF03901FF02FF9024628
:105F30000B463846214605F007F8059A1F4B23F01B
:105F400035FE1BF04DFB014604220A2301970B9FEF
:105F50003846029312F0DEFC441E2E202070069874
:105F6000C71B01980799059A134617F010F90028E6
:105F700000D07F1E3A1920460399029B12F0CAFCFA
:105F800004460498002802D0641E2D20207010982A
:105F9000083010907DE7761E0A9A571C1170099CF4
:105FA0005819431C089A91E65819002F03D0002174
:105FB000397000E0002015B0F0BDC0460088C34035
:105FC00010E00200F8B444464D4656465F46F0B431
:105FD00000B501B40B9B5B005B1C6C469B00E31A95
:105FE0009D4610B46C46241D00266D46009CE36A55
:105FF0002D1D9B00EE505B00EE50E36A013B9B00C1
:1060000098465B009946002300240025002702E003
:10601000370040463F1A9A46A346AC46B646F01BA8
:106020001458C859030C80B2250CA4B21E006E434C
:106030006343454360431C041B0C00195E412C0460
:106040002D0C00196E4153465C4665461B18744181
:106050000020454176460437474501DCB742DADD8A
:106060006846001D835123462C46002504364645CC
:10607000CCDD4E45CCDD8351009B99690831024649
:106080004E4604361068009B9C6924684443A14630
:1060900000270023002400259A46A346AC46B646B6
:1060A0004C46C859030C80B2250CA4B21E006E43A6
:1060B0006343454360431C041B0C00195E412C04E0
:1060C0002D0C00196E4153465C4665461B18744101
:1060D00000204541D0591B18002044414541002F64
:1060E00002D0043FD35104370437764623462C466A
:1060F00000254745D0DD301D8742EBDD043FD351FD
:10610000043E464500DDBDE710BC2068E36A9B46BF
:10611000024691466846012720C840C97F08B5411C
:106120007F4120C2013BF7D105682F430126F7418B
:10613000FF17FE4368463840494631400843494608
:1061400039406D46354029435B4604C904C0013BD4
:10615000FBD1A54603BC8E46F0BCA046A946B2467C
:10616000BB46F8BC7047C046F0B444464D46564660
:1061700070B48146079CA246002720C940CA7F0808
:1061800075417F4120C0013CF7D1B84648460833ED
:1061900054466A46A400141BA54604B46A46121D60
:1061A0005446012720C840CB7F08B5417F4120C21B
:1061B000013CF7D1424617430126F741FF17FE4342
:1061C00048466946091D0D46384031400843494656
:1061D00031403D402943544604C904C0013CFBD131
:1061E00001BC854670BCA046A946B246F0BC7047CB
:1061F000F0B444464D46564670B48146079CA246CC
:10620000012720C940CA7F08B5417F4120C0013C19
:10621000F7D1B8464846083354466A46A400141BD2
:10622000A54604B46A46121D5446002720C840CB38
:106230007F0875417F4120C2013CF7D147460126C6
:10624000F741FF17FE4348466946091D0D46304099
:10625000394008434946394035402943544604C92A
:1062600004C0013CFBD101BC854670BCA046A946D8
:10627000B246F0BC7047C046F0B444464D4630B418
:10628000884699466C469B00E31A9D4610B46C46BE
:10629000241D4B460832012720C940CA7F08B5415A
:1062A0007F4120C4013BF7D16A46121D0125EF4111
:1062B000FF17FD43414629403A4011434B4610C960
:1062C00010C0013BFBD101BC854630BCA046A946AD
:1062D000F0BC7047F0B587B00446B34E23F076FCAF
:1062E0000746B24847822078069004281DD3268DA1
:1062F000B004850F28012838B8421EDDC01B059068
:10630000B1068A0F0A2104914A43A94B29469847AE
:106310000090B005820F0498424305982946A44B8B
:10632000984704900322324023E000270497019706
:1063300003970597384602975FE0B50B29017D204A
:10634000484087421BDD381A059031068A0F0A2122
:1063500004914A432946964B984700903005820F96
:106360000498424305982946914B9847049030077A
:10637000820F059829468E4B9847019003E0002034
:10638000049001900090E36A19070A1739461939F9
:106390004A43854E358DED070DD11D032D171E0285
:1063A00036176943C911891905917F4E18171B01CA
:1063B0001917029109E01D062D171B051B176943CC
:1063C000C911C918059100200290D11103910699B5
:1063D000082911D322462B32222F10DD1278130701
:1063E0009B0F9209233F15467D436D0010356E09C2
:1063F0005F4310377F0917E0009F228A42E0102F89
:1064000021DA1278032313409206920F0F25ED1B19
:1064100016466E43674F774367497E1876165D438D
:10642000664F6F437D186F1605256B435B086A4303
:10643000964200DB1646F2179F4200DB1F4696434A
:10644000FA17974301E000263746228A93049B0EF1
:1064500015062D17282159408B19EE1B3F2B00D311
:106460003F230721CD43AE42009F00DC2E46544916
:106470000A403101C9B251181B020B430521CA025F
:106480005A40494E4F4B196F11431967617B7F2565
:106490002940402251407B187F2B00D32B46718925
:1064A0001E020127BF037E400E433F494E813E4EF0
:1064B000B1895B187F2B00D32B4631891B027B40AF
:1064C0000B433381E77B2F400499002908D05740C4
:1064D0007F187F2F05463B4B00D37F27574001E0B5
:1064E0000546384BD96E3A020A43DA66E18A490614
:1064F0000A0F0B2A06D801988018318842180C2AF6
:1065000000D30C2230347088824200D80246186EC4
:10651000D10001431966002020560221C943884258
:1065200001DB024600E0421D0699042900D0024624
:10653000708C0399081880181860308DC00722D11C
:10654000B08C2946029F394301D102461AE00F243C
:10655000024622400306002F05D0D219D1178A43E4
:106560000F2A00D322461B0F002D05D05B19D91727
:106570008B430F2B00D30F23FF21884310431A01B5
:106580000243104B1A61F08C059A002A09D0C1B25F
:106590008918CA179143FF22FF2900D3114690435F
:1065A0000843586107B0F0BD20680940FC7B00201B
:1065B000113702008EE33800FFFFFF00C7711C0097
:1065C0000FC0000088300840F0B5C5B0AD4909786B
:1065D000002901D000268FE00E902127FD43AA4814
:1065E00000240465012631461DF0DEFF002800D19D
:1065F00080E00B9613A8FF210170A44801680A0EE1
:1066000031A802700A0C42700A0A8270C170A04957
:1066100009680A0E02710A0C42710A0A8271C1717C
:106620009C4909680A0E02720A0C42720A0A8272B6
:10663000C172994909680A0E02730A0C42730A0A68
:106640008273C1732E461B360E98002854D0102139
:10665000059121F097FD00284ED19048017890488F
:10666000027808910846079210438E4806680696FD
:1066700045D114AE4C21304621F0FBF9279613A8E2
:10668000289023F013F80FAE304622F0A9F98120AC
:106690008000308027A831461CF0A6F90D90002814
:1066A00028D0019703952DAE31A93046059D2A4685
:1066B00022F044FD29AF38461AF0A4FE0E98299026
:1066C000069880000C9044082B942C9535A82A90AD
:1066D0000D9D28463946324621F0F4F8002872D044
:1066E0000E980C9921F0C5F9284622F0A6FE039ECB
:1066F000213601E021352E46304645B0F0BD0197E8
:1067000035A8402121F0B5F9674800680290674834
:1067100000680D90664800680C9003952F4621375D
:10672000049409942046B0420E9967D00A908000E4
:106730000D580898002816D06F40002138040846EC
:1067400005D10498401C029A904200D397E03A0C7D
:1067500006D1641C02998C4204902F4603D38EE02C
:106760000C4604902F460798002826D0A8B235AED4
:10677000314620F0CBFE280C3146069E0B9D20F0C2
:10678000C5FE0998801D0990400A16D000210846D0
:106790000991202811D035AA125A0D9B93420FDB84
:1067A00035AA125A0C9B934202DA0029294623D1BA
:1067B00035AA00231352801CEBE70A98401CB2E76D
:1067C0000398461C98E70E9F3819299035A8103079
:1067D0002A9029A92DAA284621F074F806463846A1
:1067E0000C9921F046F9284622F027FE002E039C42
:1067F00007D0213426467FE7039E7DE7039D019F56
:1068000037E721F0D1FD2B4800780199C9001E4AD5
:106810005054501811465C311546543551659065F9
:10682000412080000021115414AE304622F0E0F8DF
:10683000059830702048007830752134159428462A
:10684000314609F0CFF90028264600D154E735AF8C
:106850000024284639462246234608F0C3FF20F08C
:10686000D5FB06462021384622460B4620F0F6FC92
:10687000002E00D040E7012002490870BAE70398D3
:10688000861C39E7997B0020C85C0020AC7E002084
:10689000B07E0020B47E0020B87E0020BEE0020062
:1068A000BCE0020078E002007CE0020074E002003C
:1068B00070E00200BDE00200BFE00200F0B587B06A
:1068C00005460120059080021BF0EEFE0446B44F01
:1068D000787800280AD0012811D122F089FCC0B2B2
:1068E00023F00CF823F07DFA002808D0002C5CD0AF
:1068F000AC480F21017020460EF024FAF4E006A8FF
:106900000221017023F012F822F0F8FF0646006819
:10691000049040680390059840021BF0C5FE029069
:106920000196B079F8702988402904D122F0D2FF6D
:10693000012800D1D8E006A9049D284623F057FA83
:10694000994F78881F26064000D1B4E001252846DB
:106950001BF08CFE002804D001201BF0A5FE11F0D6
:106960005DFA08201BF082FE002804D008201BF0EE
:106970009BFE11F053FA10201BF078FE002804D083
:1069800010201BF091FE11F049FAB88803F0BEF810
:106990000746002800945BD03888102849D88540E5
:1069A0008248054245D07D6847E07F4CA08803F0CF
:1069B000ADF800283AD06088C00600D194E00120EC
:1069C0001BF054FE002804D001201BF06DFE11F0D6
:1069D00025FA08201BF04AFE002804D008201BF0EE
:1069E00063FE11F01BFA10201BF040FE002804D0BB
:1069F00010201BF059FE11F011FAA08803F086F860
:106A000004460020012521462A4623F0B8F905282E
:106A100063D0002C68D02088102800D98FE08540F2
:106A200062490D4200D18AE062688DE05D48002134
:106A300059E0384611F0F2F90546002D08D03846E5
:106A4000049C214607F0E2FE024606A8027007E019
:106A500006AD049C2046294623F0C9F92A78002572
:106A60002046394623F08BF906A90870411F0A0613
:106A700033D0C9B2FC2911D8002F009C11D039881D
:106A80004A1E072A11D8C0467A4412795200974408
:106A9000034E0E520E0E0E7E294666E0049D009CAB
:106AA0000BE0002020F0DAFD1EE0102964D0002069
:106AB00020F0D4FD049D06A80078042800D117E733
:106AC000022813D1002E17D100210222284623F0DC
:106AD00056F906A9087005280ED123F052F90EF0D8
:106AE00031F930481421017007B0F0BD1CF06CFB87
:106AF00080280ED007200DE0298801988079802910
:106B00000CD0059A120291420CD1039923F03CFA61
:106B10000BE00820029C23490870ECE6039923F05F
:106B200032FA02E0039922F04DFF2C46E3E63946A3
:106B30002A46039B31E039462A46039B22E0204641
:106B400011F06CF902462088411E072910D8C04672
:106B50007944097949008F44041D03120303031883
:106B6000C2E7002AC0D0FF20114622F027FFBBE772
:106B70001028B9D1002AB7D023F009FAB4E7FF20D2
:106B80000023214623F001FAAEE7002AACD023F01F
:106B9000FDF9A9E7FF200023214623F0F9F9A3E737
:106BA000346F00204C700020306E00200201010084
:106BB000F0B587B00022002800D148E1A74B40C8BB
:106BC000340C5D1C2E42059107D00D8831462646B7
:106BD000AE43B4420E460AD039E1002C03D18C7882
:106BE000002C04D133E10D882C4200D12FE11E404E
:106BF0000322002E00D12AE1B10A00D027E19849F2
:106C000009680191FF2400252F460495002E00D12C
:106C10001AE1002D11D102C80A46924B1A40551CA8
:106C20000A04140F0A0C761E0B2C6ED80121A14009
:106C30008D4B194269D08D4957180B2C00D909E1A9
:106C4000A10001A251588F46816C0000976C000092
:106C5000796C0000796C0000E76C0000976C000014
:106C6000796C0000796C0000816C0000796C000088
:106C7000796C0000016D0000B90729460FD0E1E0F2
:106C8000B90700D0DEE03A46002D00D1CDE000216A
:106C900002C26D1EF8E7F90700D0D3E069088E4202
:106CA00000D2D3E00691002900D1AAE0611E0A2992
:106CB00000D9BEE0069BC0467944097949008F445B
:106CC0003F05669F2C05529F610581000296990041
:106CD0007A18002B03D002C802C75B1EF9E7069B97
:106CE000ED1A17468BE0F90700D0ABE02346394692
:106CF000002D07D08A1C00240C806D1E1146F7E77A
:106D0000F907BAE7049D1C4680E7082C00D28EE004
:106D1000092C00D18FE0A9008EE00294344699003E
:106D20007A181E46002E06D002C80B0C39807B80D4
:106D3000761E3F1DF6E7069B59006D1A17463EE08A
:106D40000296D90079180391002B07D002C80A0CCB
:106D500089B239607A605B1E0837F5E7069B5900F7
:106D60006D1A039F4BE00294344601210A041E462B
:106D7000002E22D00168114264D1001D0B0CD953A2
:106D8000761EF5E73860ED1A9900401838E0029455
:106D900034460121090403911E46002E0DD002C87D
:106DA0000A0C8B039B0F04D0039B19424AD1D15389
:106DB00001E089B2D151761EEFE7069BED1A264617
:106DC000029C1DE0029605998E7899007918009131
:106DD0001A460396002A10D002C8002E01D089B2AC
:106DE00008E00B0C26463C689C4389B2214334469C
:106DF000039E069B02C7521EECE7ED1A009F029EFF
:106E0000F61A012D00D001E7012504222146114385
:106E1000052900D0FAE6002E19D00188052C01D1F1
:106E2000398000E03960001D761E049DEEE61049B1
:106E300002E7069BE4E704218918019B99420BD8DD
:106E40000C49F9E6062202E0049A00E0042210460A
:106E500007B0F0BD0522FAE70722F8E7FF3F000080
:106E600098E00200FF0F00000F080000000008403B
:106E700000000940B06E0020F0B587B0122700284E
:106E800000D1F8E0019102974179069101790591CD
:106E9000C1780391067AC47981790491054622F07C
:106EA00044FF0746002800D0E5E0059A069F039BB3
:106EB000300421020818049946186878000715D490
:106EC000380411020818C1181127202900D2D2E075
:106ED0008E48814200D9CEE0202E00D2CBE08642FF
:106EE00000D9C8E0A87A032800D9C3E0A87C032809
:106EF00000D9BFE0287D411E032902D3832800D09A
:106F0000B8E0687A07273840687200D1B2E0069589
:106F1000287801210C4622F079FC002805D005468E
:106F2000007A01280BD10C27A5E0002022F066FC96
:106F30007B490978884200D09DE00D279BE0A86E30
:106F4000C178007900024018069A05D1E86EC17830
:106F50000079000240180FD05078C0060CD4917D03
:106F60000698027D284622F030FF069A6849714350
:106F7000884201D945277EE02E4674362F462937B0
:106F8000002169726A662975507A0A46032A0ED072
:106F90000346D340DB0708D04B1C2B750906194666
:106FA00003D11146253169752146521CEEE7069939
:106FB0004878C2060AD4059704962E4628460D4600
:106FC00022F021FF0746002855D12EE00A7D012A34
:106FD00050D105970246103A052A17D804962E4636
:106FE000002093000D4602A2D158029F8F46C04652
:106FF00009700000777000001B7000002170000015
:10700000777000001F700000032009E01D2831D1B7
:1070100004962E4601200D4602E0022000E00420E6
:10702000B07322F053FC012824D0132028567F2867
:1070300006D10021059F38461FF03AF835460AE090
:10704000059F3870002120F09BFEC0B222F054FA58
:10705000002835460ED00199002901D038780870F3
:107060000698817A012909D8797604980170284612
:1070700030303BE0029F384607B0F0BD254C206819
:107080000D3021F0C1F8002806D00698807A3E46DF
:10709000C10710D021490FE0284630302168C91DB2
:1070A00022F0E2FE032078760698807A0499087030
:1070B0000121014017E0184921F070FA0028029FD1
:1070C0000699D8D028463030897AC90701D01349AB
:1070D00000E0114922F0C8FE0698807A01210140A3
:1070E00071760498017020680170401C002901D05D
:1070F0000A4900E0084922F0B7FE0698294622F026
:107100006DFB012068720027B5E7C04600B80B0090
:107110007102000004700020546F00205C6F00209A
:10712000207D0020F0B58DB09A4A126800290692A1
:1071300001D0916801E006CA8918471A21F0F8FDCC
:10714000064622F0ADFD864238460FD0380CB9B263
:10715000320CB3B204465C430D465543641959439F
:10716000090C6118890942439002081804908A4B5F
:107170008A4C8B4A8B483818401C000C0121029124
:10718000C907216060601880506801058D0EC0023B
:107190003C46C70D204629461EF0AEFF0646BD42BE
:1071A00003D0204639461EF0A7FF7F4D7F4F0004D5
:1071B00030437B49486408680190059420461CF0E0
:1071C0009FFF0646286840016968C904C90E0B186C
:1071D0006968AD697C1C1F222A406806800F0394F1
:1071E000254202D12D06ED0F4019029C5A43704BE7
:1071F0009A4200D80024CDB21746E7409A4201D8FF
:10720000042100E003214018009009246743304620
:107210003F3080096843000C1BF074F90A2802947F
:1072200005D30A3875430099091885400CE00A21F6
:10723000091A201A012282409619CE4075438E40C9
:107240000098411A00D5A1E08F405A480760456078
:1072500005980499814203D008461CF051FF064668
:10726000019B9800C0B270434D4AD0639809FC213D
:107270000140714311645048069D029F0168C9078F
:10728000FCD146488468686821461CF021FF424EC4
:107290007080A86821461CF01BFFB0802868C117C9
:1072A00002464A40511A20318909614308310909CF
:1072B0004F433D4EB169039A114201D0002101E0D4
:1072C0000906C90F1622521A15234B4001210591B8
:1072D00099407918D140002800DD494237480840DC
:1072E000F060F0652E69002E4ED02001E9680A0B8F
:1072F00042432E4B0B404343180B801837683049EC
:107300003940C20B4A435208264B03404B43180CEA
:1073100084181034200C1BF0F5F87B0C1821C91AC6
:107320000022914204D007AF0025BD54521CF8E75B
:107330000821081A6109C2179043059A92048240F5
:10734000044613345B42351D002B09D02E784E4382
:10735000B618E64007AFFF183E765B1C6D1CF3E7DE
:1073600000210F4C182905D007AA525863185A62F9
:10737000091DF7E7032800D3032012490A683023C8
:107380009A430001104308600DB0F0BD4842C74069
:107390005BE7C046B06E00201A6809401835084007
:1073A00080340840FF7F0000D4200840FF0F000019
:1073B0001CC7711CA82408402C320840FF030000A1
:1073C000FFFF010040310840F0B589B00C460029AC
:1073D00005D460073ED4200757D4002431E19A48F1
:1073E000007812F0FFF8002800D127E10646054694
:1073F0003078B0286ED0B12853D0D0285BD0C228C6
:1074000000D018E1A87800285BD19049012088724B
:107410004876F11C8F4F2022029238468E4B9847B7
:107420003146233138462030029A8B4B98474336F9
:10743000403738463146029A874B98478348C06A9E
:1074400000283ED04368002B3BD06A7800200621FC
:10745000984736E07D48C069002813D01FF0BAFB7A
:1074600000280FD00546C07A00280BD10120E87211
:107470002889A97A6A6804F03FFC6868002801D06E
:1074800022F0BCFB76480830DAE0704840780128EA
:1074900005D16F480078002801D10DF0ABF9704894
:1074A000CEE02879002800D0C5E06888E9882A89DC
:1074B00015F06EFCBFE02846FAF7A4FE002800D0C5
:1074C000B9E066480078FF2800D1B7E029461FF0F0
:1074D00053F8B3E02879012847D009280ED07D2839
:1074E00036D01E2800D0A1E05848007E002800D0E9
:1074F0009CE06888002122F0C5F997E0534FB87DE1
:10750000002800D092E0697868881A2900D18BE0C1
:10751000029020F05DF8032854D0022800D085E0C6
:107520002889012201280BD16889032808D1E8683D
:107530008078002804D11021012222F099FC024613
:10754000F86A002872D04368002B6FD005214DE007
:107550003E48807D002869D16F88384620F038F891
:107560000146384614F088FB60E0384FB87D0028AB
:107570005CD1287A082856D16888029020F028F833
:10758000032836D002284ED11021002222F070FCB0
:10759000019003A9029818F0A1FB029819F034FD9C
:1075A000002836D02A490978002903D003A9897B0D
:1075B00004292CD14379811D0122134018461FF064
:1075C000F5FE26E028891822012808D168890328B9
:1075D00005D1E8688278042122F04AFC0246F86A64
:1075E000002823D04368002B20D00421029898471C
:1075F0001CE00421002222F03BFC0246F86A00282D
:1076000011D04368002B0ED0042102980AE001201B
:107610007870F86A002806D04368002B03D0052153
:107620000298019A9847688818F096FF08362979D9
:10763000304621F06DFA28461FF0ACFB08480C30AC
:107640000440204609B0F0BDCF6E002060770020D6
:10765000597F0020C477002051800200DB7A00208F
:10766000F3FFFF7FF0B589B00026002800D124E1A8
:107670000C460546806E006800689A490F5D0A2C2A
:1076800014D80121A1408322D20011420ED000283B
:1076900000D012E12A4682320D2C079218D8012020
:1076A000A0409149084204D0002012E00B2CEED0FB
:1076B000F0E711218901084201D0012009E00B2CDB
:1076C00006D18A480078C01F41424141089101E03B
:1076D000107E089038461DF0D1FF002800D1ECE064
:1076E00039460746D9204000281804907E1C3846A9
:1076F000143806900591089A1FF047F83C70A11EB7
:10770000282900D990E05B20FF228000063228184B
:10771000AA18C0467944097949008F44A98585850E
:1077200085AB629C85859085622E2EAE85855151F4
:107730001414148585857F85858585858528282869
:10774000858585857F00284677300499497A797048
:10775000B97000781828069E00D093E0049AD0886B
:10776000002800D1B8E029890818D080B5E0284663
:107770002146324622F0CEFB83E041780391017826
:107780000291C17801918178009143790279C179A0
:107790008079B071F171327173710098B070019895
:1077A000F07002983070039870700020F872787250
:1077B000B87238460C300C21FF2220F053F960E0FB
:1077C000016A406A30713170020EF271020CB271BE
:1077D000000A7071080EF070080CB070080A707022
:1077E0004FE044488178039141780291C17801913A
:1077F0000179827900924379027AC079B071F2718D
:10780000337100987071F1700198B0700298307007
:1078100003987070F7200840387132E028462146FE
:1078200032461FF0FEFC2CE028463146224622F06C
:107830003DF828463146224622F077FB21E02C48CD
:107840000178797041888088F0707170000A307119
:10785000080AB07015E01178B81C79702549891CA8
:10786000072222F0DBF93879F7210140397108E06D
:10787000D07E00E0107F307003E0017E7970407EA2
:10788000B870069E0898002805D003212846059A5E
:107890003B4612F0FBFFA86E31461CF081FD142C14
:1078A00004D0022C0CD10020E88302E01B200499B4
:1078B00008800799088848800126304609B0F0BD45
:1078C0002846214622F046F82846214622F054FB5D
:1078D000022C0799EED2EFE70020F870D0793871CA
:1078E000D0E7C046FCC40200382000004C700020E5
:1078F0006A6F0020DE6D0020F0B591B0914A1178DA
:1079000091480078814201D1002417E15168091D96
:107910000026B04207D00A78002A09D0761C7B22C4
:1079200092008918F5E7002420461FF097FE05E134
:10793000F0B221F0E3FF04460720109080012018E8
:107940000E90DD2040000590211806911B200B9021
:107950000001089020180790632080000A902018EA
:107960000990572080000C90201804904B20800034
:107970000D90201803908D20400000902118019157
:10798000FF200290063025182146F031204686302F
:10799000234662330122A280A671002767620F92FC
:1079A0005A719A72A7662767A76022743926A7556D
:1079B000A7612777E783077487700C9AA7548026FE
:1079C0009E741F750C93DF778623F426E654009A85
:1079D000A752019A578057710775F02027524F60C0
:1079E0008F608F730F730D9827500D910F61EF7497
:1079F000AF746F742F74D781978157811781029963
:107A0000039881625148049A5060178191720B4625
:107A10004F480599605206980771877001464D4896
:107A20000078C870079A9771532080002118E833B6
:107A3000E754C5235B00E754089BE75427508F7138
:107A40008F8045480088099BD8804448008858802A
:107A5000434800889880434800880A996052424809
:107A600042499960D860196158619861D86118627B
:107A70000B9951800F991171204618F0C4F97720A5
:107A8000812802D02654401CFAE7394801780C9A24
:107A900011704178517081789170C178D1700079FE
:107AA00010711098C1433348002906D04A1C13189E
:107AB0001B7A69180B721146F6E72878FB21014002
:107AC00029702D480E9D28600D980775A07912F039
:107AD000B5FC2A4800782875EF82287EFC210140F9
:107AE00029762A462032286AAE8C10998E430F9947
:107AF000C907014022480B18AE842B62AF812F6169
:107B0000AF600220A8732F7115460E4A1078411CF1
:107B10001170002804D1A07921F07CFBAE882B687D
:107B2000132000012018E0218E431C211F461FF066
:107B3000A0FFAE802F60A07922F0EBF9204611B0B3
:107B4000F0BDC046346F00204D700020307500003D
:107B500001020000357000205A6F002026700020BE
:107B6000526F002024700020480148011B001B00B8
:107B7000A87C0020DE6D002095E701006A7F0020D0
:107B8000400A0100F0B589B00D4604462B20C00024
:107B9000261820684768386A1DF032FA002800D09D
:107BA00022E10F2040012018039028462546883402
:107BB00029680969049022F09FF92378002B079720
:107BC0000895069605943FD0029061882A89D24391
:107BD00089188CB230363235022B304600D0284618
:107BE000019507886743089D28680069844979439F
:107BF000091804981DF004FA002837D00598007879
:107C0000022800D0019E651C30883C180898006846
:107C100000697B4E6643311804981DF0F1F9002885
:107C200050D004950298851B05980789744E7E43B1
:107C3000284631461AF0F6F84643A91B00D0401CEE
:107C400047436F4E049D40E06D8E6D4F6F43394644
:107C500004461AF0E7F84743E11B00D0401C0399A3
:107C60008988890626D4089A118925E06D8E644C8E
:107C700027466F43029E304639461AF0D3F84743F1
:107C8000F11B264600D0401C089B198982B20818B7
:107C90005881554319680988402924D1059A1178DB
:107CA000012920D1518880B281421CD1D0882D1861
:107CB000089816E0089A51890918518180B2454305
:107CC0004F4E10E0002007464D4E2A1808980189B3
:107CD00089184181059AD3883919CD18117801295D
:107CE00001D10EF033FB089802462E32076838693E
:107CF000314669434618079806623888402820D0E4
:107D000001210902884210D08028089C65D1FE60BC
:107D1000618E3D4815461FF0D5FB2A463849414340
:107D20003A4808180799488657E036483821415C98
:107D30000029089C049211D0408F0699C988081820
:107D40000DE0089CA5612F483821415C0029049270
:107D500018D0408F0699C988081814E0608A4543F6
:107D6000079E21F0F3FE401C6061316A081A306200
:107D7000204622F0E4F80021204622F010F8366A6E
:107D8000276829E0608A454321F0E0FE401C6061DD
:107D9000361A07990E6203998988890605D40699CF
:107DA0000968400008180799488605980078022855
:107DB00007D10498007812494843079A518E401819
:107DC0005086089C618E10481FF07CFB0C49414393
:107DD0000E4808180799C862049ABE60D07A90725B
:107DE000204613F0BBFB069EA0896189401A81B230
:107DF000E289914200D90120F08509B0F0BDC0466A
:107E0000C4090000C4790020C0D8020050FBFFFF65
:107E1000F0B597B017460E4604469A48007821F010
:107E200066FB054621F0E4F9FF2806D121F0E0F9D0
:107E3000FF38411E88411FF011FC9348407800280C
:107E400000D10FE1002C00D10CE11097FF2012901F
:107E50000720A921800149002018159061182046AB
:107E60002C300F902020169053208000271808787F
:107E70001390864800780028149411952FD0FE2086
:107E8000064000200C90022E0D970B910AD1804ED7
:107E900030680D3020F0B8F90D9F002802D130680D
:107EA000C01D0C90139E3046394620F0A2F90028E0
:107EB00019D0159FB88C1699084205D1002D03D012
:107EC00021F086FA102837D130460D9E314620F039
:107ED00090F900282CD06E480168304633E0002429
:107EE0000E940D9722E03046394620F057FB0024CF
:107EF00000280E9418D06648006831463A460FF0C4
:107F000009FFFF2810D0624D29681E2646438819B4
:107F10000D3020F079F90028159F00D1A4E002204F
:107F200013990143139158E00D970C9C159F55E050
:107F300000200E900D9650E0686E807C54490968D0
:107F400001282FD80D981AF093F9FF2802D10020AC
:107F50000E9042E01299E8316118139120374C4C91
:107F600021681E2646438819C01D06220D9920F05F
:107F70006FF820688119805D0A9002260E914C1CD2
:107F8000B8881699084205D1002D03D021F020FAB7
:107F900010280DD121F032F9012801D1012009E08A
:107FA000002007E0084631460D9A0FF0B3FECCE7FB
:107FB0007420285C13990870159F0D980A9A16432F
:107FC00013960E99C91D0E91012111400B9A117043
:107FD0000622214620F03CF80D940C9CB88C169992
:107FE0000840149DA9796A8E52086B8CED8E2D097C
:107FF0000F9E3778109E08960D9E009601940E9C59
:10800000029403ACACC4129A0792002800D0FC2062
:10801000119D139B012206F06BFB002D159E149CF5
:108020000DD0686E00280AD04078C00607D4A07929
:108030003168184A891A4A1E91411AF0DDF8002D5C
:1080400010D02036B088169908400BD121F0C0F925
:10805000102807D0284616F039FFA27900212846BB
:1080600013F0D2FE17B0F0BD286880190D3020F053
:10807000CBF80028B1D128688019407F0128ACD105
:108080004DE7C04632700020346F00203C6F002066
:108090000470002095E70100F0B58FB021F0A8F83A
:1080A000FF2804D100200C900C980FB0F0BD019077
:1080B000C0B221F023FC06460B204001301803908B
:1080C000FF2002902030301805903046FC3004909C
:1080D00030469A30069030466C30079000200D9064
:1080E0000996754D2C4610341835204629460EF059
:1080F00029FB002800D1B5E0074680783E18F078CB
:1081000001210E90800600D50D910C9138461CF08F
:10811000D5FD4007C10F02D00D980006C4D00B97C3
:1081200003270E98074000D1A5E0301D05780D9A71
:108130001406099E01D00029B6D1316809880123AF
:108140001A02914203D10B9821F0F5FEC9E7032FE3
:1081500016D0002D14D007990978002900D194E099
:108160000499097801290BD154490978082902D0CA
:10817000072905D189E00499C978012900D184E053
:10818000032F03D04E49097801297CD0401C0A9066
:10819000069800780028089426D00C93059800785B
:1081A000012881D02D1FEAB230460E990A9B10F0AB
:1081B000FDFF00286CD145480068804704464448CC
:1081C0004068B1797B2292004A4380180299663157
:1081D00000224254039988790968490814F062FE24
:1081E0003C48016820468847ECB2304621461EF0E4
:1081F00010FB3046214617F0E0FD032F0BD00B9803
:108200001CF046FD07990872EAB201980A993B46AC
:1082100004F0C4FF65E70A9800781B2801D02146C6
:1082200000E00121089A002A00D12146022C00D04A
:108230002146294A125C914208D12048007808283A
:108240000BD130460A9921F099FE4AE705998870CA
:108250000721304613F042FD43E730460A9921F0EA
:1082600085FB3EE72046294619F0DCFC204612F04B
:1082700029FD012017E72046294619F0D3FC2046A6
:1082800012F020FD10E70C930EE720F071FE0BE7D3
:1082900020F06EFE0B480078012800D004E70A4D5C
:1082A000287801210C910C0321461BF019F828783D
:1082B00021460BF04DFCF7E6E07A00204C700020E0
:1082C000597000203C6F00202C700020D07D0020D1
:1082D000346F0020D47D0020FCC40200F0B589B0CA
:1082E000069314460E460546087AC0061DD4109B18
:1082F0000F9A0E9F3078022853D170680178407829
:108300000002401880B27E49411804291DD8C04699
:108310007944097949008F44027EBB026900002A32
:1083200000D0B7E0F0680088CDE0204620F0FEFAEB
:10833000002808D003460A222846314698470746B7
:108340000028D4D0CEE00E27CCE06E494118022997
:1083500042D36D49884268D06C49884221D1002AB5
:1083600000D097E001203880F0680078069C2070EB
:108370007089401C80B23D460027394618F08AFCBF
:10838000002800D1B1E001782A888918891C298049
:10839000817A6170C17AA170E31C41680278184645
:1083A00089E003930492059720461FF03BF90E27BE
:1083B000002800D196E00468002C00D192E01198CA
:1083C0000499009103990191029028463146069A3A
:1083D000059BA047074685E0002A5BD1F06802783C
:1083E0003A80416806981FF033FE7AE0002A51D1A6
:1083F000F068072139800178069A11704178517030
:1084000081789170C178D170017911718179517140
:10841000C079907165E01D46F068144620F026FE94
:1084200081B2A14238D207275CE0002A32D1F0683D
:1084300004880420388006990C70200A487008A926
:10844000204618F027FC002844D00546304CC6686A
:1084500008A8028807AB284621460EF0A9FD00288F
:1084600009D16A682B782B48022116F047FE0028B4
:1084700001D107A8048030780228069C2DD1201D48
:10848000716802221FF0E4FD3888801C388024E0E7
:10849000002A13D00B2725E03B460027A1423A468D
:1084A00004D02A1991422A4600D8021B1A80F0688B
:1084B000011992B206981FF0CBFD13E0F068016835
:1084C000284620F0C7F90221398006990870000A71
:1084D000487006E007A80480069C0798A070000A70
:1084E000E0700027384609B0F0BD2888001D2880BC
:1084F000601C00270422394620F03CFAF2E7C0460F
:1085000000D7FFFF00D8FFFF02280000032800006B
:10851000FFFF0000B2E00200F0B597B015460891E9
:108520000646C089C01D84B220460FF03DF80746BC
:10853000FF280BD12046FBF70FF8A04206DA7E4851
:108540000078002800D0C3E00520C1E07A48007818
:10855000002816D1002D03D0022D12D1FF2F10D1EB
:10856000307A11AA1072706812907449C878C9885C
:1085700000230093032303F001FB15983074149833
:10858000B081B189002926D0F089002823D0091AAA
:108590000791002180B28FB2C21B202A00DB20226B
:1085A000307C079B591889B295B209AC22462B46FC
:1085B0001FF016FC0898C11920462A461EF0AAFB97
:1085C000002808D1E9198AB2F0898242E2D300205A
:1085D000B081594F7BE05948C778C588002116AC57
:1085E0000423384622461FF0FBFB20787E2805D165
:1085F0007C2138461BF0C0F816A800787C2861D191
:108600000797F789FA1D93B259190120C0028142D8
:108610005AD804920591307A8000F1888A05920F29
:10862000101809AA10705170B088810891708001EB
:108630003905890E4018D070B80010717C190D2BC7
:10864000069547D2029403903B4E1836304608995F
:108650003A46089321F0E2FAF51909AC05222846BA
:10866000214621F0DBFA781D334F81B200223046DB
:1086700020F0A6FA8109039A114321718000801C21
:1086800060719620A07107222846214621F0C6FA83
:10869000079C204606993246089B1AF029FC387040
:1086A000264AD188049BC918D1800C2161435118F6
:1086B000059A8A8300280AD0029881B2204619F0D0
:1086C00031F904E0012000E005201B4F38703878B4
:1086D00017B0F0BD00220898394620F071FA09AEB3
:1086E000052231461EF066FF81090A9A0A4332715B
:1086F0008000801C70719620B071079D28460699F5
:10870000089A3B461AF0F4FB0B4F3870A1B20723CE
:10871000284632461AF0ECFB3978014339700806D6
:10872000D5D10649C888049A8018C8800C206843AF
:10873000081805998183CAE7D878002024670020AB
:10874000F0B589B01F46049104467D300290814BFC
:108750008148D861256F002D039230D1606FE16EA2
:1087600088422CD1019702219960E16A029B1A7913
:10877000A56EDB780E26B61A9F007F23DB003B40F8
:10878000083B3343002D01D040263343059300BA04
:10879000089000200690079005A8401C21F03EFAA2
:1087A00005986E49086006984860079888600898A0
:1087B000C86004980028039A019F0FD177E0606C8D
:1087C0001866A06C5866E06C9866206DD8660498B0
:1087D00000286CD0002D049E0BD1A56E206A049E4B
:1087E00031462A4616F052F8039A05462067361A93
:1087F0005DD0019702998878002824D0002705973A
:10880000089707970697087805AA1070487850705F
:10881000206A0499891B4118901C0E2E05D30E2244
:1088200021F0FCF910350E3E05E0324621F0F6F954
:108830007019851C3E46256705A8102118F0A2F97D
:1088400002988770039A0F253746AF430CD0206AF1
:108850000499891B4018394618F094F9039A206F3F
:10886000C0192067354000E03546019F002D1ED01D
:10887000206F4019A16E88420BD1206A0499491BD0
:10888000401829461CF06AFD039A206F40192067A2
:108890000DE0022D57D1206A04994018811E0978F5
:1088A000029B1970401E0078587002209870002AB0
:1088B00042D0022F01D0242000E0282025580F2785
:1088C0001646BE43207E04280BD1002E114628D028
:1088D0002846314618F056F9039A1740394620D1F8
:1088E00024E0002E11461CD01A4FF8690121090618
:1088F0008843F8612121204620F09AF82846314625
:108900001AF0AAF8154804214167206E801B2066E2
:10891000606F801B60670820386020461CF032FDC5
:108920000FE0501A28181CF019FD039A206E801AC7
:108930002066606F801A6067443420461FF02AFD6D
:10894000002009B0F0BD0120024948600020C0436A
:10895000F7E7C04610000C403400000190000C40C6
:10896000F0B589B00F26076807904068049000684A
:10897000046C446461050A0F06970594039644D07D
:108980003A6C002A41D0002917D5386D796D411A0B
:1089900007981CF04FFF049800688169C90604D449
:1089A000016808AA11700899F7E73968491C39600D
:1089B000B97B002901D10121B97301213A46CF07C2
:1089C00045683540566C2E4003D0304614F07CFB91
:1089D00000E020203946C140314008D00698046CA0
:1089E000002C04D006980268836C0798A047002DDD
:1089F000039E03D0284614F067FB00E02020059C6E
:108A0000C7402F407842069FB8638120800104420E
:108A100050D0079860C8294664310291083813F095
:108A2000F9F8402727401DD0E87C002814D10CE03D
:108A3000296F00290DD00068A96EAA6F8854A86F0D
:108A4000401CA867286F401E286730688169C906E6
:108A5000EED5E87C002805D0286D696D411A07988D
:108A60001CF0E8FE029A10780028039E1DD0287999
:108A700002281AD0002F02D0A979012902D0296F2B
:108A8000002912D1002414702C67A96EAC6601284D
:108A900007D1966EAA6FAB6C00940798B047039EFF
:108AA00003E07C3528461DF0EDFB079809F0C2FF76
:108AB000069F059CF501E0042DD5F82038580028C4
:108AC00029D0079E3768706803903C46E8343046EA
:108AD00011F09CFB30460AF0E9F8787901280ED1B4
:108AE000E06800280BD12078002808D000202070F2
:108AF000A66E61686269BB6C00900798B0472069F8
:108B00000028069F059C06D103980068816B2A46C1
:108B100080320A43826380352C4229D00498006851
:108B200081690907FCD4016B01263502A943016361
:108B3000397A002912D0002038724420385C80062F
:108B400007D53C6C002C04D0BB6C20210022079878
:108B5000A04701201AF044FE04980068816BF202DD
:108B6000914381637879002802D178191DF08AFB3E
:108B700009B0F0BDF0B585B0164605460024500496
:108B80002FD5286B002803D001229202904206D9EB
:108B90002879412149024018A8800224CDE00391A0
:108BA0001DF098FA074620F04AFD2846394615F090
:108BB00083FA102809D3297900020818A8801FF029
:108BC000F7FC1EF059FD02240AE05D4801782A797D
:108BD00003231B02D218AA80F8220A40511C0170FC
:108BE00003996879000203273A02904200D0A4E07A
:108BF000281D029001200490820570065ED5019226
:108C0000504E4F480078C207039130D04E484F4A2B
:108C10004F4911804F49504B8B60504B0B60504B6C
:108C20004B6000215180049A82600260426D042AE8
:108C3000FCD141654B4804210160019820F070F897
:108C4000286B009010201EF0D9FE4748476237601D
:108C50004648411C716000990818B060384A107885
:108C6000FC210140881C107004990C4303994007B3
:108C700023D5F068C007FCD113F0D2FF686B002841
:108C80000BD0296B8A003A4E314620F0C7FF286B83
:108C9000810030461EF0EDFE01E03548686303991F
:108CA000274B1878FB2202401A70029B1878049A0E
:108CB00012038018188002200443019A11423CD00C
:108CC0001F480078800738D527481F4900224A6589
:108CD00024490F6001680907FCD526480168049FF4
:108CE000B9430160244801680C2291430160234884
:108CF0002021816001601348076120F04BFB06468C
:108D0000286B032119F08EF8801939461FF0BCF842
:108D100010280BD3029A1178000208181080022044
:108D2000044313F07DFF064A107803E0044A1178EB
:108D300004200843FD2101401170204605B0F0BD1C
:108D40003070002000500840003008401A68094088
:108D500060910000BC340840C404860900000E1372
:108D600000003B16641008409C200840FF070000EC
:108D700000000940B03008400C3208400020084094
:108D8000F0B587B07A490C68002C21D0A088000487
:108D9000000F00D0E9E0012042020192049000029D
:108DA0000590E06803908D6800268E601FF0AAFC95
:108DB000009015F053FA401E042818D87844007922
:108DC0004000874402120E100B00049880030DE04F
:108DD00069486A49742200BF00BFC6E00498400594
:108DE00004E0059802E0019800E040200543211DC1
:108DF000032002900702384680300542069110D0C9
:108E0000487800020199884240D120F0DBFE3D42C3
:108E1000069E1DD00198564B28400FD018461030A2
:108E20000EE0680432D5534FBA7879680398806DA4
:108E3000814216D07860511E8A4113E018461C30DA
:108E40000078182101401879E72202405018187163
:108E5000012010F05FFA31780002081830800226F5
:108E600014E00846618800F081FA002804D020F060
:108E700053F80226002001E000260220B870F8789E
:108E8000002803D120F0D6FB0498F87006984078AB
:108E9000FE210140881E0D2805D8A36820460099B0
:108EA0002A4698470646F00709D00DF0DDF800285D
:108EB00005D001462E480068012204F055FB0F271B
:108EC00080220599294030041BD50192059129483B
:108ED000827840682649098D00F048FA002805D0BC
:108EE00020F01AF802200643002000E00220214969
:108EF00088701F4800680499890417F0C1FA059921
:108F0000019A38031540002901D1069F06E0069F0B
:108F10003988014202D1049989020E43002D05D0FF
:108F20003988014202D10499C9020E436169029A4B
:108F300092020A43324003994B6D13434B653988C3
:108F400001400B4311D000290DD01DF083FE20F00D
:108F500035FE1FF0C5FE074CE078002803D020F056
:108F600064FB0020E07020F074FB07B0F0BDC04649
:108F7000806B0020446F002006DC020047C902001D
:108F8000FEB5122500284BD00646734F38780938B5
:108F9000052801D2212746E0B07820F0A8FA002861
:108FA00040D00446B0786D4908703978002901D165
:108FB0006B4908703046214620F02DFF07460028F7
:108FC00031D1607A00282BD0A07B012805D1F07820
:108FD000317909020818802822D870783F282F4656
:108FE00021D820461CF09EFE206E0725002817D0B1
:108FF00026672046314620F0F5FB0746002812D1AF
:109000007078002811D03078012810D100272773FC
:10901000A763207A01282FD17079216F487102E06F
:109020002F4600E042273846FEBD1127FBE7207A95
:1090300000270028F7D04B48006880470646474D78
:109040002878012120F08AFF204616F0CDFC2878F0
:1090500043490978884204D11FF0AAFE616888421A
:109060006BD0204620F004FB3F480168304688471B
:10907000204615F02BFFD6E71120019020F07AFF53
:1090800001202072E772677309F0E0F96060002840
:109090002F46C8D0264646363248006880473349B6
:1090A0000968002902D062684A60F9E72E49096818
:1090B000884760682E494161606E4078C00603D4DD
:1090C000204620F0A2FE02E02046FBF771FB074697
:1090D0000028A8D1606E4078C0071AD0F089002817
:1090E00017D0A16D002914D03178884211D90F20F2
:1090F0001EF016FB00280CD0606E007802A90870E4
:10910000F0894870000A88703078C8700F201EF00F
:1091100023FB124D28780027394620F01FFF2978BD
:1091200014480126324620F01AFF0B49087800281F
:109130000BD020461AF072FC75E7406820F09DFACB
:1091400009480168304688476DE701980870267223
:1091500002F08CF867E7C0464C70002031700020A8
:1091600033700020D07D0020D47D0020247D00209D
:1091700049E1000001100000FEB57A4F386801781F
:10918000002900D0FEBD866EC56E4178891F052975
:109190001FD8C0467944097949008F4402366C6271
:1091A00091139821715ACA0702D0AA89D2072CD1EB
:1091B0008A0702D5AA89920753D4490709D5A989F4
:1091C000490706D5C48820F0C1F8014620461FF0A3
:1091D000F3FA01209821715ACA0504D50202AB891D
:1091E000134200D09CE08A0504D54202AB891342A9
:1091F00000D098E0490500D48FE08102AA89386840
:109200000A4200D18AE010218FE0846D002C08D141
:109210001C2020F0EBFC044638688465002C00D14B
:109220008BE01CF047FCA0760021102220461FF0A6
:10923000A1FBA17E481EC0B20F2802D820461FF015
:10924000F7FD1FF0C5FD2082204612300825294673
:109250001FF0EEFD3868C08821461FF099FA386883
:109260006CE0C4881FF082FF014620461FF09AFA86
:1092700038680A2562E0826D002A04D0C088118A0D
:1092800012321BF015FF9820305A810702D5A989A8
:1092900089074FD4410702D5A989490747D401213D
:1092A000C20503D50A02AB89134239D1820503D521
:1092B0004A02AB89134236D140052ED589029DE77B
:1092C0001CF0E0FA029505463868C0880190012438
:1092D000204610F0A3FD024600942540019829463F
:1092E000029C1CF023FC9820305A410702D5A1892A
:1092F00049071CD4C105009B03D51902A2890A4263
:109300000ED1810503D55902A2890A420BD140052D
:1093100003D59802A189014222D13868122104E0C4
:1093200038680C2101E038680E214170FEBD3868B4
:109330000B2503E03868092500E008254570C08842
:1093400017F062FE002803D0808A41080A1801E065
:109350007D20820004480078022117F043FFFEBD03
:10936000386850E7AC7D00205E700020F0B585B015
:109370001746039105466A4E71680068814208D01D
:10938000684916F061FC044628687060002C02D021
:10939000C3E0002FF4D0B1686868814208D0624908
:1093A00016F052FC04466868B060002C02D0B4E0AD
:1093B000002FF4D0F168A868814208D05B4916F00C
:1093C00043FC0446A868F060002C02D0A5E0002F02
:1093D000F4D0E86800280ED0308A039A831A591E08
:1093E0008B41012F00D802230193022F06D3904214
:1093F00004D1002421E00020019034E00024022F59
:1094000001D3214600E00121328204A820F010FCA3
:109410000420E7430295E9680A687F1C9742E8D276
:109420003546061D085804A9414AFDF7C1FB04460C
:10943000002830462E46029DEDD03E487F21016037
:109440003D48682101803D480F2181823C480078D9
:10945000002806D03B490A6882433378034013430F
:109460000B60002C59D138480168002932D0C568FA
:109470000198012830D002284BD10024002D4CD077
:1094800032484268AB8813434360026BEB88134356
:109490000363021F13682E891E43166002686B89DE
:1094A00013430360026A6B8A13430362426AAB8A06
:1094B000134343626A8E274B1A6000687F22520270
:1094C00002401E480280284611F0DCFE2846FCF7C8
:1094D00001FF22E0082420E0002D1DD01B48C269B6
:1094E00007239A43C2610269194B13400361426921
:1094F0007F235B029A434261002484610268F02367
:109500009A430260284611F0BDFE284616F0BCFEC4
:1095100003E0284616F0B8FE0024204605B0F0BD52
:10952000FC7B002000000940004009400060094029
:10953000FF3F00001C3208400820094036680940FF
:109540006B7F002014110840B06E0020B43008403A
:109550000383FFFFF0200840F0B587B00D460446B6
:10956000C0B220F0CBF90646E8B220F0C7F9727914
:109570004179002A09D0002905D0DB214900721861
:10958000937F032B05D1214608E0002905D1FF2157
:1095900004E041188F7F032F03D12946084607B006
:1095A000F0BD0397049305910692C32149007318F7
:1095B000411837687F683A6A029207687F683A6A9A
:1095C00001921F88F3895A080988C3895B0897426A
:1095D00002D99942E1D901E09942D4D80F21490139
:1095E0007218411812680B680121C9071940D20F7F
:1095F00002D10029D1D101E00029C4D031468831FF
:10960000034688330A78002A1F4606D07289521C06
:1096100092B24B889A423B4606D21A78002A09D069
:109620001FF0B4FCB9D205E01A78002AABD01FF0C5
:10963000ADFCA8D38A7B012A05D17289521C92B253
:10964000098A8A4209D2997B01290FD14189491C93
:1096500089B21A8A9142A0D208E0997B012992D15D
:109660004189491C89B21A8A91428CD3069909789A
:10967000012906D17189491C89B2069A5288914202
:109680000AD2059A1178012912D14189491C89B25F
:109690005288914281D20BE0059A1178012900D0BD
:1096A00071E74189491C89B25288914200D26AE728
:1096B000092149017218411812780B78002A2946AD
:1096C00000D02146002B00D068E70399049A8A4213
:1096D00000D958E700D260E7718E408E814205D9EB
:1096E000059A128C5043884229D24CE7069A168C70
:1096F000884205D97143814200D24EE725464CE7A6
:1097000020F051FB864206D90698008C05990E8CF4
:10971000B04202D937E70598068C20F044FB864218
:1097200006D90598008C0699098C884200D934E73F
:10973000029801991BF064FC002800D123E72C4615
:1097400021E77047F0B589B00D46802141580329C3
:1097500001D8002200E001220392052901D3022250
:109760000392C36F072901D303210391024680327C
:10977000032B089007920BD311680B2901D3042007
:109780000390082B04D31168132901D305200390FB
:109790000398441E0127591C8A00A14089006918BA
:1097A00004918E18B1180691022809D30898806F89
:1097B00005900093069829462A46059BFCF702FC73
:1097C0003846A040059002952C46089D38B2059970
:1097D00081420FDDAB6FE96F88000019001D009119
:1097E0002146069AFCF7EEFBE86F80000019041D85
:1097F0007F1CEBE7089FB86F8068411E4C424C41CC
:10980000801E079908603846069D294620F0BEF95B
:10981000012001B2FA6F8A4211D9BA6F8900521839
:109820009268E3B2012B07D10023002A02D0521E16
:109830001C4601E00124DA436A50401CE9E7521C4F
:10984000049802991FF028FBB96FF86F82008918FD
:109850004A680021002A02D05208491CFAE7400158
:109860004218223A0498044610B200284FD4D00877
:109870002C49084028581F211140C840C0070898AB
:1098800037D0059292B20399079B1960294611F0CF
:10989000C1FB049000252746E8B2079C216881425D
:1098A0000CD90898836FC06F0090304639463A460D
:1098B000FCF788FB6D1C34463E46ECE70498401EDE
:1098C00081B2C90B4018400880B208998B6FC96FEC
:1098D0004A1C42439000029A1218009130463946C1
:1098E000FCF770FB2088059A121A30463E46069D0A
:1098F000B9E7836FC06F0090304621461746224675
:10990000FCF760FB3A467A1E30462646ABE70898DD
:10991000C06F421C029D284621461FF0BDFA284612
:1099200009B0F0BDFC1F0000F0B585B00446744DD1
:109930002868C06E002802D0112005B0F0BD1020AC
:1099400020F054F92968C866002865D08F6E3E461D
:109950009836102221461EF07BFB286801780029EA
:1099600000D080E00297C16E3288012713463B4049
:109970008D893D405B1B5D425D410197FB43EF18C4
:10998000174037809307DD0F04918B899B07DB0F0E
:10999000E91A4B424B41002D00D05D0002218F435C
:1099A0002F4337805107CD0F049989894907C90F83
:1099B000691A4B424B41002D00D09D0004218F437A
:1099C0002F4337801107CD0F049989890907C90FE3
:1099D000691A4B424B41002D00D0DD0008218F4316
:1099E0002F433780D105CB0F04998989C905C90F49
:1099F00000258B42039500D11D02019B19028F4364
:109A00007F1937809105CD0F049989898905C90F80
:109A10008D4203D0039D02E013208EE76D025902B0
:109A20008F437F1937805105CD0F049989894905E6
:109A3000C90F8D4201D0039D00E0AD0299028F4312
:109A40007B1933801105CA0F049989890905C90F4B
:109A50008A4202D0029F039A01E0D202029F294962
:109A60000B4099183180816E95228A5C120703D5CC
:109A7000C26E1279120705D433310978012914D145
:109A800018205AE7C17808220A43C27031881E4A5A
:109A9000FF320A403280C16E8A8901231D02AA4327
:109AA0008A81C16E8A899A438A816178002906D0A9
:109AB0007978002909D1C178090706D409E0C1786D
:109AC000090706D57978002903D005210171002006
:109AD00033E72179490706D4394695310978490792
:109AE00001D40121F2E701780029204600D0384650
:109AF000002900D027463978007813F0B1FE1CE722
:109B0000AC7D0020FFF70000FFFDFFFFBCB5014664
:109B1000714801AA118000900024082919D8C04674
:109B20007944097949008F44190424D52ED5D5D517
:109B3000380020F078F9002802D068461FF036FF80
:109B400020F094F900283FD00099012020F055F929
:109B5000BFE010292DD0202900D0BBE05F4840880D
:109B6000C00600D1B6E020F0B1F9002826D00420CC
:109B7000ADE0684620F00EFA20F0A8F900282CD0BD
:109B80000099022012E0684620F005FA20F08EF9D4
:109B900000282BD00099042025E020F0E8F90546A4
:109BA00020F094F9002828D00820294620F021F937
:109BB0008FE0684601A920F022F98AE020F033F90D
:109BC000002821D0012082E020F07CF9002821D05B
:109BD0000099012020F015F97BE020F067F90028BA
:109BE0001FD00099022020F006F972E020F01BF946
:109BF00000281FD00099042019E020F014F9002853
:109C00001FD00820294612E020F05CF900281FD060
:109C100002205CE020F05AF900281FD000990120B2
:109C2000C4E720F000F900281FD0009902201FF09F
:109C3000B9FE4EE020F01AF900281DD0009904204A
:109C400084E720F013F900281DD0082029467DE77D
:109C500020F00CF900281DD0102038E020F026F963
:109C6000002820D000990120BDE720F0FFF800284F
:109C70001ED00099022069E720F024F900281CD0AA
:109C800000990420A6E720F01DF900281AD008202A
:109C900029469FE720F00AF9002817D10024204622
:109CA0001DF0DCFC16E020F0BEF800288AD111E09F
:109CB00020F008F90028ABD10CE020F007F90028CB
:109CC00008D054E720F0F2F8002803D0082018F05C
:109CD000EBFC04462046BCBDA8610000306E0020AD
:109CE00082B0F0B585B006460A920B930025EC438E
:109CF0006C4AD06D0028039126D1106900270028F6
:109D000002D0506A002813D0029401201EF021FBDB
:109D1000644A0446D065002F02D006F08DFF614AE8
:109D2000002C029C03990FD115F07AFD0C2140E024
:109D3000506A401C5062D06D002800D195E0174653
:109D400006F07AFF03993A460AA8049001235F02BD
:109D50000F4002D1002E10D128E0049801460831AE
:109D600004914568002D00D14F4D002E1ED068682B
:109D700001281BDBA868002818DD01931069002862
:109D800006D0506A002803D1D06D214604F0B6F801
:109D9000029430461CF0BEFA0446002F11D0002C6D
:109DA0000FD00398000512D511246CE015F038FD92
:109DB000162101602746384605B0F0BC02BC02B04F
:109DC0000847002F03D1002C01D102245BE00820BA
:109DD00008F080FC07460C200090002F52D0002C89
:109DE00014D0E069401CE0612E49019A08690028FE
:109DF00006D0486A002803D1C86D1FF04FFE019AB3
:109E00009003039901403C607960D4E7242008F076
:109E100061FC002833D004460198E061A8686061C5
:109E20006868206130461FF044F9401C08F052FC7D
:109E30002062002820D0711C3278431C0270002A56
:109E400018460E46F7D16868A9680026324613F016
:109E5000B7FDA06000280AD066601249086E00288D
:109E600000D0446020600C66BFE701274CE7206A01
:109E7000002801D017F082FA204617F07FFA384602
:109E800017F07CFA009C15F0CBFC046005490869CA
:109E90000028029F8FD0486A00288CD1C86D1FF01F
:109EA000FDFD88E78C760020B0D80200F0B58DB0BB
:109EB00002460024E04317683979022900D0CAE03D
:109EC000089204903A464832796C381D06918E68A3
:109ED000079215780F2105910D401EF099FD012D77
:109EE00040D07E6C384630301025019029462246FD
:109EF0002B461DF0B3F90296B068002803940ED0EB
:109F00000146059A114000D00D46411B0298006899
:109F10000391411801982A461FF080FE2C460798AD
:109F2000407801281DD1102C08D1029880680028A3
:109F300004D0002009A916F003FE06E0012009A9BB
:109F400016F0FEFD8020019908553020402808D0E9
:109F5000395809AA1218303A12684A403A50001D7E
:109F6000F4E7039E3D4D3E482860386A6864786A8D
:109F7000A864B86AE864F86A2865002E0BD0387EB9
:109F8000042801D00F2E1DD806980068314616F01F
:109F9000F9FD089C31E038460CF0B4FA7E69079868
:109FA00005780024FC76384615F0F6F8387E01284E
:109FB00046D104943C6C08983146069A2B46A0473B
:109FC000049848E0089C60680278264821461BF007
:109FD000F5FE2868012109068843286021213846BA
:109FE0001EF026FD06980068314618F035FD1E4823
:109FF000042101601C3D0820286024684820255C5D
:10A00000207E042803D0616C89680F291AD805982E
:10A01000054020460CF076FA6669012D01D000203B
:10A02000E076204615F0B8F8207E012808D12046B9
:10A030004830256C626C037808983146A84709E0DF
:10A04000304608E0022805D10848049919F030FC90
:10A05000606900E000200DB0F0BDC0462C000C404F
:10A060003400000199BF010004010C403068002059
:10A07000F0B587B00E4605466B49087812270128CF
:10A0800000D0B3E04878002800D0AFE00227002DD0
:10A0900000D1ABE0002E00D1A8E0002A00D1A5E05D
:10A0A0006248B1681827814200D99FE071688142F7
:10A0B00000D99BE0069200241FF094F8E7B2874293
:10A0C00006D238461FF013FA002801D0641CF3E7CB
:10A0D0001FF088F887424BD232201FF08BFD0028FA
:10A0E00048D0024604703078507070789070706874
:10A0F000D0707068000A1071F0885071B06890716B
:10A10000B068000AD07170891072307B5072484874
:10A1100000789072707BD072B07B1073F07B5073BC
:10A12000307C9073707CD073B07C1074F07C507471
:10A13000307D9074707DD074B07D107500215175A4
:10A14000F07D9075307ED075517637484068FB00C1
:10A150000393C01841711176059210460491FCF7E3
:10A160008BFE421E01469141072805D04F0004E0B6
:10A1700015273BE0132739E0132705990E461D36B6
:10A180000028049A2BD108461A308C76FF230293BC
:10A19000CB760A777270327072713271F270B2706F
:10A1A0001FF0D8FA1E27002818D1B01D0190B471F5
:10A1B0000298F071049B33720598014626312622DD
:10A1C00083544B700146283128228354CB708B7006
:10A1D0004B7001981FF0C6FA00280AD00599707CD0
:10A1E0000C4610F01DFB20461FF008FD384607B056
:10A1F000F0BD30460F30049AF2730121317474744B
:10A20000F274B27432751FF0A9FA07280AD0002838
:10A210000599E4D1044840680399455006980470B4
:10A22000049FE3E71327D9E7307E002000B80B0036
:10A230003B700020F0B5B1B00D460821CF43066851
:10A240002868826928911F9116910D9104913C46CE
:10A250000834202A00D08AE0297C01290FD1026825
:10A2600068688168032A33D120297FD1A968896869
:10A2700020297BD1E9688968202933D076E0686895
:10A280008268202A72D1AA689368412B6ED15268E5
:10A290001278042A6AD1EA689268412A66D10029B4
:10A2A00020D1406828A9091D20220392474B9847D6
:10A2B000A8684068401C1FA9091D039A434B984792
:10A2C000A8684068213016A9091D039A3F4B1EE07B
:10A2D00020294BD1A9688968402947D1E968896854
:10A2E000402943D1406828A9091D20220392384BF8
:10A2F0009847A86840681FA9091D039A344B9847DE
:10A30000A8684068203016A9091D039A304B984769
:10A310002868006803282DD12998072188432990AF
:10A3200030982C4908404018401C3090371D8C361E
:10A3300003213846324616F08BFC274A28A90DAB7C
:10A3400038461EF0B7FD992811D1287C2B680128CA
:10A350002FD1196803292CD1EC6860680DA9091D5B
:10A3600020221FF05BFC0220207028E03C462046A3
:10A3700031B0F0BD301D8C3603213246064614F054
:10A380004DFB1FA916AA304603F02AFA0146E1390F
:10A39000022916D3E52816D0E628D4D104A80190C6
:10A3A0000DA8009028A91FAA16AB30461EF092F8FF
:10A3B000C9E7EA6800900DA804A910F0C3FD0024C5
:10A3C000D5E7BC1CD3E7FC1CD1E7C04649A7010078
:10A3D00091B80100FFFFFF3F54D50200FEB51546BE
:10A3E0000446C26F571C8023C358022B13D0012B85
:10A3F00006D0002B15D1656CA06C0190E06C0EE0CE
:10A400007D43636DA66DE06D0290A8001D183318A2
:10A410000193029B02E0B8002B18019318180290D8
:10A4200002E00025019502957943E06D8F00C11986
:10A43000E06EA36F0092514E0A46B047206EE26E66
:10A44000A36FE16F00912946B0471EF06CFD0199A2
:10A45000B0473546606EE26E216FA36FE66F0096DF
:10A46000A8472E46E06EA36FE16F0091029D29463A
:10A470002A46B047E26E206F616DC919A36FE66F7F
:10A4800000963E4EB047606DA16DC019C919A36F0B
:10A49000E26F00922A46B047616DA06DC019C919DC
:10A4A000E26EA36FE66F0096344EB047606DC01940
:10A4B000216F226EA36FE66F0096314EB0471EF0FB
:10A4C00032FD29462D4EB047E06DC019616DC919A6
:10A4D000226F1FF0C3FA206FA16DC919626EA36FBE
:10A4E000E56F0095264DA847606DC119E06E1FF01D
:10A4F00062F8A06E216F1FF05EF8A06DC019216E8A
:10A50000E26E1FF0ABFA206EE16E626DD2191FF0A1
:10A51000A5FAA06E226EA36FE16F00910146184E5E
:10A52000B047E06EA16DC919A36FE26F00920A46B1
:10A53000FBF71AFE606DC019A16EE26E1FF08EFA75
:10A54000A06E626DA16DC919D2191FF087FA216F33
:10A550002546743529CDA26E0095084EB047E06EB1
:10A56000226E616E1FF07AFAA06DC019254674350F
:10A570002ACDE26E0095024CA047FEBDC55F0000EB
:10A58000F1610000FEB50C4607464B1C06280291FF
:10A5900019D8B80001A108588746C046B9A50000DF
:10A5A00007A6000021A6000021A6000021A60000A9
:10A5B000EBA5000003A600005B488178FF292FD09F
:10A5C000491C81702CE00E2F2AD101930026564D94
:10A5D0001EF008FE864200D3A2E06868F1004058F1
:10A5E000002800D09DE0761CF2E7A6784E4840682F
:10A5F000F10040184079800743D402981FF0FEFA1A
:10A60000FEBD667822E048488178002908D0491EBE
:10A610008170080604D101201D461AF0D3FB2B4699
:10A620002678002215460F2F00D968E00824C0467E
:10A630007F443F797F00BF44075557586224096221
:10A640006262626262623C4001244EE00A201FF0B6
:10A65000CDFA2022002843D00546029C607828705D
:10A66000A0786870A81CE11C174606221DF0F0FCBB
:10A67000607A2872A07A687220461FF0BFFA3A46C4
:10A680003DE01F4606201FF0B1FA1022002827D017
:10A690000546029881782970BB78F9780902C918B3
:10A6A0006980417929714178697014461FF0A6FAD2
:10A6B00024E000250120C20721E01F4604201FF0EE
:10A6C00095FA402200280BD00546029B1878287086
:10A6D00038787978090208186880D87868700EE0B0
:10A6E00000250CE0022400E0042401201FF07EFA83
:10A6F000002802D00546067000E000252246002D05
:10A7000001D10120C207FF2E09D007484068F1009F
:10A710004358002B03D01046002229469847FEBD1F
:10A72000FF26019B7DE7C046307E0020F0B587B054
:10A73000059105460126B00217F0B6FF07467002E4
:10A7400017F0B2FF0490614C607800280AD001280D
:10A7500011D11EF04DFDC0B21FF0D0F81FF041FB2B
:10A76000002808D0002F20D059480F21017038460A
:10A770000AF0E8FA98E0039606A8022101701FF09B
:10A78000D5F81FF0BBF80146066870680290019189
:10A790008879E070059800281BD02846314604F0DF
:10A7A00035F8024606A8027019E0002D4FD00026A9
:10A7B00001243046294622461FF0E1FA052873D1CC
:10A7C0001FF0DFFA0AF0BEFA414814210170264654
:10A7D0006AE006AC304621461FF009FB227830467D
:10A7E00029461FF0CCFA06A90870411F0A0615D0A9
:10A7F000C9B2FC291AD8002D42D029884A1E072A3E
:10A8000039D8C0467A4412795200974403593950D6
:10A810003939395605991FF0D1F844E01FF0B1FAE3
:10A820000AF090FA2A48142101703CE0042812D062
:10A83000022815D13188019CA079802924D0039A5F
:10A840001202914224D102991FF09EFB28E0204879
:10A850000021017028E01E480F210170384620E0D9
:10A8600018F0B2FC802801D0072200E008220498EA
:10A8700017490A7015E0102902D11FF088FB12E079
:10A8800000201CF0EBFE0EE002991FF07CFB07E0BD
:10A890001FF020F8012806D0A07902991FF092F845
:10A8A00030460AF04FFA039E304607B0F0BD294605
:10A8B000059A029B1FF069FBF5E71FF067FBF2E7C3
:10A8C0002946059A029B1FF063FBECE7346F0020DA
:10A8D0004C700020FEB50446016CC26A18F0D4F931
:10A8E000A16E012220461DF0D1FCE06C626EA16ECB
:10A8F000A36FE56F0095FBF765FB216F226B204688
:10A9000018F0C2F9E56FA84201D93C20FEBD00282D
:10A9100000D1A6E0216F606FA36F626E0095FBF718
:10A9200051FB606C254674352ACDE26C0095FBF72F
:10A9300049FB616CA06CE26F1EF0AEFA216D4A4AD1
:10A9400020461DF0A3FC606DE16CE26F1EF0A4FADE
:10A95000E16D002720463A461DF098FCFE21444E4A
:10A96000002974D4206C029102991DF08EFF019091
:10A970004740616D626C1FF088F9E16DE26C1FF079
:10A9800084F9E26D206E616D1FF0F4F8374FB8471F
:10A99000216E606E1EF0F8FDA06E616DE26D1FF01D
:10A9A000E9F8344DA847A16EE06E1EF0EDFD206F72
:10A9B000616CE26C1FF0DEF82C4DA847216F274632
:10A9C000743789CFA26E0097B047206F616CE26C3C
:10A9D0001FF0D0F8274FB847A06E216F226E1FF0EE
:10A9E00099F81EF0E8FAA847606C216E1EF0CCFDC5
:10A9F0001EF0E1FA1F4FB847A06E216E1EF0C4FD95
:10AA0000A16CE06CA26E1FF085F8606D616EE26E65
:10AA10001FF080F8E26E206F616E1FF0ABF8154FEB
:10AA2000B847206E216D226F1FF074F827467437E7
:10AA300089CFE16E226E0097A847E06D27467037F8
:10AA40008ECF0097B0470299491E019F88E7616D3C
:10AA5000626C1FF01AF9E16DE26C1FF016F9992093
:10AA6000FEBDC320FEBDC046CC8B46006961000020
:10AA7000C55F0000F1610000FEB50C460746C0B29C
:10AA80001EF03CFF05464079002820D03B20C00046
:10AA90002A181078002680076AD4594B5948407804
:10AAA000012816D15A4800680078B84206D0002024
:10AAB00014461F461CF0D2FD3B462246688E434397
:10AAC00090680121C9070140C818906050E0FF2636
:10AAD0004EE00092019628684068066AFF2C1ED15D
:10AAE0000296384617F0BEF886B2FF2E35D0C0B2B7
:10AAF0001EF004FF00684068046A688E40494843BD
:10AB00000299411820461AF07BFA002825D13046D8
:10AB10003946FEF721FDB04246D03046E2E701203B
:10AB2000C0070290E0B21EF0E9FE00684068046AC7
:10AB3000688E334F7843811920461AF061FA002855
:10AB400018D0688E4743009A906891892E4B19401F
:10AB5000029B18403843918108E0688E284B43439C
:10AB6000009A90680121C9070140C8189060019EB1
:10AB70003046FEBD204631461FF0BEF9009DA96853
:10AB8000AA89224C2040204B1A40029B19400B46B8
:10AB90000343AA81AB606B6823409842E7D2083533
:10ABA0001943AA802960E2E7688E154F784302991D
:10ABB000401821461AF024FA0028019E16D020469B
:10ABC00002991FF099F9009DA989AB680F4C2040AC
:10ABD0000122D2071A401318AB606B6823409842D9
:10ABE000C6D208351A43A9802A60C1E7688E474358
:10ABF000009A90680121C9070140C81965E7C0465D
:10AC0000C4090000346F0020FFFF0000FFFFFF7F3A
:10AC1000A06F0020F0B585B00446807809280BD0DD
:10AC2000082818D1E1785B4F3868002915D0002832
:10AC300013D004A9082209E0E178564D28680029BC
:10AC400041D0002800D195E002A90B220A70C088EB
:10AC50001CF0B0F89BE000209AE0002857D0514942
:10AC600009783A2905D10178002902D117F05AF85C
:10AC70003868406F2030251D2026294632461DF0B9
:10AC8000E7F93868406F40302434214632461DF0E1
:10AC9000DFF9454E307800280ED000207070B01CCF
:10ACA000202729463A461DF0D3F922363046214660
:10ACB0003A46384F1DF0CCF938680178002935D074
:10ACC00012F0FAFD51E0002854D00178002941D05B
:10ACD000406F6030211D20221DF0BAF92E48007807
:10ACE0003A2851D128680078002805D108F010FBD7
:10ACF00028680078002847D01FF011F8002843D0BA
:10AD0000694608702868C0881CF054F83CE0234865
:10AD10004178FF2929D001788A0726D5FD221140E4
:10AD200001701F49204611F0A9FF1EE04178142947
:10AD300019D11E480068002817D00069002814D0D7
:10AD40008047002811D003A908703868C0881CF01B
:10AD500031F80AE012F0B0FD002808D001A908205F
:10AD60000870286873E7152141700E480DE02868C7
:10AD70000028ADD109480178CA0705D0FE2211404C
:10AD80000170204617F00AFB0348002101700120E2
:10AD900005B0F0BDAC7D00205C7000204275002045
:10ADA000746C00205D700020D8690020B07D002008
:10ADB00070B55C4D28781EF09AFB002827D0044619
:10ADC0001FF0D7F8584800681EF0D8FE20461FF044
:10ADD000ABF820461FF0C7F820461AF027FC207A6F
:10ADE00000281AD0206E41792A7850481FF0BAF80E
:10ADF00011201FF0BFF8207B401C2073216F497980
:10AE0000002911D0C0B288420ED1432106E00020B3
:10AE10001CF024FC1FF0ADF803E00021204618F0E0
:10AE2000EFF900F023FA70BD254642350020A876E0
:10AE3000616E4A7E002A08D11DF082FE0B2116F0B9
:10AE4000F1FF7D2040014843616E4A7912040B797D
:10AE50001B029A18C9785118226E137993802269BF
:10AE6000334B4B4318188118206E01622161206F0B
:10AE7000C2780079000280180ED0A06B00280BD099
:10AE8000A27B012A08D02B4A12689288920051189E
:10AE90001AF0B6F8002843D0274E307802280CD399
:10AEA0002448016808680069C968096809691AF0D6
:10AEB000A7F8002801D00FF03BFF606E4078C00675
:10AEC00004D4317820461FF02DF807E020461EF00C
:10AED000F9FC012802D0206E1849C1621848007898
:10AEE000002812D02878FE21014002290DD1154DED
:10AEF00028680D301DF088F9002806D12046303032
:10AF00002968C91D06221DF0A3F800F0AFF9606E94
:10AF1000007E400603D5034903201CF01DFC70BDD4
:10AF20003C217BE733700020E47E0020011000000C
:10AF3000C4090000F06F00205070002000204E0077
:10AF40003C6F002004700020FCB40124E40763403F
:10AF500002E0FCB40124E40708B41D03ED08D60D9B
:10AF6000354356025F007F0D06D12C00344300D0DC
:10AF7000AEE001B0FCBC7047A408254307242402BE
:10AF8000FF34A74205D10020190D090501B0FCBC12
:10AF90007047002B03D50024A61BAC4125000B03F2
:10AFA000DB08C20D134342024800400D07D11C00CC
:10AFB000144300D08CE00EBC1000F0BC704701249C
:10AFC0006407234307242402FF34A04205D1002054
:10AFD000090D090501B0FCBC7047002903D5002408
:10AFE000A21A9C412300C11B08D51C002B00250080
:10AFF0001400320026000024611A3800362925D5B5
:10B0000002B4393949420C00203C03D22F008F4052
:10B01000374301E03700A740002F01D040210E4305
:10B0200002BC20290BD500290ED04C42203420B47C
:10B03000A5402C0020BC0D41CE40361904E000296B
:10B040002E000D4120390E4192196B411C00144312
:10B050003ED00024002B04D5012400218A1A9941F6
:10B060000B00401E52005B41FBD5012189021500F7
:10B070000D400CD0521800277B4101D3401C0BE03F
:10B080000721C90115000D4001D189008A4307211C
:10B0900009028A4352005B41801C19DD0721090225
:10B0A000FF31884209D30EBC0020C90F0902FF31CD
:10B0B000C900C91D0905F0BC7047190B0005014303
:10B0C000E40721431805120B104301B0FCBC704784
:10B0D0000021002001B0FCBC70477047F0B587B07C
:10B0E0001AF098FC002804D011F00AFF0020C04399
:10B0F00000E00020039051484068002800D08047BD
:10B100004F480778554C05A804A906AA11F046FC3B
:10B1100000282ED10698861F3178032905D147498A
:10B1200089680029EFD08847EDE704A909786368AA
:10B130000022974212D09D5C8D4201D0521CF8E74C
:10B14000D5B2FF2D0AD00838007819F06FFF31789A
:10B15000022906D0012907D1069904E01DF0E2F981
:10B16000D1E70699891C0870069928461BF004FA55
:10B17000C9E7344801680020064604C9002A04D102
:10B18000401C761CB842F8D300E00646F5B2BD423A
:10B1900024D22D48006880472A490968AB000193F2
:10B1A000CA5802920022CA50284909688847234891
:10B1B00006702748019E8259284602999047054605
:10B1C000FF201E4908702048006880471D49096813
:10B1D0008A592A438A511D49096888471AF01AFC7E
:10B1E00005460398854214D0002D00D1194D1A4808
:10B1F0000068854200D30546A06808341DF068FE4B
:10B200000E49C868421CCA601549284623461AF0F0
:10B21000E3FE14480068002809D10A480168781C38
:10B22000401E08D00A1D096800291146F8D00E48B2
:10B2300000681DF046FE07B0F0BDC046307D00201E
:10B24000C6E0020014700020D07D0020D47D0020D4
:10B25000BCD402008EC2F528E06F0020107D0020D3
:10B2600071320200E46F0020E86F002070B55E4983
:10B270008C68002C61D06068002803D04079401EA3
:10B2800003285AD32088421E1F2A36D80123934010
:10B29000564A134231D00878002800D17CE00125BD
:10B2A000284617F0E3F9002804D0012017F0FCF934
:10B2B0000CF0B4FD082017F0D9F9002804D00820BC
:10B2C00017F0F2F90CF0AAFD102017F0CFF90028C2
:10B2D00004D0102017F0E8F90CF0A0FD2088FEF74C
:10B2E00015FC064600281CD0308810281BD8854045
:10B2F0003F48054217D0756819E000284CD0402817
:10B300000BD0802809D001210A02904205D04A02C0
:10B31000904202D0890288423ED120461EF03AFB7C
:10B3200070BD002503E030460CF078FD0546304640
:10B3300029461EF033FB002800D070BD002E2BD014
:10B34000B44212D03088411E07291ED879440979A9
:10B3500049008F44032E212521212129002DECD0E5
:10B36000FF2029461EF02AFB70BD2088411E0729B8
:10B3700023D8C0467944097949008F440327202EF9
:10B3800020202003002D1DD1D7E7102804D1002D47
:10B39000D3D01EF0FCFD70BD00201CF05FF970BD25
:10B3A000FF20002331461BE0002DC6D01EF0EEFD2D
:10B3B00070BDFF20002331460BE0102802D0002092
:10B3C0001CF04CF9204609F0BDFC70BDFF200023A5
:10B3D00021462A461EF0DCFD70BDFF2000232146D9
:10B3E0002A461EF0D2FD70BD306E00208B8000809A
:10B3F00002010100F0B585B00127029005685B48A5
:10B400000068049028461BF005FA7C20285C002286
:10B41000082814463E4607D851218C00C44001211B
:10B420000C40BB26C6400E4028467C300390504955
:10B430000498400701D414464CE010200860002C0A
:10B44000009201D1242000E0282001972858296E7D
:10B4500000290BD02F6EE96DC91B4018394619F031
:10B460007DFF686FC01B6867002028662F46443741
:10B4700038461CF08FFF686F00281BD1284618F053
:10B48000E7FB296B0023002913D003980279002ED3
:10B4900006D0084639461F461EF0C0FB3B4608E072
:10B4A000384618F08AFB002802D10320C34300E08D
:10B4B00000236B61002C019F3C462D490AD1E96DA8
:10B4C000284609F093FC2A496861E86D0F28009C22
:10B4D00000D83C460498000702D4002C2CD142E04E
:10B4E00020200860686E00280FD03B466F6E686AA7
:10B4F000A96AEA6DD21B801889183A460BF088FFBA
:10B50000A86FC01BA86700206866A86F002803D03A
:10B51000284634301CF0B4FA002E0DD1EA6D002616
:10B52000022328463146FDF70BF96861E86D1028C3
:10B5300000D20126344316D0A86F696FC84201D1EA
:10B540000020E876284613F027FE287E022803D143
:10B5500008481AF097FE06E06C6DAA6D69690398B9
:10B5600003780298A04705B0F0BDC0460C010C401E
:10B570000465024030680020F0B585B00D460646EF
:10B580000720C4438868810702D1E9688B0703D08C
:10B590002746384605B0F0BD2B46203304931B7870
:10B5A000E71D072BF5D30D2BF3D80392AB69EA699E
:10B5B000D342EED0336802931B7E042B03D01CF0E1
:10B5C00007FF0028E5D002981BF034F90746002851
:10B5D000DFD1029F38681CF069FF002825D00123C5
:10B5E000BB7600227A6128680178022921D1009374
:10B5F00001921DF00DFA387E042802D0EA690F2A64
:10B6000049D80398012816D14437012228463946E3
:10B6100005F08AFB2846394614F01AFC686904993B
:10B620004A7839461EF0FAFA21E00020F876A71D84
:10B63000AFE7671CADE73846343001906969049A7A
:10B6400052781EF0EBFA2846019914F001FC4437B9
:10B6500002222846394605F067FB049842783846AE
:10B66000019918F0AAFA002801D1201D00E000205D
:10B6700001900027029CE776204613F08DFD207E86
:10B68000012806D1646D304601992A46039BA047E4
:10B690007FE7019F7DE73C467C34BD6503982070C1
:10B6A000A9687962E968B962696939636968396268
:10B6B0002969F962049B19786171A969B966FA660A
:10B6C0007A67BA675B782371034601983867E07040
:10B6D000022B00D10093002905D000223846009BA0
:10B6E000FDF72EF8EA69002AC2D000280099BFD1E0
:10B6F000304616F091FC07464BE77047F0B587B02F
:10B700000E4657490978002481421BD9C00055498B
:10B710000F18002E00D1544E0D587968307801284A
:10B7200002D1706800280DD07078012802D1B0686D
:10B73000002807D003911AF02BFCE979002905D0E5
:10B740001BF05EFE2746384607B0F0BD2946E831BB
:10B7500001912946643100912C4634340121029133
:10B76000E9711BF04DFE0020E88168742860A86034
:10B770003188A980317DA9717168009B9966B16893
:10B78000019A9166F168296432696A64B2692A6330
:10B79000B28B2280B27FA270326AAA642A46EC324F
:10B7A000A863E8631870A866E86628676867EC23F2
:10B7B000E85050609060D060019A1070002902D16A
:10B7C0002A49296468645020039C205A11F040FFE4
:10B7D000112011F03DFF28464C30E16822691DF030
:10B7E00006FC2846D0306169A2691DF000FC206883
:10B7F0001BF0D2FE384602F015FC384615F09EFBD1
:10B800002B20C00028181A4A02993B4619F0D6FF8F
:10B810005B2080002818174A04213B4619F0CEFF10
:10B8200004AE30461DF07CF90497207A0590284636
:10B8300014306168104A33460BF000FC28467C3017
:10B840000026314618F0B0FE029800022818314652
:10B8500018F0AAFE2068616B0860216B486072E7EF
:10B86000C0E00200C4DF020028D70200A99F020046
:10B8700051240200E97E020061890000F0B58BB01E
:10B880000E4605460878801F0121C841082800D9C6
:10B890007AE0C046784400794000874404757575A5
:10B8A00075753F305700738805A811461A461EF07B
:10B8B0002EFA044600287ED105A8018828461EF0ED
:10B8C00020FA002864D00746059803A9088005A837
:10B8D00040884880F968498888426CD17278464827
:10B8E0000090072103AB28460EF0CEF8002102227B
:10B8F00038460CF08AF9384618F05CF85BE073883B
:10B9000005A811461A461EF0E6F90446002852D151
:10B91000717805AA28460CF088FE4CE0738805A8CB
:10B9200011461A4617F08CFE0446002843D12F48D2
:10B93000818900293FD0807B3378717805AA0091F6
:10B9400001920022294614F097FE34E0738805A87E
:10B9500011461A461EF0C1F9044600282BD105A84D
:10B96000018828461EF0CFF9002819D00746C06884
:10B97000018805AA528851188AB28A421ED0032132
:10B98000384609F066FD16E005AA002414800EE092
:10B9900003AA022010800598508005A8408805E081
:10B9A00003AA0220108000205080059890807178B2
:10B9B00028461CF0B5F920460BB0F0BD0180090403
:10B9C0000BD0C068002808D009480078002804D0AF
:10B9D00008480078012108F0BBF8387A717805AA88
:10B9E0000091019200226623ACE7C046C86A00209D
:10B9F000887E002047700020FF9C0200F0B591B0C7
:10BA000009930A920D46064601200890000210A9EB
:10BA1000088055480CA99CC89CC154480B9002272B
:10BA2000002E00D19CE0002D00D199E00A9800285A
:10BA300000D195E00998002800D191E016990029DD
:10BA400000D18DE01798002800D189E00691079079
:10BA500035201EF0CBF81327002800D180E00446E3
:10BA600020201EF0C3F800286AD0049010201EF099
:10BA7000BDF8002866D00390102005901EF0B6F89F
:10BA8000002866D0002720220192029004983946AF
:10BA90001CF070FF0CA90398059A354B9847204677
:10BAA0003146019E3246324B9847059800900398E4
:10BAB00021463246029B2F4EB047601C27700BA9CF
:10BAC00004222B4EB047601D2946059D2A46B047EB
:10BAD000204615300A992A46B047204625300725CA
:10BAE00009992A46B04720462C3006992A46B04785
:10BAF0002046333010A90222B04705980090352225
:10BB00000A9202982146049E33461A4DA847089887
:10BB100020703346103305980090029821460A9A07
:10BB2000144DA84707983146019A114B9847204673
:10BB3000114CA0473046A0470398A04702980EE05A
:10BB4000204603E020461EF059F804981EF056F8EF
:10BB500006E02046084CA0470498A0470398A04759
:10BB6000384611B0F0BDC0463CDD0200656C746221
:10BB70008180020079DB0000FD9B0200F0B58DB0F2
:10BB800007460693DCB2129D107AD388800680089F
:10BB90009B059B0A181807929388544A1A400F2352
:10BBA0006E4205956E4104960025102C01D32C465B
:10BBB00000E00124801801900698184006904C4837
:10BBC00006780498204304904A4CB0B2AAB282424C
:10BBD00000D382E06D1CA078FCB2844251D0029761
:10BBE000039588B217284AD3CD1FAEB208AF2046BE
:10BBF00031463A460EF0ECFEFF7A03203840022828
:10BC000031D1069903296DD80798007A79440979CA
:10BC100049008F441201040E08A9097A06E008A918
:10BC20000A7A90421FD10798C088C988884204D0F8
:10BC300019E008980199814215D10498002845D14E
:10BC400005988289836808A8002114F089FB0028E0
:10BC500009D1059A9068D1884018116892881BF024
:10BC600059F8002832D078070DD508A8C089864237
:10BC70000DD9291A88B21728B6D21D480678039D17
:10BC8000029F1C4C14E001201A4C607104E0204615
:10BC9000314615F047FE174C00252846F7F75CFCA7
:10BCA000E078401C12490E78314616F0BBF80F467A
:10BCB000F8B28019401E00B231B211F0AFFF0F464A
:10BCC000C8B20C2141436018818B7EE708A9142279
:10BCD00007981DF0A3FF002005E000200799888148
:10BCE0000A2000E004200DB0F0BDC046FF030000B4
:10BCF0002D70002024670020F0B5B1B014460E4628
:10BD0000074608AD15F080F9002864D00496059424
:10BD100029469C35084699300690039126310791B3
:10BD200008AC0021A422204600911CF023FE2780AD
:10BD30004B4908792071087C2871487B29880124A7
:10BD400002462240474B0B409918022302460193BA
:10BD50001A4089180209D207D20D4309DB079B0D4F
:10BD60008709FF077F0D0426064088198018C01830
:10BD7000C0193B4F02952880F87B801E414241410B
:10BD8000079841741DF028FA412807D3F87B411E1B
:10BD90008841C000069A1178014311700399383127
:10BDA000B87A002819D00C7008AE304639302E4FC2
:10BDB0002E4D202439462246A84730465930394670
:10BDC00020312246A8477936403730463946244F3D
:10BDD0002246A84703E0142040E000980870059C24
:10BDE000049EF87908A948710028069D10D008A87B
:10BDF000801D3946543110221CF02AF92878082871
:10BE000006D108A816303946443110221CF020F91A
:10BE1000B87E07990870012806D108A82730144970
:10BE2000103110221CF014F9387AFE210E40022E37
:10BE300006D1002804D0029A1188019B1943118071
:10BE4000411E8841297801437879421E9041800043
:10BE50000843287008A8214607F060FD31B0F0BD06
:10BE600060770020F8F8FFFFC477002051800200BF
:10BE7000546C0020FEB5002602960125284617F0D6
:10BE8000E7FD012800D0A0E0514F38781DF02FFBCE
:10BE9000002800D199E00446006E41793A784D4877
:10BEA0001EF060F82672201D09F068FF02A8072125
:10BEB0000EF08CFA002800D087E002988079A072FA
:10BEC000206E503031460AF03DFC0746801D01903F
:10BED000606E4078C006314604D42A20385C0326C0
:10BEE00006402946206E436B02980268D3603246B2
:10BEF0000E460FF025FF02987421615C019D2A46D1
:10BF000015F0E8F8029828301837032239460092D5
:10BF10001CF09EF8029829460EF0C8FA02980146D5
:10BF20002E311CF03DFF0298052181811AF01CFC86
:10BF30000298618D2A4619F037F8029831462A4650
:10BF40000CF0B4F902980725294605F0D3FC2248E5
:10BF500000681DF013FE029821463746324608F06D
:10BF6000D9F8002808D03B24204619F033F802986D
:10BF7000214619F027FD28E0029814F0E9FB029809
:10BF8000616E897A154A1DF0EDFC0298616E8A7D1A
:10BF900000990A4039461BF0FBFB029806F010F9A5
:10BFA0000F480168029882793C235343C9180268FC
:10BFB00051601CF029F80B480570029880791DF03B
:10BFC00029F90298006808494161FFF74FF9FEBD61
:10BFD0003370002001100000E47E0020FFFF00000D
:10BFE000D87E00204C700020156A0100F8B5584832
:10BFF0004078002801D11DF04FFF5648006856498F
:10C000000A78FF211CF0B6FC1DF0E8FD53494018EA
:10C01000009000273E4650480078F5B285421BD27A
:10C0200028461DF06BFC4179002913D08179494ADB
:10C0300012687C1CFBB2D154016849680F6A0099F0
:10C04000FBF7A0FD2846394614F05EFB28460EF0AB
:10C05000F5F92746761CDEE73D4E7078F9B281424D
:10C0600005D01DF019FF822013F0ECF97778F8B2B3
:10C07000012835D1002538480178E8B2884229D214
:10C080001DF03CFC044640796D1C0028F3D0C32011
:10C0900040002518A0792F4909680978884202D004
:10C0A0001DF0FAFEA079FF21FEF7E6FC2888E18961
:10C0B000490888420CD8207C002809D10F20400173
:10C0C00020188088000603D4A079012113F0D8FC41
:10C0D000A4793AE01DF0E0FE822013F0B3F97778FE
:10C0E000F8B2022806D11DF04DFC04461C488442DB
:10C0F0002BD17778174C2068F9B211F059FB2068E2
:10C1000071781DF03DFF08F077FC0446C5B2FF2DA5
:10C1100004D11DF0C1FE822013F094F928461DF0D1
:10C12000EDFBC3214900415AC289520891420CD803
:10C13000017C002909D10F2149014018808800069F
:10C1400003D40121284613F09BFCE0B2F8BDC046A1
:10C15000346F0020A06F00204D700020C409000043
:10C16000FFFF0000F0B58DB017460D4604468E78EF
:10C17000122E18D01E2E21D1204618F065FE002761
:10C1800000287AD00546807840087E2875D8E8785F
:10C19000002700971E2321463A4612F035F828461C
:10C1A0001CF096FD69E06878012807D148480078BE
:10C1B000FF2861D004970020039021E0204618F06A
:10C1C00043FE0346002810D01A79002A0DD050B241
:10C1D0000027002851D4204631461C461AF02AFD7B
:10C1E000207980210143217147E004973848007885
:10C1F0000627FF2841D0022E3FD30393182E3CD8A8
:10C2000030461BF095FE0627002836D002903046B7
:10C210001BF09AFE002830D02878002802D16978D7
:10C22000012902D1122E28D16978AA68AB8807AEFD
:10C230000096029EB047074600281ED1A8781BF042
:10C2400083FE024607A920469047002818D00746DB
:10C250006878002811D1A87805A908700F7107988F
:10C26000488020461BF09CFC00280CD0012105AA28
:10C2700020460AF0F7FA06E0062738460DB0F0BD72
:10C28000AB78042B01D10027F7E71148007807A904
:10C29000009100262146324611F0B6FF07460028DD
:10C2A000EBD1A97807A814F06BFE002801D0049800
:10C2B0000670A8781228039A05D1002A06D069785A
:10C2C000012902D102E0002A00D010713746D4E7DC
:10C2D0006D7F0020F8B514460E460146504802789E
:10C2E0001227012A0AD14078002807D11820022EEF
:10C2F00003D8002E04D0002C02D1F8BD3846F8BD7A
:10C30000022E01D1FF2CF8D808461DF0F0F80028C5
:10C3100005D00546007A012803D11120F8BD34204C
:10C32000F8BD686E41780907890F0CD03D4909684E
:10C33000002908D00A68002A05D0C17A0C3090473D
:10C3400000283846D9D0A86EC17802791202521856
:10C35000417983791B025918C3791B04007A0006BE
:10C36000C018431801276946384612F0C1F9002861
:10C3700004D00078012101404F424F41012E0AD0E4
:10C38000002E15D1286FC11C002F19D000224A7031
:10C390000A7042711AE0002F05D12348201880B29C
:10C3A0002249884219D3286F210A0171C4700BE019
:10C3B000002F19D0286F00210171C170447105E070
:10C3C00046224A7050220A700021417101210170F9
:10C3D00041701DF0C3F9002801D01820F8BD0120DC
:10C3E0001CF06EFC0020F8BD696E1820002984D076
:10C3F000002C82D0012CDDD0CA780B791B029A1850
:10C400004B791B04D2184B7E09495143012B01D0B3
:10C41000084A891822464A4307498A42CAD96CE722
:10C42000307E0020FC7E0020AFB9FFFFB0B90000D5
:10C43000C4090000409C00000054EA2AFEB5122402
:10C44000012800D9A5E015460E460746002902D16D
:10C45000002D00D09DE0002E02D0002D00D198E0EC
:10C460002846184300D194E0002B15D002944A4886
:10C4700000680D301024194622461BF0E9FD46489D
:10C4800000680D3021461AF0B5FA43480068029C56
:10C49000C11D0D3011F068FD002D68D0002E07D0B1
:10C4A0003D480068394632460BF034FCFF2870D115
:10C4B000012F08D128461BF0A7FE002803D1707970
:10C4C0008009032865D3354800783349096801227B
:10C4D000D3B283424DD81E245C430B5D521CFF2B0C
:10C4E000F6D108190770401C062231461BF0B0FD3A
:10C4F000294E306800190D30102229461BF0A8FD86
:10C50000306800190D301BF07FFE00280BD1306819
:10C5100000190D3010211AF06DFA30680019C11D94
:10C520000D3011F021FD3068001900274777029780
:10C530001B480178F8B288422AD21DF0DFF905467F
:10C540004079002811D0A9204600A85D01280CD10F
:10C55000532080002A181048006801190D310192FB
:10C56000104614F063FC002805D17F1CE0E700248E
:10C570000FE007240DE0A819074909680A19095DA9
:10C5800001230B400370511C062201981BF060FD33
:10C59000029C2046FEBDC04604700020587000205A
:10C5A0004D700020F0B589B0564800781CF09FFF10
:10C5B000002800D1A4E0044603A8FF210170216EE9
:10C5C000503106AD284614F075FC284609F03EFBB4
:10C5D000002800D194E0054680782918C8780F22F9
:10C5E0000240032A00D08BE0091D4A798B791B0297
:10C5F0009A1804AFBA804A788B781B029A18CB78C5
:10C600001B0409790906C918891804914006C60F48
:10C61000606E807C401EFD2101404A424A413846FE
:10C62000314615F043FEC3B203AA3846314603F043
:10C6300057FB070632D1284618F040FBC00604D548
:10C64000012004AA31460AF075FA03A80078FF28F1
:10C6500024D01CF0D9FD019003A909781E264E4371
:10C6600002978719F81D04A9009106221DF0D6FA39
:10C670007879B97909020818009988807878B978AA
:10C6800009020818F97809043A79029F120651182C
:10C69000081804900198805D0226064306201BF0CE
:10C6A0003FF8002827D0002F25D1606E007E0121A1
:10C6B000014020D00B201DF09DFA002817D007461E
:10C6C000132038700F4800787870BE70E8783F21EA
:10C6D00001407972284618F0DBFAB872F81C04A9F8
:10C6E00006252A461DF09AFA2846394601E00E2012
:10C6F00000211BF031F8206E503000210AF022F8A2
:10C7000009B0F0BD33700020F0B58DB005920C4635
:10C71000054640881AF0BEF8871E4F48007800286A
:10C720000B950AD04D48064634362C30854206D04B
:10C73000202229461BF08CFC01E02E460836B8B2B8
:10C74000801E0A90701D0890444D0796A88B002CFF
:10C7500057D10A99814254DB3088718833790CAA09
:10C760000092089A0DF092FB002840D007464089BD
:10C7700030800B9D68880CA90A8839460DF06CFA48
:10C78000002836D1688809900CA90A88324E73684F
:10C7900029790A9CA0B20025304CA41C009406956F
:10C7A00001950290039109983946FBF797FD0446DD
:10C7B0003078002804D0002C0B9D079E04D01AE08E
:10C7C000002C0B9D079E1AD1688823494968234A8B
:10C7D00052887B890BF02AFD00280AD13088204935
:10C7E000884204D0401C308000241C4DAEE7002459
:10C7F00005E0044603E0162C01D1069C29E0174D04
:10C80000A88B00281DD0E98A15F00CFBA8821248DD
:10C81000007800280BD02C462C342179284634305F
:10C820001CF076F90021202220461CF0A3F80B987A
:10C8300040881435294617F083FA002808D10446A9
:10C8400007E0002C00D10A2405993088088000E018
:10C850001624E0B20DB0F0BD807800207879002079
:10C86000FFFF0000F0B585B000286DD004461D26FE
:10C87000B320400025184848006880470290287877
:10C8800012F04CFBA06E00282CD0444F001D19F074
:10C8900069FC00281DD0817B4118C97B032906D083
:10C8A0000F214156002902D53978491C397008F00A
:10C8B00071FEA06EEAE7817B4118C97B032906D08F
:10C8C0000F214156002902D53978491C397008F0EA
:10C8D00061FEA06E0C3019F045FC0028EBD1A06E73
:10C8E0001AF008FA35012E4800782E4908702E49B2
:10C8F0000A68A0791C234343D218002797600A686E
:10C90000D218D7600A68D7500968C9184F601DF05F
:10C910000FFB2648007801281DD1206F00281AD06F
:10C920000195234EB047234D28461830B04728467E
:10C930001030B0473E46102E0AD0A85908F02AFE03
:10C940000020A851361DF6E700201AF087FE20E0EF
:10C9500000202884019D6619104D2878002808D0F1
:10C96000A27904A90A8003AA1080012012F0DCFD3C
:10C970002F70204609F002FA3068002802D008F033
:10C9800009FE3760204609F04DFC0B48016802980B
:10C99000884705B0F0BDC046D07D00205170002012
:10C9A0004E70002054700020DC7A0020346F00208C
:10C9B000C5850200E07A0020D47D0020F0B589B062
:10C9C0001C461746089105684268002B01D00021DB
:10C9D00021600E21CE43002F13D0069207901CF049
:10C9E0006DFD059019F0D4FAE97900290BD0049473
:10C9F0002C46E8342178002908D01AF001FDB61D34
:10CA000084E0761D82E01AF0FBFC7FE003900122B7
:10CA1000227008986060A760E76000216161E963A7
:10CA20006973E9720192100228180290009116F0C1
:10CA30003FFF06981CF0E9FA0598002802D16879B2
:10CA4000002826D0079806F031F903981AF0D8FC90
:10CA5000687900280CD10E99029816F029FF002859
:10CA600001D00198687307980DF0D0FB002020706A
:10CA70000499002901D060690860E87A002803D091
:10CA80000020E872761C41E0687B00283DD1064614
:10CA90003CE003981AF0B4FC079805684468442009
:10CAA0000690285CC00605D52E6CAB6C10210022C8
:10CAB0000798B0472E46E836002F0BD070690899CA
:10CAC0000A18204639461AF0B0FA716909187161DE
:10CAD0003F1AF1E720461CF09FFA0028FAD02046C2
:10CAE0001CF08CFA0698285C800605D52C6CAB6C83
:10CAF000202100220798A047009A3270049900294B
:10CB000001D070690860164600E0B61C304609B0D6
:10CB1000F0BD7047F8B540490870404800240460F3
:10CB20003F480E2101700D214180890181803D48DF
:10CB300001783D4A11704378537086789670C778B3
:10CB4000D7700579157140795071384A117053705A
:10CB50009670D770157150713548E143818001603E
:10CB6000344804803448017F427F12025118827F8A
:10CB70001204C07F00068018461870782F4908708C
:10CB800030782F4908702F4800882F490880706935
:10CB90002E490860F0782E49087030792D490870C8
:10CBA0001CF018FF19F036FF1BF0DEF821461BF0D1
:10CBB000E7F8294908702820305C022804D3283679
:10CBC000717803220A4002E0FF2101200A46234B2C
:10CBD000187059709A701DF0A0F905F095FF0028A3
:10CBE0000BD007F0ADFC0C4800780121890306F05A
:10CBF000AFFF00201AF032FDF8BD19480460194952
:10CC0000818084711DF0ADF903480078012149034A
:10CC100006F09EFFF8BDC0462C700020946F0020E7
:10CC20006A6F00205800004E546F0020646F00208F
:10CC30005C6F00201A6A0020C0D802004E700020ED
:10CC40004D700020367F00201E700020BC6F002039
:10CC500034700020587000204F700020756F002045
:10CC60002C6F0020FFFF0000F0B591B004930392F9
:10CC70000E460224E7430021069100280DD0002E25
:10CC80000BD00399090D08D100684168484816F097
:10CC90000FFE002800D180E07F1C03203146009069
:10CCA0000140089104204349049A002A079602D0C3
:10CCB000F218521E07920A96189A0292179A019237
:10CCC000169E0125089A801A099008680590002090
:10CCD0000B93002F294600D10146C80757D134488D
:10CCE000006D0027089900290BD0984209D20999B4
:10CCF000884206D2059816F04FF90B9B07462C4840
:10CD0000006D984201D31C4604E0099C011B009A67
:10CD100091430C19002819D0002C17D0A04215D32C
:10CD2000001B254909180A9822461CF077FF204865
:10CD3000006D001B204908180022059923461AF0AF
:10CD40008DFA0B9B1A49086D001B0865002F08D14E
:10CD5000A34206D0191B0A98001917F0DBFF0B9BA2
:10CD60000746079A1078069908401070002E28464A
:10CD7000AFD003980D900A980C900CA804990172FA
:10CD800001990F9102991091B0470B9BA1E70848B8
:10CD900019F078FA384611B0F0BD0398C01DC308E9
:10CDA000072101408C40601E0690002775E7C046B1
:10CDB000C85C002080E00200346C0020F8B5044616
:10CDC000C0C838781CF0EAF97A783179904211D1EC
:10CDD000481E0A280AD8C046784400794000874493
:10CDE00005050505505D054405054B00072030711C
:10CDF00000255CE0481E0A2817D8C0467844007910
:10CE0000400087441B122C12050512121612050051
:10CE1000307C1221084208D0032535711CF092FBAA
:10CE200030680EF027F8357101E0022030710025DE
:10CE300051E0307C202505400A204BE01CF072F9BF
:10CE4000B060307C012505401221084241D003200A
:10CE500030711CF077FB30680EF00CF83BE00420DA
:10CE60003071307C0225054035E0B0681BF045FA92
:10CE7000F060307C0C2517E007203071307C0425F1
:10CE80000AE0307C800618D4B0681BF036FAF060F7
:10CE900007203071307C0C25054008E0B0681BF09D
:10CEA0002CFAF060307C142505400720307178782A
:10CEB000002815D0012815D018E0082030713068FE
:10CEC000316AB269891A1CF002FF30680DF0D2FF96
:10CED0008EE7022030717878002803D0012805D130
:10CEE000084900E00649387813F0F6FE002D05D019
:10CEF0007269002A02D0204629469047F8BDC046F4
:10CF0000040001000400020086B05048006A066870
:10CF1000002E02D0C068046800E000244C49486A32
:10CF2000401C486202A814F07FF9054602980028C8
:10CF300002D003F081FE7FE0002E03D0AC4212D974
:10CF4000002204E04148406A0068424242414048B1
:10CF5000406B611B14F034FA03F06EFE00286BD1B5
:10CF60001BF0EEF868E003F067FE2046294614F057
:10CF7000B9FE61E0029E002E2FD4049C6069002857
:10CF800002D0201D19F0D6FF01A814F04DF9054676
:10CF9000701E082850D8C046784400794000874465
:10CFA00004042F213F04042F21002746283728207E
:10CFB000215C01220A432254039EA0698119204664
:10CFC0002A46334616F0A8F9002835D038784107AC
:10CFD0001CD4FA21084038701EE0039A0498059981
:10CFE000904729E02820215C01220A43225403981B
:10CFF000A061411920462A462B4616F08DF91BE008
:10D000002820215CFE220A40225415E0A0698119E3
:10D0100020462A4618F026FD216A204688470BE064
:10D020002820205C810703D4204614F0A7F903E0F0
:10D030002834FE21084020700548406B02A90022D8
:10D0400004F03CFD002895D15FE7C046B475002090
:10D050008C760020F0B589B00793174608910446F6
:10D060004D4DE87D80001CF0C1FD002838D00646FB
:10D0700006970E9805902F460620604303902030B7
:10D0800008210291089D2A461BF012F801902046C3
:10D090000FF0C2F9F87D8200FF2130461BF06AFCD8
:10D0A000532080002018F97D8900049632461AF03A
:10D0B000FFFF064601980643B86AE100059C401848
:10D0C0002946029A1AF0C4FF002C0ED0002110222B
:10D0D000204619F0F5FF0028069A0AD0344606E0EB
:10D0E00004201AF0BBFA0A2552E03446069A039D42
:10D0F00018E0119F089988792246012420400023D6
:10D100001AF00EF9002F039D03D0002801D0224809
:10D110004470284623301021059A1AF0C9FF0446AE
:10D120003443069A002A07D0284621301C211AF0E1
:10D13000BFFF0746274300E027460F9E079A002AB5
:10D1400007D0284622301C211AF0B2FF04463C4387
:10D1500000E03C46002E10D02846243010213246F4
:10D160001AF0A6FF06462535042110AA28461AF013
:10D170009FFF05463543254300E02546049C0648AD
:10D18000407C002801D015F077FF20461CF036FDCA
:10D19000284609B0F0BDC04660770020F0B585B0E4
:10D1A00002AC0EC404461CF023F80646E0B21CF0A4
:10D1B000A5FB04463920C000251827467437A879F6
:10D1C00002280ED0012800D084E00498022814D14F
:10D1D00001960026AE802E601CF090FCAE60019E91
:10D1E00002E00498022875D1039901291AD0002978
:10D1F0001FD18C2012F026F96CE001202A88022A27
:10D2000038D3039951186A8891424CD900242C6074
:10D210001CF074FCAC60AA888B20314615F00AF82B
:10D22000AC8057E001202880029909786980A871B4
:10D2300050E0029A5078000212788018001D688031
:10D24000042905D3029A9078D27812021018A88087
:10D25000204611F057F800283CD0A868002839D0A3
:10D260001CF084FC22466888A04235D11BF070FE79
:10D27000AC802EE00399002915D0012A13D1029821
:10D28000007800026A880243101D6880042905D3D3
:10D29000029A5078927812021018A880204611F055
:10D2A00031F8411E8841002814D0A868002811D008
:10D2B000298840181CF05AFC2888001982B228805E
:10D2C0006888824206D11BF043FEAC802C600220AD
:10D2D000A871AC6005B0F0BD2888801828800120B6
:10D2E000A5E7FEE770B586B0044681780025481EA4
:10D2F0000F2826D878440079400087440C8E248E6D
:10D300008E338E8E8E0C8E8E8E07070720461CF075
:10D31000F4FC054681E00846214606F0BBFBA488E4
:10D32000E0B201A91BF01CFD204613F06DFE0028A1
:10D3300072D00446827C408801A952073CD5123144
:10D340003BE0832969D1A088224616F019FB0546E7
:10D35000E078002861D1A088E1886289238919F0EA
:10D3600082FE5AE0A088402101252A4617F033F9B1
:10D37000002630461AF098FCC0B202282ED11020A8
:10D3800018F034FB002842D00146D0200870E07825
:10D39000487011208870A0888880E088C880208923
:10D3A000088160894881A0898881002088731C4891
:10D3B000007819F0E1F82FE01A4909781AF000FE18
:10D3C00065883420215C002015F0B6FB0146284614
:10D3D00015F0A6FE608801F0C2FB1DE0A18801AA3D
:10D3E000118001280DD000280DD1E08801A94880C6
:10D3F000208988806089C880A0890881002088727F
:10D400002E4601A8C67201A806F0E6FA04E0A0883C
:10D410004021002217F0DFF80125284606B070BD34
:10D42000DA7A00203B700020F0B58BB003920F46F3
:10D4300005460620C643A9680493D8190291496895
:10D44000884201D9F61C81E0109C42488068B11DD9
:10D45000019116F02DFAE007069406D122460298B3
:10D460000068A1070FD4049D2FE03A4B19790029D9
:10D4700000D039490A4604980240C8431B78002B63
:10D4800011D1134612E0C119039A049D2B46002BBB
:10D490001AD014780D7825405B1E521C491CAC42F2
:10D4A000049DF4D04EE00123DB02D318049C2042FB
:10D4B00000D01A463940284608F044FA06460028AB
:10D4C00040D102980068049D069AC419039E0597EE
:10D4D000002D25D0082D07952F4600D3082718F0DA
:10D4E00057FD0A901D4908680990002008601C48F3
:10D4F000006808901B48314622463B46089DA847D5
:10D5000005460998154908600A9819F079FF002D19
:10D5100017D1079DED1BF619E419059F069AD7E769
:10D52000002650070ED502980068C019049B039C82
:10D53000002B07D0217802785B1E641C401C9142AE
:10D54000F6D0019E0348806818F09CFE30460BB070
:10D55000F0BDC046C47D002000F8FFFF2444024017
:10D560006000000F8FA0E3B7F8B516460F460546DA
:10D5700018F00EFD01462C1D6879002800D183E0CB
:10D580000F2800D980E0002F7ED0012800911ED105
:10D590001BF0A0FE012528460BF0BCFE21780002FE
:10D5A000081820803B4E304610301CF02AF8032823
:10D5B0001DD1306800281AD0317C490705D436497E
:10D5C0000D60317C04220A433274690259E0032F52
:10D5D0003DD0022F24D0012F4CD12E480179B20723
:10D5E000D20EE7230B4099180171802148E03046A4
:10D5F0001C301CF006F80228009945D1306800283C
:10D6000042D0317F490709D4317C490706D42249E9
:10D6100002220A60317F04220A433277290230E075
:10D62000012001021B48027FB307DB0EE7261640EC
:10D63000F3180377520723D4027C520720D4164AEA
:10D6400002231360027F04231343037718E00122AF
:10D6500051021048037CB607F60EE7271F40BE199B
:10D6600006745B070CD40C4B1A60027C0423134332
:10D67000037405E009480A490A4A00BF00BF0021B7
:10D68000284612F0FDFE0099084619F0B9FE6078B0
:10D69000F8BDC046806B00203010084017E0020043
:10D6A00047C90200A1030000F8B514460E4607461C
:10D6B00018F06EFC00901BF06DFE0546002C04D0A7
:10D6C000C835012C05D12E460BE04248C5602E46D8
:10D6D00018E0A81B3E49884201D9354601E0022CDA
:10D6E00061D13C48C560284618F044F91BF052FE51
:10D6F000401B3749884205D837483849AD22520087
:10D7000000BF00BF002F2DD0324C20794007800F82
:10D7100028D1B868F968002905D08A196261227C8D
:10D720000123134323744218012A00DC012200283C
:10D7300000D40246002900D10246012A05DB9019D7
:10D740002062207F012101432177204610300BF019
:10D7500085FF20461C300BF081FF2079F921014024
:10D76000881C20711B48017C4A0718D4C906890F00
:10D770000BD0012902D00146183101E001461431D5
:10D780000968691A124A914209D9017F4A0718D4D7
:10D79000C906890F11D0012909D0243008E01CF0F6
:10D7A00057FB032010E01CF053FB8620F8BD20300F
:10D7B0000068281A0649884203D91CF049FB032057
:10D7C000F8BD1CF045FB02200BF0A4FDF8BDC046DF
:10D7D000FFFFFF1F806B00209DCE020044C80200A7
:10D7E000F8B515460E460446806AA067616819F0D0
:10D7F000E1F80246E067A16F204604F0EDF8A06F63
:10D80000E26FD1004118083190000A18121D131858
:10D810001B1D1818001D274660370EC7E0663B4FDA
:10D8200020463246B847616E20462A46B847A16E68
:10D8300062682046B84730461BF08DFEE16FE42653
:10D84000884260D128461BF086FE0146E06F814287
:10D8500059D1206E1AF07AFE002807D0606EE16F71
:10D860001AF074FE002801D0E3264CE0A36EE16EAE
:10D87000226E204609F00EFBE126012843D1E16E1D
:10D88000E06F8000085800283DD1626EA36E2046EC
:10D8900009F000FBE226012835D1E06EE56FA90012
:10D8A000405800282FD1A06E216EE269A36F009529
:10D8B000174DA847206E1BF0FBFCE06E216E226A1C
:10D8C0001CF0F8F8206EA26EE16EA36FE66F009672
:10D8D000A847E06E216E626A1CF0ECF8616EA06EE3
:10D8E000E269A36FE66F0096A847606E1BF0E0FC4C
:10D8F000606EE16EE26F19F0F2FF002801D11A208C
:10D9000000E01920C643F0B2F8BDC046892C0200E1
:10D91000C55F0000F8B519F07DF8384E00242046A8
:10D92000B04737490978374FB8470120B04710252D
:10D930002946B8470220B0472946B8471BF016FFD2
:10D9400005461BF017FF0146284616F04FF905461D
:10D9500019F04DFB2C4800680480448084800BF053
:10D96000BCFA0DF0FEFE1BF05DFF08F039F8274809
:10D9700082780720D10701D0014600E00521120777
:10D9800000D403200840224908701BF057FF1BF009
:10D9900051FF2048047020481B2101801F48292185
:10D9A000C90001801E4801801E48A921090101808B
:10D9B0001D48FB2101801D4801801D481D49018033
:10D9C0001D4801800DF0C2FB12F062FB1CF0AFFAA3
:10D9D0001AF0FDFF12F028FF1CF0E7F91748047059
:10D9E0001748E14341601F220272C1600274154969
:10D9F00025220A7004702846F8BDC046D55302009F
:10DA000034700020417B0200F46F0020DE6D0020A6
:10DA10003570002059700020526F00205A6F00208E
:10DA20001C700020626F00202870002024700020ED
:10DA30002A70002090420000267000204C700020C8
:10DA4000A47C00205A700020F0B58BB016460A91D5
:10DA50000546D0B21BF052FF04461CF0BFF800226E
:10DA6000002C6FD0002D6DD0617900296AD0029210
:10DA70000F214901079161180391C32149000891C1
:10DA8000611805913B4941186868076A2068406839
:10DA9000056A284609911CF02FFA0A99884207D393
:10DAA0000A9838180490294617F0AAFA012810D1CC
:10DAB00005980088E18949080125884243D9207CDE
:10DAC000002840D103980068C00F3CD10A9838184C
:10DAD000049001200190C0070690B0B214F0C2F883
:10DAE000FF2833D00646C0B21BF008FF0546206869
:10DAF0004068076A384609991CF0FEF90A9988427D
:10DB000005D30498394617F07BFA01281ED10898EE
:10DB100028180088E9894908884208D9287C002803
:10DB200005D107982818006806990842D5D00399AE
:10DB30000868898880220A4006990840801807D022
:10DB4000019D00E0154628460BB0F0BD029DFAE7A6
:10DB500005980588A07914F001FA281AE189490886
:10DB60008842019DEFDCA0790125294611F088FF4C
:10DB7000E9E7C046C4090000F0B58BB003930492F6
:10DB800005910690102420461CF030F806462046E9
:10DB90001CF02CF807461325002E78D0002F76D0E5
:10DBA000069831463A4606F0D1FE0546002870D167
:10DBB000102528461CF01AF8044628461CF016F8D2
:10DBC00003461325002C029056D0002B54D001960A
:10DBD000049A002A00970CD010460F300009461E08
:10DBE0003001110707D180B20599081801991A462A
:10DBF0000DE00020064680B2059908180F210A4062
:10DC000007AD294618F0DCFC28463946029A1AF07E
:10DC1000ABFB1098049000251022204629461AF0EC
:10DC2000A9FE0A950995089507952F46B8B2864230
:10DC30000FD9002D0DD13805000C0599091807AD35
:10DC400020462A461AF090FB1BF0D0FE05467F1CAA
:10DC5000ECE7002D0DD107AD204602992A461AF0B7
:10DC600083FB1BF0C3FE054603982146049A1AF075
:10DC7000EFF9009F019E029B002C03D020461BF071
:10DC8000BDFF029B002B02D018461BF0B7FF002EF1
:10DC900002D030461BF0B2FF002F02D038461BF0F6
:10DCA000ADFFE8B20BB0F0BDF0B58BB015460E4637
:10DCB0000746487817F020F9002814D00446049746
:10DCC00000270771307815282DD007280DD013288C
:10DCD0001ED001284BD101200390728805A8294647
:10DCE00013F070F92BE0002741E0207803283ED1A3
:10DCF00001200390728805A829461CF00AF8002824
:10DD00001DD1002701222046394609F07EFF17E089
:10DD1000207804282BD101200390728805A8294679
:10DD20001AF0CAFA0BE02078022820D101200390D3
:10DD3000728805A829461BF0E8FF00281AD007467C
:10DD400020461BF005F83378072B0AD0152B08D096
:10DD5000207A05A900220092019104993A4612F016
:10DD60008BFC0398002802D0204615F023FE38468D
:10DD70000BB0F0BD05A802890027002A01D0394662
:10DD800024E005A800883F2102468A43402A14D196
:10DD900005A94988172910D305AA9288172A0CD3F8
:10DDA000E36805ADED881D8058809980DA800120F8
:10DDB000207000220392114608E0E1684880E08864
:10DDC00061881BF086FF05A802890221204608F021
:10DDD00098FBB5E7F0B593B00446062545432F46BA
:10DDE0002037082111AA384619F018FD002600280E
:10DDF0007DD111A8FF21062219F062F9002876D101
:10DE00003C48C07D80001BF0F1FE00286BD00490E0
:10DE10000AA8FF261C2231461AF0ACFD3548C07D09
:10DE20008200049831461AF0A5FD284623301021BF
:10DE300006AA039019F0F2FC00280CD106A8FF21D5
:10DE4000102219F03DF9002805D111A98A79012085
:10DE5000104019F08FFA11A80590FF2108263246CC
:10DE60001AF088FD244B38463146059A1E469847DD
:10DE70000290284621301C2101910AAF3A460597AD
:10DE8000B047334606460298064328462230019999
:10DE90003A46984707463743102102910398059A5E
:10DEA000154B984706463E43284624300299059A6A
:10DEB000114B984707463743253504212846059AD4
:10DEC0000D4EB04705463D435320800020180949B8
:10DED000C97D8900049C2246B04706462E43204651
:10DEE0001BF08CFE03E0042019F0B8FB0A26F0B208
:10DEF00013B0F0BD60770020B1800200F0B585B0AE
:10DF00000446074644370491243000900125002040
:10DF10000190434E1AF008F9A06B002850D10498E4
:10DF2000002862D0E80703D0306B0290706903903C
:10DF30001AF060FC706A401C70621AF0F5F83878CC
:10DF4000FF2801D1002038707878FF2801D1002007
:10DF500078701AF04FFC02A804A911F04FFE0028B7
:10DF60000AD01BF08FFF02F067FE20461AF0BAF9C4
:10DF700000250028CED03AE020461AF0B3F9002858
:10DF800005D11BF07FFF02F057FE0025C2E7206895
:10DF9000002807D11AF0C8F8A06809F0F3F9019039
:10DFA0001AF028FC0499009819F07EFC1BF06AFF17
:10DFB00002F042FE00250028ACD11AF0C1F8A9E712
:10DFC000401EA0632068002802D11AF089F8A060E2
:10DFD0002069012500281CD01034204606F0F4F8F2
:10DFE000002816D01AF0ACF813E0002511E00198D3
:10DFF000002813D01AF098F800980068002500282F
:10E00000294603D0206B00680A21091AA0680CF089
:10E010002DFB1AF0EFFB284605B0F0BD0025FAE70E
:10E020008C760020FEB530C827463437284652305B
:10E03000009001A81AF044FD28680299226B34234D
:10E04000E35C3B4CE35C7C783A4E345D1C43BB782C
:10E05000394EF35C234317F03FFE2868374941648B
:10E0600019214163E969012915D1AA6AFF3A511EB4
:10E070008A4101463031036B2C4C2340D2031A43B2
:10E080000263EA6AFF2A0CD00A6801239B03134348
:10E090000B60009E0BE001463031026B234B1A40AF
:10E0A0000263009E0A6801239B039A430A60317849
:10E0B000022906D001290AD1016B02220A43026318
:10E0C00005E0016B06220A43026371780162C16AAE
:10E0D00010220A43C262016B01220A4302633179B2
:10E0E000002903D0016B40220A430263E96B002937
:10E0F0001AD0A96B002917D001211AF009F9E86B91
:10E100000F4908600F4908600224214618F0F2FE0A
:10E11000A86B214618F0EEFEE86DF17819F0BAF818
:10E12000A86DB17819F0B6F8FEBDC046FF7FFFFFBD
:10E1300094E00200B6E0020048E00200F23700007E
:10E140002C60024004650240B0B5054643480078A3
:10E150001BF0CDF904462888012802D0002019F0D0
:10E160007DFA002C71D0288801286DD1606E40782E
:10E17000C0060CD51BF032FD216E096A16F040FF77
:10E18000002804D01BF02AFD216E08622061606E19
:10E19000C07C7F2804D120462930002117F088FF59
:10E1A000256E29202056002119F0EAFD31216854FE
:10E1B000206E616848600121CA030261206E4269D5
:10E1C000022313434361626E5378980706D5206E8D
:10E1D0000269402313430361626E537808025B07B0
:10E1E00004D5226E136903431361626E127E920698
:10E1F000920F03D0226E53690B435361226E536911
:10E2000004210B435361226E136903431361144AC3
:10E210001278002A0BD0626E5278920707D0226ED5
:10E2200053690B435361216E0A6902430A612069F5
:10E230000C4909688860216FCA7809790902891830
:10E2400002D0A26B002A04D0B0BD002019F006FA5B
:10E25000B0BD054A4A431018A063B0BD337000201A
:10E260003C6F0020F06F0020409C0000F0B58BB0A8
:10E2700016460D46044607A8002110221AF07AFB24
:10E28000424F3A68002A05D0D088A04202D11078C7
:10E2900000282DD0204612F0B7FE002824D00746D3
:10E2A000C16A00290AD0088AB04207D11BF0AAFB34
:10E2B000012803D1F96A8A7E07A85AE07A79B91D44
:10E2C000012010406F463A461BF07CFA00280BD123
:10E2D000388AB04208D169461BF094FB012803D16B
:10E2E00007A86946102244E0204617F01BFE46E0CE
:10E2F0005078062828D1D078000734D4104608304A
:10E300001146283148326B4610F0A8FE0028C1D1D2
:10E31000204612F079FE0028BCD00746C06A0028CB
:10E3200005D11C201BF062FCF8620028B2D017F067
:10E33000C1FB0246F86A827607AD6946284619F0A5
:10E3400087FEF86A102213E01128A3D1916D0029ED
:10E35000A0D0088AB04215D11BF054FB012811D17E
:10E360003868856D00E0956D17F0A4FB024607A89C
:10E37000294619F06DFE07A9204617F0E5FD01209A
:10E380000BB0F0BD322014F007FA83E7AC7D00201B
:10E39000B0B588B00C46411E02464A408A425BD95D
:10E3A000002807D0414201402F484843C00E2FA10A
:10E3B000085C00E0202004284ED8C046784400794C
:10E3C00040008744022649174000251D3248018835
:10E3D000354A914206D161890180801C0622294676
:10E3E0001BF01CFC284612F011FC034660890090CB
:10E3F0002E4A19E0A188254802AA19F0D5FD002867
:10E400002AD1E078002829D0A378A0880090204A5B
:10E4100026E0A38820480188994202D10021C943FF
:10E420000180A07900901D4A06200024214615F0A5
:10E4300089F91B4819F0B8FD03461A4A0520214600
:10E4400015F080F908E06089002801D0002100E083
:10E450000121204613F0FEFD08B0B0BDA3880D4A8F
:10E4600006200021ECE7C04631B57C0700011C0204
:10E470001D0E18031E16140F191104081F1B0D176B
:10E48000151310071A0C12060B050A09DDFC010012
:10E49000BDCC02003CD10200DC6E00204FCE020059
:10E4A000518902001AD80200FFFF000018CC0200B8
:10E4B000F0B59DB00D460822D74306680968886903
:10E4C00014920B9202923C460834202852D168687C
:10E4D0008268202A4DD12A7B012A07D10A68A968BF
:10E4E0008968032A0FD120290FD042E0A9688968E2
:10E4F00041293ED1002A08D1406814A9091D2022D3
:10E500000CF022F907E0402933D1406814A9091D15
:10E5100020220DF0BDF92868006803282DD1159838
:10E520000721884315901C98274908404018401C33
:10E530001C90371D8C3603213846324612F088FB7A
:10E54000224A14A90BAB38461AF0B4FC992811D111
:10E550002B681968287BAC68032928D1012826D1AB
:10E5600060680BA9091D20221BF058FB02202070B7
:10E5700023E03C4620461DB0F0BD301D8C36032103
:10E580003246064610F04AFA14A930460AF0B2FBA9
:10E59000E72816D0E82812D0E928D7D102A80090A1
:10E5A00014A90BAB30460A4616F030FECEE70090B9
:10E5B0000BA802A922460CF0C5FC0024DAE77C1D5A
:10E5C000D8E73C1DD6E7C046FFFFFF3F54D5020009
:10E5D000F0B585B0044642480068804741490A6862
:10E5E000009412190A604049096888473F48066844
:10E5F000002E73D0009B180A190CC0B201434A4286
:10E600004A4103920002FF2109021A468A438018F8
:10E610000290D8B2019000200490002E5ED03048C5
:10E620000068804705460398002807D03079019993
:10E6300081420FD97068884205D808E07068029955
:10E64000884204D90299401A706080B206E0002026
:10E65000706005E00099401A3071B088002807D139
:10E66000F088002811D0B188002901D1002806D0F7
:10E67000B068002803D034680027049618E0346896
:10E68000049800280FD0046011E0316900200029AF
:10E69000E9D0B1680029E6D0307B05F059FA30693D
:10E6A0007060000CDFE711480460002004903746DA
:10E6B0000D48016828468847002F2646ADD0B88807
:10E6C000002806D1F888002803D1387BB96805F006
:10E6D0003FFA38461BF092FA26469EE705B0F0BD99
:10E6E000D07D0020886F0020D47D0020187000208D
:10E6F000F0B587B0059317460691054609201AF034
:10E70000CEFE0446002801D00A2005E000201AF0C1
:10E71000C6FE00286ED001200490222017F066F972
:10E72000002867D0064603970C9907463548308085
:10E7300030460830FC2D03D0002D07D1002200E028
:10E74000FC22FA70062219F083FC05E03121F970F1
:10E75000002106221AF00EF9129D119802901098CD
:10E7600001900F9800900498B870002C09D00E9C6E
:10E770000D9930461530002917D0062219F068FC93
:10E7800017E03046153000240495062521462A4618
:10E790001AF0F0F81B36304621462A46049D1AF03E
:10E7A000E9F801200599014012E0002106221AF043
:10E7B000E1F81B36002C05D006223046214619F020
:10E7C00047FC04E00021062230461AF0D3F80599F0
:10E7D000F9710698B880039ABA710098F881019887
:10E7E0003882029878823D75074800783946174686
:10E7F00017F0C2FE0022069839461BF092FA07B0C5
:10E80000F0BDC046913E00003F700020F0B58BB0D7
:10E81000054641480A9000292BD0002D2BD00591A8
:10E82000486807906F681BF0D9F93C490290461878
:10E830003B48C0781BF062F8044600960AAB04938C
:10E84000284621463A461BF0A7FB06960096284626
:10E8500008973946039422462C46049B1BF091FBF3
:10E860002888082809D001280BD10AA81BF022F813
:10E8700007E01E204EE002204CE00A981BF077FBD8
:10E880000A9020880AA91BF084FB09AF0220387087
:10E89000059839461BF0ABFA39780329079E03D156
:10E8A0000028089D05D105E00429089D02D1002813
:10E8B00000D00646306A06991BF01EFB0A99884272
:10E8C00006D9286A326A511A16F09AFB002817D026
:10E8D00000202146039A0CF089F901280DD1306AF5
:10E8E000296A16F08DFB012807D10A990C48C278D5
:10E8F0002046FFF7A9F800280BD009A8007809E006
:10E90000286A0849029A511816F07AFB411E88417C
:10E9100000E001200BB0F0BDB8880000C409000081
:10E92000346F00206C6B0000F0B589B0444800786B
:10E930001AF0DDFD002862D0054605A8FF21017010
:10E94000296E4879000200240127BA03904257D16A
:10E95000503106AE304612F0ADFA304607F076F987
:10E9600000284DD00646801D0EF0DBFB002847D066
:10E9700030460830B1794906C90F1AF0B7FF0128AF
:10E980003ED0301DB1784018411E09784906C90FA4
:10E990000291437982791202D21803A98A800191E7
:10E9A000437882781202D318C278120400790006E4
:10E9B0008018C0180390686E807CFE220240901E72
:10E9C000424242410846029913F070FCC3B205AAC4
:10E9D0000198029901F084F901901AF015FC0146A2
:10E9E000686E40780007800F0DD03C3528460D46F4
:10E9F00013F03EFC05A90978814205D000E000240F
:10EA0000204609B0F0BD0D4601980006F8D1304609
:10EA100016F054F9C00604D5012003AA029908F0A3
:10EA200089F805A80078FF2807D01E2141436818FF
:10EA3000C01D03A906221BF0F1F83C46E0E7C046E2
:10EA400033700020F0B591B01C461546069106467D
:10EA50001AF06AFC14F0DAFD074600201090002F2F
:10EA600059D0701E0221C94308918842049507D8E5
:10EA70000FA9304614F0ECF8054600285FD10F9E30
:10EA80000294169801900120039000030A901AF056
:10EA900049FB30180990089C0797786800250A9967
:10EAA0002A46334614F0DEFC002837D00EA80DA904
:10EAB0000BAA0DF073FF00281DD10EA800780CA939
:10EAC00015F0DEFF0B9A00280BD10CA800880DA9C9
:10EAD0000F78059039461446069B98472246002831
:10EAE00030D110A8114617F0ABF8079F78680A9943
:10EAF00018F0DEFB089C701EA04209D81AF012FB29
:10EB00000125099981420AD0081AB04207D800E0CD
:10EB100030460646C1E70420C54310E0039D109C23
:10EB200019F00AFD002C08D0224611460C390A685B
:10EB3000002AFAD1BA680A60BC6019F0B8FE28460B
:10EB400011B0F0BD059C0498002800D00480029804
:10EB5000002800D0077001980260079FDFE7704728
:10EB6000F0B585B0122706293ED30E46044619207B
:10EB7000C001814238D81546062A35D3854233D89C
:10EB8000B54231D399087C292ED80A990A292BD36A
:10EB9000814229D80491C8000393591C89B2694362
:10EBA0004900814220D220461AF024FE0746002860
:10EBB0001AD120461BF0BDF8002801D00C2713E025
:10EBC000E0B21AF09BFE014677318A7A002A07D01C
:10EBD0000A78102A04D801239340254A134202D10F
:10EBE000497C012903D13A27384605B0F0BDFF2200
:10EBF00011460631411803681B88402B05D11D4B77
:10EC00005B789B072ED41127EEE7097802915B23EE
:10EC10009B00C31868328118019104468C34014668
:10EC20008A311E805D80039A9A80049EDE800226CF
:10EC3000267000276780868EF61D0E80A580E280F4
:10EC4000049921810121019A117078215A5A1024C6
:10EC500014435C5202998907CA170F2111400DF025
:10EC60003DF8C1E7097802918B07D0D41A27BBE79A
:10EC700001800100DE6D0020F8B51AF0AFFF0446F8
:10EC80003D4D28680021002873D03C4E3278002A80
:10EC90006FD07D214901009101680A7A51425141AA
:10ECA000C90742D0317802293FD314F071FA1AF023
:10ECB000A5FF3078401E307037E0997B012907D1DD
:10ECC0001AF08CFF00994218286801680A611FE059
:10ECD0005A6E517E002901D0002109E019F030FF61
:10ECE0000B2113F09FF800984143286803685A6E7F
:10ECF0005679360417793F02BE19D278B218204EE1
:10ED00007243204E31401E6971188A181A611B4ED9
:10ED10003178022909D3C06800680169104616F0ED
:10ED20006FF9002801D00CF003F828680068016929
:10ED3000204616F065F90146286803680029BCD111
:10ED40001A7A0121002AABD0596E09780E4A117047
:10ED50000068016E0B6A0269934208D00A62C27FA2
:10ED6000920604D51BF05BF828680068016E4068C5
:10ED700041600846F8BDC046F06F0020507000208A
:10ED8000C4090000E0FF00003370002070B586B0B9
:10ED90000146414D28684830102219F059F9296878
:10EDA000C878000717D408460830483102AA02F094
:10EDB00093F92968383102A8102217F0CBFF0128F7
:10EDC00019D116F05FF9002828D12868C178090701
:10EDD00039D406215BE0087901280ED006280CD032
:10EDE00005281DD14878052807D01C2803D01D28E8
:10EDF00049D102244DE004244BE0487805280DD188
:10EE000016F040F92B6818790024012803D0062851
:10EE100023D005283DD10EF0CFF83AE0082438E0A1
:10EE20004C6F886F20340A4648328B687026895DA3
:10EE3000CB408021194302AB009381230B40214634
:10EE400003F070F8B5E77021425C521CD3B2425413
:10EE5000142B1BD10EF0B0F81AE000240294596F65
:10EE6000986F20311A464832283302AE009603F0DC
:10EE7000C9F82868C088029A03210FF09BF9286816
:10EE80001821417005E01B20487001E0022141700B
:10EE90000024204606B070BDAC7D0020F0B58DB0DA
:10EEA0000F461021CD430468A921615C002979D067
:10EEB00026468436B369F1698B4207D207920590E2
:10EEC00017F048FE002803D0002004E06D1C69E024
:10EED00018F00EFF401E19F0E9FA06950F350028CC
:10EEE00060D030680068492200210191039281546A
:10EEF0003846079918F0BDFD0497274620370121B1
:10EF00003846029113F08CFD88340894079C0498CD
:10EF100009900A9004970B970C94306808A918F090
:10EF200072F9002815D0074619F0D2FD384608308E
:10EF300032D0B81C36D00598046825469035019E1D
:10EF40006E761AF0A7FD26626662A662E662EE6041
:10EF500020E0601E0109049813F062FD0025059F62
:10EF6000384629462A460AF0A5FC0446306800685F
:10EF70000399029A425419F0ABFD002C0FD03C6863
:10EF80002646903675761AF085FD25626562A56283
:10EF9000E562F560069D05E00698451E02E0B06951
:10EFA000401CB06128460DB0F0BD7047F0B589B087
:10EFB000069305910021002A09D048CA1578083A1D
:10EFC0006C1EA541002B04D01946184601E00D46E1
:10EFD0000E460124076878427841734208967341CF
:10EFE00003432846049460400446002B029009D154
:10EFF000002C07D1089C2078102303432370029C27
:10F00000002300E0089B501E019282412A40039297
:10F0100000220792002F3ED0059882423BD23E4606
:10F02000B889401D8508234800688008854232D889
:10F030000892012030720398002804D0B07BC01CD5
:10F0400017F0F8FC034630460C3029461F4610F0F6
:10F050004FFB3B46376858425841002F049900D077
:10F060000146214304D1187810210143197000236F
:10F07000089A0698C00706D028461C4616F026FBBC
:10F08000089A2346029C079828180790521C0020D3
:10F0900006903146BEE71046019A002A08D00AC2FF
:10F0A00053880799890059185180918809189180CF
:10F0B00009B0F0BDD0110840FEB50F46002808D0B9
:10F0C000002F0BD0054640782C78A0420BD10720AA
:10F0D000FEBD002018F0C2FA002F02D1002018F067
:10F0E000BDFA1E20FEBD1E462846394601920AF092
:10F0F00025FEA04262D10096E100083100221046B0
:10F10000083081422FD02B796C792402E318AC7936
:10F110002404EE7936063419E3189C189A5C647856
:10F120002402A418E2070246EAD1012121431A1859
:10F13000083A230A53701170831F0022062A17D041
:10F14000B95C02912C796E7936023419AE793604A5
:10F150003946EF793F06BE190F4634190299E1543A
:10F16000521C5B1CEAE7002018F078FA1F20FEBD55
:10F17000019C611E8C4129796A7912025118AA7981
:10F180001204EB791B069A185118081808380178F0
:10F1900042781202511802229143620089180170CC
:10F1A0006A78521C6A70009A002A02D0F7220A403C
:10F1B00001E008220A43090A417002700020FEBDE6
:10F1C000F0B587B014460591054607684168002BE5
:10F1D00001D0002018600F20C643002C12D00491EB
:10F1E000039316F0D5FE0146F87900280CD002955D
:10F1F0003D46E835287800280BD0084618F000F97D
:10F20000F61D5EE0B61D5CE0084618F0F9F8761CC5
:10F2100057E001960120287005986860AC60EC60AA
:10F2200000206861F86378730090F87204980C46C7
:10F2300019F0EBFE204618F0E3F8D03716F0A8FEE0
:10F24000044606A9384614F019FB0646E8688642CB
:10F2500000D3064606986969059A511832461AF095
:10F26000DDFC3846314613F067FBE868801BE86038
:10F27000686980196861204618F0C2F8012E02DB27
:10F28000E8680028DAD116F083FE04466869002891
:10F290000CD0049819F0B9FE029803F007FD6969D3
:10F2A0000029019E00D00026039802E0019E0398E9
:10F2B0000099002800D0016000202870204618F036
:10F2C0009FF8304607B0F0BDF0B585B00393074610
:10F2D0000D9D0C9804900B9C0A9E0292104611F012
:10F2E00093FE0197002F27462C4628D1002826D0D0
:10F2F000017920229143039B9B001340C918324699
:10F30000002E0ED1002F0CD1049A002A09D1002C16
:10F3100007D1FB22114001712C48406800284ED1D2
:10F3200052E0042211430171002C08D022690146E9
:10F330001831826210220846214618F089FE2348BF
:10F340004068002840D0002E10D03546A4268059B1
:10F35000002807D11C201AF049FC1C494968885133
:10F36000002803D01C22294618F072FE04980028B9
:10F3700011D016484068A8254059002807D1172009
:10F380001AF034FC114949684851002803D017226B
:10F39000049918F05DFE002C11D00C484068AC2593
:10F3A0004059002807D114201AF020FC0749496869
:10F3B0004851002803D01422214618F049FE01AA22
:10F3C00007CA3B4601F0E6FF05B0F0BD387E0020DD
:10F3D000F8B5044618F0A8FE3A4EF068401CF060FC
:10F3E000394A1068002809D03069002844D11068D3
:10F3F000C06AE16A88423FD814603DE01460F0685A
:10F40000012839D10021C843304AC8290AD05318ED
:10F410001F4608375F609860DF601F61002353500C
:10F420001431F2E72A490A4608324A608860CA6005
:10F430000A6100220A600F461C370B4614338F61A5
:10F44000C8610F624F624A61224F3D466035FD65DB
:10F4500038667D66BD66BA653D4638357D63B863FE
:10F46000FD633D643A633D464C35BD64F8643D65DB
:10F470007D657A647960BB607068401C7060606410
:10F48000E06AB169884200D9B061142141430F4854
:10F4900042185368251DA3609F68E7607D609D60EA
:10F4A00062614258521C425019F0A4F93069002898
:10F4B00007D005480068C06AE16A884201D218F0A6
:10F4C0003FFEF8BD8C7600200C7F002000620020FB
:10F4D00020760020B4750020F0B585B00391044675
:10F4E000827B501CC1B26318DD7B3948064620364A
:10F4F0000027049677752027C5551D7CAD0665D07D
:10F500005B7CDD0662D5002B60D01D07AE0F0120AD
:10F510001D46029005406F4206253D409B0700D5E1
:10F52000AD1D92195219D21C01920398081851B2BC
:10F5300003914518274F2846B847254E3063681C6D
:10F54000B847B062A81CB847F062049801990171ED
:10F5500003982218137C2121745C304621304578B1
:10F560002D022C1985782D0465193F273B402C0A64
:10F57000BD43EB1873544470157C40273D40BB439A
:10F580005B1973544470157C80273D40BB435B1965
:10F5900073544470947C557C2D02E406E40A64198B
:10F5A0000D4D1D4064197354250A4570270C877052
:10F5B000927C520952051F273F042740BA18735402
:10F5C0004570110C817002980499487505B0F0BD22
:10F5D00060660020356A0200FF00E0FFF0B589B0E8
:10F5E0000446806AA067616817F0E4F9E0670028C4
:10F5F00004D00246FF2803D9D2206FE008206DE036
:10F60000A16F087AC00701D1DC2067E090000B18D9
:10F610005B68002B61D0D300CB18083303931D180F
:10F6200008352E18361D079637183E1D06963618D3
:10F63000361D059637183E1D08962678B31E561CB3
:10F640009E40B600089FBB1902939F190497039B25
:10F6500023646564079BA364069BE364059B2365A1
:10F66000089B6365029BA365049BE3659B19089354
:10F670001D182D1D2E18361D37183F1D3B181B1D3C
:10F680001818001D0790089820666566A666E7664C
:10F69000236707986067204602F09EF9E16C2046D8
:10F6A00003F0D2FD206EE16CA36FE26F00920A4678
:10F6B000F6F75AFDE06F400180216050226E656EC2
:10F6C000A16E20462B4606F063FD0146E06F421C0A
:10F6D000284619F0E1FB992000E0302009B0F0BD88
:10F6E000F0B58BB00227002876D00C46002973D0E5
:10F6F0001646002A70D0002B6ED0054610980028C0
:10F700006AD0119A002A67D01299002964D00A9011
:10F710001398002860D00592069307910890412025
:10F720001AF064FA0990002849D010201AF05EFA05
:10F73000002846D00490102738461AF057FA0028BF
:10F7400042D03A46099F0390384621461446029219
:10F75000234B98473846103031462246204EB0475A
:10F760003846203006992246B047384630300322CA
:10F770000A99B04738463330072405992246B047E6
:10F7800038463A3007992246B047039C204629461E
:10F79000029D2A46B047009541222046264639461A
:10F7A000049C2346FEF7E8F9089821462A460C4BAC
:10F7B000984738461AF022FA0027204607E0132718
:10F7C0000AE01327099E04E013270998049E1AF003
:10F7D00015FA30461AF012FA38460BB0F0BDC046A2
:10F7E00081800200F0B593B0174606911021CC43FA
:10F7F0000168A9228A5C002A71D01E460D46843514
:10F800006A699A4201D2103469E00590039117F0B9
:10F81000A1F9002801D0002002E018F069FA401E8A
:10F8200018F044FE002832D004942868006849216A
:10F8300000240191445402956D69A91B00D2214610
:10F8400007A80090801918F014F90098394632463C
:10F850001AF0E4F90095A80800281AD006990A5968
:10F8600007AB19191E5D4D782D02AD198E7836043F
:10F87000CF783F06BE19751955401D552A0C8A7060
:10F880002A0ECA702A0A4A70401E241DE4E70F346B
:10F8900025E007A9059D2846009A0AF00BF80646C0
:10F8A00002980068006801240199445419F010F985
:10F8B000002E0ED02D6828469030002444769020EB
:10F8C0002958284618F0D5F82C626C62AC62EC62BC
:10F8D00002E000200490039D9C202C50049C2046B4
:10F8E00013B0F0BDF8B5082800D972E014460D46F3
:10F8F00078440079400087440447232C1E4C54313F
:10F900006300082D63D12079617909020818A17973
:10F910000904E27912065118081821786278120257
:10F920005118A2781204E3781B069A1851182B4A32
:10F930001161506142E0142D49D8284E263634E03A
:10F94000142D44D8254E50361521304618F091F824
:10F950002FE0142D3BD8214E653626E0284619F0BD
:10F96000F1FE002837D006461C4F7868394618311A
:10F97000884201D019F0DAFE304621462A461AF0B4
:10F980004DF97E603D7019E0142D20D8134E3B36A2
:10F990000BE0142D1BD8124E1521304618F069F8D3
:10F9A00007E0142D13D80E4E15361521304618F0E9
:10F9B00060F8304621462A461AF030F90020F8BD9A
:10F9C000072D04D10548083007222146F4E7182006
:10F9D000F8BD0220F8BD1320F8BDC046C874002051
:10F9E000B07A0020F0B589B00A88059149880124D1
:10F9F0008A4272D8002A70D0029007A900270F808F
:10FA000008970497039705984188039B009390B249
:10FA10001A460AF03BFA044607A80588002C44D091
:10FA2000002D02D007A886781CE0052106AB0298BD
:10FA30002B4A07F031FD00284ED007460890207869
:10FA4000022806D107A80126867006A8008880082B
:10FA500007E007A80226867006A80088122112F087
:10FA6000E1F904902078012E04D102281DD104264A
:10FA7000022203E0102818D112261022A07A387032
:10FA8000E17AB81C7970616818F0E2FA0798451CB1
:10FA9000A8B207A90D80049989B2884205D2BF197E
:10FAA00061894A1C0E488142ADD1280412D007A9B1
:10FAB000029D284613F008F8002400280DD00521E7
:10FAC00007AA284606F0CEFE002806D0089805F0C2
:10FAD00061FD02E00A2400E01124204609B0F0BDD7
:10FAE000FFFF0000F8B519F0FBFB00280BD005461E
:10FAF000C168364C20462A4604F0A0F919F0F0FB04
:10FB0000854204D0F8BD042000BF00BFF8BD2068C6
:10FB1000002809D080880004000FF3D02C482D491C
:10FB20002D4A00BF00BFF8BD2879002824D019F065
:10FB300031FC296A18F09CF9064619F0CBFB201D10
:10FB4000282117F096FF2560286919F0F9F8E9686F
:10FB50002268224F38461AF025FA214886421ADBDD
:10FB6000FD20C100D720C600B878022819D200288D
:10FB700023D0E868806D1AE019F0ACFB201D282125
:10FB800017F077FF2560286919F0DAF8E96822682C
:10FB900012481AF007FA20680121890310F070FC5E
:10FBA000F8BDE868806D7A689042354600D00D4611
:10FBB00013F02EF9002801D102E00D4675197835B1
:10FBC0002068006A401B14F0BBFBF8BD806B00206E
:10FBD000C0D0020047C9020025020000446F002087
:10FBE000214E0000F0B589B00025002911D00E4645
:10FBF000044607684068049016F0CAF93749097846
:10FC0000012904D13A46A8321178002904D017F00E
:10FC1000F7FB284609B0F0BD012102920191117055
:10FC200017F0EEFB3069317810318842F1D8384650
:10FC30008030039005AD0095284618F0E1FE307D38
:10FC400028703D4630354C21284617F012FF3846C3
:10FC50007C30FD670499039D2960009914F010F829
:10FC60006860002833D0384688303278394619F039
:10FC700065FA00253D627D62BD62FD6231783846DD
:10FC800017F0F7FE307810300399886170680862C9
:10FC9000029F01987870334608330ECB2046FFF759
:10FCA000A1FD002817D00398406819F0CBFB246809
:10FCB00026469036757690202158204617F0D9FEBA
:10FCC00025626562A562E562F5603D70A1E70025E9
:10FCD000029805709DE725469BE7C046627F00209D
:10FCE000F0B587B01E46049206910446394807686D
:10FCF0000020059015F06EFBFF25002C66D0002F2C
:10FD000064D00246002861D0FF200290F0070397DC
:10FD100002D12346069920E020460399019212F071
:10FD2000A7FA019A039FFF282346069915D0054696
:10FD30001E200290684338180D3018F065FA00282C
:10FD400002D02346069906E0029969437818431CBD
:10FD5000795C049805700295019A0491B0071AD550
:10FD6000104621461546069A1F4609F0E7FF394618
:10FD70002A46194D2B789842039F0CD12F46022515
:10FD80000298FF2822D01046049A09F0D7FF39784C
:10FD90008842039F1AD0300707D520460699029A59
:10FDA00019F0D5FF039F01280DD17007059D0DD5D2
:10FDB00038460699224607F0ADFF13F08FFC002865
:10FDC00003D1042502E0082500E00025284607B0FD
:10FDD000F0BDC0460470002034700020FEB5064619
:10FDE0000878FF2702281AD11D46144608984A6849
:10FDF000137852781202D2182E4B9A8092B22E4B60
:10FE00009A4228D02D4B9A420BD02D4B9A4202D0C9
:10FE10002C4B9A4230D1002830D00B243AE00124F8
:10FE200038E02A4ECA21304617F023FE30462146DC
:10FE30002A4619F0F3FE26480168491C0160317812
:10FE400024482422815471788162B11C016214F02B
:10FE500007FB00241EE0012200900192304622465A
:10FE60002B460FF07DFA044617480168304618F01B
:10FE7000F1FC1049C8800DE00A240BE0012D08D1E7
:10FE8000C86822780270C8680A49471AE1D0022778
:10FE9000DFE70D24F843000609D0064880680028F3
:10FEA00005D00068002802D0F8B216F043FE2046C4
:10FEB000FEBDC046B87C00200229000001E0000021
:10FEC000F3FF0000F1FF0000287E0020A05F00206B
:10FED000FC6F002094690020FEB53B4F3F68002F67
:10FEE00070D03E464236386E0290786E40784007B9
:10FEF0003ED53078FE2202407178022A02D00129D4
:10FF000036D10121314800683D463C352A4607F08C
:10FF100001FFFF282CD02D4909681E2444430819ED
:10FF20000D3018F071F9002822D128480068001916
:10FF3000C11D0D300EF018F824480068001919F0A2
:10FF4000EDFD0298002813D0029C20465E30062268
:10FF5000019229461E4B9847204692302946019A25
:10FF60001B4B98471A4BCE3420462946019A984796
:10FF70003078FE2101400229B0D1144800680D30CC
:10FF800018F042F90028A9D13D4630350F480068E5
:10FF900019F0C4FD02980028A0D0029C20465830D9
:10FFA0000626294632460A4B984720468C30294679
:10FFB0003246074B9847064BC834204629463246FE
:10FFC00098478BE7FEBDC046247D002004700020CA
:10FFD00051800200FEB5089D022D01D91220FEBD00
:10FFE0001E460F460446029219F004FC002800D079
:10FFF000FEBDE0B219F082FC01906F21324880789A
:020000021000EC
:10000000C20701D0072400E005248B000421002250
:100010000007009201D5D04300E0C843019AD25CAA
:10002000D2060CD40440022F12D0012F09D0002F89
:10003000224613D1029AB24243D122400EE01A2046
:10004000FEBD1120B442D3D32640324606D1CFE7BD
:100050001120029A9442CBD32240C9D0672080005D
:10006000019EF718361822407A70BD70501E10425B
:100070000BD0042A01D3002D08D10221080604D098
:10008000114203D1C8B24108F8E71146F17701984F
:100090000068008840280ED1C8B217F002F8307608
:1000A000348819F047FD844201D2308802E0307E66
:1000B00019F040FDF082162101980BF00FFE009818
:1000C000FEBD1120FEBDC046DE6D0020B0B588B07B
:1000D0000C46411E02464A408A4225D9002807D0D4
:1000E0004142014029484843C00E29A1085C00E074
:1000F0002020032818D8C04678440079400087445F
:100100000115060B2388207A00902D4A08E02388E9
:10011000207A0090274A03E02388207A0090244A1E
:100120000720002113F00EFB08B0B0BD2388207A11
:100130000090214A0720002113F004FB19F0CEFAA9
:10014000054621881D4802AA17F02EFF0028EBD192
:1001500002A84078FE2101400229E5D102A808301A
:100160000021062216F0C6FB0028DDD1208813F0FE
:100170002FFEC0B2FF28D7D00C2141436818801C45
:1001800002A9891C062219F049FDCDE731B57C078B
:1001900000011C021D0E18031E16140F191104086D
:1001A0001F1B0D17151310071A0C12060B050A0951
:1001B0006BCC02000FCD0200B0CD0200DDFC0100CF
:1001C00000CE0200FEB5364C01200290C303A568A4
:1001D0002561A5612F461F401DD001930298400460
:1001E000206130480BF068FF00262E483146324629
:1001F00017F0BDFF2C48E0652C488068002803D02C
:1002000080472A48866005E0082013F0CFFA0120D5
:1002100013F0E6FA019B0A262E4019D0206C0299B1
:1002200088432064E06D22490840E0652148016868
:100230000F221203914319430160002F05D120685A
:10024000184202D0012013F0CBFA09F037FF6661A3
:1002500028070DD515F09CFE216E154A1140216628
:10026000216E521C0A43226617F0CAF8082060610A
:100270000E4E3169002912D02846884700280ED03A
:1002800000203061029DE5660B48016804220A43A4
:100290000260102013F08AFA284613F0A1FAFEBD7E
:1002A00044100040C868002011000380807A0020BC
:1002B000FFFFFF7F1C1100402C000040FEB5394CB1
:1002C000606A002804D0E06A401CE0620020FEBDA5
:1002D0006069401C0290606109D3334841688268BC
:1002E00042608160206B401C206316F07BF9206A1D
:1002F0000299814201D200204EE000202A4A00905B
:1003000001902A4B51680968002941D05168C96899
:10031000CF687968029888423CD3391D7E69B868F5
:10032000FA68826050607068884200D172603068FC
:10033000401E3060BE6A002E0ED038461830FD696F
:100340003A6AAA6055607568854200D172600020E3
:10035000B8623068401E3060FE6AA069864200D9EB
:10036000A661142070431A185568BD60AC68FC6023
:100370006160A9607A611958491C19500C480068DD
:10038000C06A864201D901200190074A054CB9E7AD
:100390000098C14321620198A16A002997D00120E9
:1003A000FEBDC0468C760020B4750020006200209F
:1003B0000C7F0020FEB506463A480078012818D187
:1003C0001C4615460291304619F091F8002812D0CB
:1003D000074601961826029A012A0ED0002A3FD11C
:1003E000786E407812210140022938D038466830B2
:1003F00009E0122634E0342632E0786E4078800737
:100400002DD538466C30006803214170290A0171EE
:10041000C570210E0172210CC171210A81714471D4
:10042000002A02D019F09EF901E019F093F9002892
:1004300006D0072814D0122811D10CF025FA0FE0AD
:10044000184C6068019DE900411809794A0710D5E8
:10045000386F0121017019F081F9002802D01E26A1
:100460003046FEBD6068E90042181379FB2119404F
:100470001171029B002B04D101220A4001D0FE22FF
:1004800005E0012B08D102220A4005D0FD22EB0035
:10049000C018001D11400170607800260028DFD0D0
:1004A0006670DDE7307E0020FEB51227002802D0FE
:1004B0000E46012901D93846FEBD0446007819F0E0
:1004C00016F805464220002D62D06A6E002A5FD0E1
:1004D0006078FF2810D0E11C042814D00328384687
:1004E00056D152780878497809020818D10630D4D4
:1004F0002849098888422ED8287A012825D1002E3B
:1005000044D02C6543E0287A0028D4D00091601DA7
:100510000378019343781B0201995B180193837858
:100520001B04C0780006C018019BC01802D1A86E39
:100530000028C0D05278D006BDD4009908784B78F6
:100540001B021818384623D1CCE7002E05D06C20AA
:1005500004E01F28D0D90720FEBD68200E4F2C5084
:10056000443502AE0221304615F07EFD30882988E0
:100570000A4642403A42F4D00F221203114038405A
:1005800008182880204619F0FDFC00E0EC640020EB
:10059000FEBDC046387F0020FF0F0000FEB515F0FD
:1005A000F7FC044613F0D2F900285FD018F08CFE57
:1005B00004250540800726D414F03EFB002855D0C2
:1005C00001942C4C2C4A2D48016810680290002997
:1005D00020D0009548320023DE43052B18D0084672
:1005E000D840C0070CD01068254DED5C029FAF408D
:1005F000C01BA04200D90020E840864200D3064636
:100600005B1C121DE9E7002D30D118F011FB2DE025
:100610003446009D1B48826D7D21C90051438C42A8
:1006200000D30C46FF21F6318C421CD3416A491C91
:100630004162154DAE68029FE01904F0CDFC6E607A
:100640000D480068C01B15F055F814F073FD00202C
:10065000A86028680521014329600C48686000F003
:10066000EBFA019C02E0002D019CCED0204616F052
:10067000C7FEFEBDFFFFBFFF042102404420024031
:1006800066E002008C76002010E000E07FBB0000F6
:10069000F0B585B015460F4604460620604320306D
:1006A000082103AA17F0BAF80026002824D103A8CD
:1006B000FF21062216F004FD00281DD102953048C6
:1006C000C07D800019F092FA002812D00546532010
:1006D000800020182A49C97D890001902A4617F018
:1006E0009DF800282C460AD0204619F087FA0126EA
:1006F00002E0042016F0B2FF304605B0F0BD2046FF
:1007000016F078FA002F11D03846214615F026FE53
:100710000028029D25D08178A942E5D002998170F8
:100720000029174D13D10021018010E01448C07D2D
:100730008006020E0021204616F0C2FC0028D3D10C
:100740000F4DE87D82000021204618F013F9204665
:1007500016F050FAE87D81000198224617F0A8FCB7
:10076000C2E7002D07D00020214615F0F7FD002834
:1007700001D00780CFE7204619F040FABCE7C04619
:1007800060770020F0B585B015463A4A1268002A15
:100790002CD0D388408883423DD11078072401288B
:1007A00064D0481E0C2861D8800001A108588746F3
:1007B000E50701006D080100450801003D08010042
:1007C00033080100230801002B0801004D08010037
:1007D00055080100650801006D0801005D08010071
:1007E0001B080100284610F0A7FD3EE0012923D197
:1007F00046882F7868780490281D19F085FB297A9F
:10080000EA6800AB07C30024204631463A46049B01
:100810000AF0D4FD2AE0082428E028460AF03AFF2E
:1008200023E0284610F066FD1FE028460AF0FEFE91
:100830001BE0287811F0B0FF002417E02846FEF7EF
:10084000A5FA12E0284607F08BF80EE0284611F0D2
:10085000C1FF0AE028460DF0CFFE06E028460BF067
:10086000CBFE02E0284610F023F90446204605B0EE
:10087000F0BDC046AC7D0020F0B585B0374D2C7B77
:10088000012103AA204618F0A3F9022102AF204655
:100890003A4618F09DF9687B0090AE7B701C304999
:1008A0000D78294611F0BEFAB87801903C888FB2D5
:1008B0000099C8B287420ED001998842214600D0E3
:1008C00010210C224243254B9A189183401C294643
:1008D00011F0A8FAEDE700200190204F009C701C59
:1008E00080B2A9B211F09EFAE4B2A14232D00C203B
:1008F00060433A18908B102808D10198401C019051
:10090000204603F053FB1749087019E01C320425F8
:1009100002232046294612F0EBFA12490870002102
:1009200004AE204632462B4617F05AFA30787C281F
:1009300002D0FE280DD003E07821204612F01CFFE3
:1009400007480578601C294611F06CFA0C46BE7BFE
:10095000C5E7FEE70198C0B205B0F0BD24670020EE
:100960002D700020D8780020F0B585B00446016CC9
:100970000B1D08460491E16F4A1C91005F18039714
:10098000D1005918029180256251616D304EB047F7
:10099000A16D62593846B047E16D6259029F3846F1
:1009A000B0472078801E03218140C81D6051204639
:1009B00039463E46F8F7C6FE606EA36FE16F0091C0
:1009C000244F31463246B847206E626E18F0F8FD6B
:1009D000226EA36FE06F00903046039D2946B84712
:1009E000626EA36FE06F009028460499B847A06F2D
:1009F000616815F0DFFFA16FE26F204600F0ECFFA9
:100A0000216F0122204617F041FCA06E226FA36FD8
:100A1000E16F00912946B847A16EA26FE36F2846A7
:100A2000F5F72AFCA16B20462A4616F072FFE06E0D
:100A3000226F18F0C5FDE16EA26FE36F3046F5F747
:100A40001BFCE16B2046324616F063FF05B0F0BD9B
:100A5000998E0200C55F0000F0B591B00226002A11
:100A60006CD0169D002D69D017460C460893079050
:100A700010F0CAFA002815D0E9780A06A978090406
:100A80008A1869780902521829785118826A9142A5
:100A900001D8521C52D1002C06D00279920703D4FF
:100AA00001264BE0142649E0044603910FA80021DB
:100AB00008220291069217F05DFF089E301D80B259
:100AC000059019F093F8002832D018340490001DD6
:100AD0001C4B394632461F4698470422049E304636
:100AE0002946B8473B4609AF102238462146984769
:100AF000069800900FAB384637463146059AFDF709
:100B00003BF80646002816D10DAC0FA90826204652
:100B1000324617F0B5FA291D2046324616F01AF96A
:100B2000012807D10798039915F02AFC029E02E0DC
:100B3000132603E00126384619F060F8304611B05C
:100B4000F0BDC04681800200F0B59FB005930392CE
:100B50000891019028980990279807902598069069
:100B600024980490269F324B0BAD00263022284655
:100B70000A953146009698472E4B10222846019937
:100B80001546029298471BAC204631462A46284B10
:100B900098470725204603992A46264EB047E01D70
:100BA00005992A46B047781E8741A7730499481EC5
:100BB0008141E17317AD28460099029F3A461C4BCC
:100BC0009847281D0595062606993246194B9847E1
:100BD0000A35284607993246164B98470A9E3546ED
:100BE0001035284608993A46124B98472846214620
:100BF00016F02BFF304618F013F9089034462034D5
:100C0000284621463A4617F023FA2846059916F059
:100C10001CFF0A9818F004F905460898054309983E
:100C200021463A46034B984728461FB0F0BDC046C0
:100C30007589020081800200F8B517F075FA364D0B
:100C4000686A401E6862686A0024002803D017F0B2
:100C5000D1FD2046F8BDE8680028F8D000212F4AD1
:100C6000946D002C3DD0516EC9680F4618378C6AC0
:100C7000CB690E6A9E6073606368BB4200D1666098
:100C800000238B6223685B1E23600C1D4E698B68FA
:100C9000CF689F607B607368A34200D17760336840
:100CA0005B1E3360CE6AAB699E4200D9AE611423ED
:100CB00073431B48C718786888602A468568CD60EA
:100CC0006C60154684604F61154AD058401CD05066
:100CD00014480068C06A8642104AC1D30120A86245
:100CE000BEE7002901D015F07DFCEC6A002C09D08C
:100CF000FFF7E4FA002801D00120A862641EF7D1B2
:100D00000020E862A86A002803D017F019FA01242D
:100D10009DE700249BE7C0468C760020B475002038
:100D2000006200200C7F0020F0B587B00192029194
:100D300005460346203334493448486102200860A0
:100D4000296920202A5CAF69E8695B780E26B61A0B
:100D50009C007F23DB002340083B3343002F01D05E
:100D600040242343039300BA06900020049005908A
:100D700003A8401C18F052FF039823498867049881
:100D8000C86705982249086006984860002F1BD064
:100D9000686839463A460DF079FD3C1A14D00F27A1
:100DA0002146B94308D06868AA69121B80180FF061
:100DB000E9FE274001D107E027466868A969C91BF9
:100DC0004018394614F0CAFAEF69002F17D001987D
:100DD000012801D00C2000E008202E580F243946AD
:100DE000A14306D030460FF0CDFE274007D0E8697A
:100DF00000E03846C01B3018394614F0AFFA0298AC
:100E000017F0C8FA07B0F0BD18000C40340000011C
:100E100098000C40F8B52C480178002951D10126E2
:100E200006702A494A68531E14469C4144708968DA
:100E30004260816026482030264A13250024294636
:100E4000234606F0FBF841200001032118F082F947
:100E5000F70338460A3020490860284618F05EFC3F
:100E60001E481F4A2021234606F0E8F81D48066068
:100E700086601D4806601D48C1681D4A0A40C26060
:100E800001680F2212039143C919016018F01DFF78
:100E900001467D20800010F0C5FF0246154D164921
:100EA000284623460FF088F809F008F9284609F08B
:100EB000E1FF094AD06CF1070143D1640F481021CA
:100EC00001600020F8BDC046807A0020B8DE020034
:100ED00024780020C501010058100040E86C002073
:100EE000BD92020058200040602002401C110040CA
:100EF00000F0FFFFC8680020F10302000058004026
:100F0000FEB50292A522550001230A4601931A401C
:100F10008B07DB0F9A184907C90F571880081D3037
:100F20001E26314610F07EFF01462E4A2120105C1D
:100F3000213253781B0218189278120484182A4818
:100F40002040802806D11E204843002F1BD0401986
:100F5000474319E080222240E002C30C002A3046B9
:100F600001D04B20800058434E437119002F18D0F8
:100F70003B464B4383421B4E16D83423F35CFB1A8B
:100F80005943081812E04719164E0298002800D05D
:100F9000783701251E21384610F044FF7F210C4090
:100FA00011E081420F4E01D90021019102990029DF
:100FB00000D07830002A01D01E3D00E01E252946D1
:100FC00010F030FF019DC104C90E326B1470B26A7B
:100FD00010702320305CE02202408818F16A08700B
:100FE0002846FEBD6066002080FF1F00FEB5044657
:100FF0003648407800280ED002910846214617F066
:10100000F8F80028019408D031480168204611F012
:101010002FF9074602E00020FEBDFF2700242D4ED9
:1010200000943178E0B288424CD218F067FC4179E4
:10103000002945D05321890040188179FF2F1FD105
:10104000029A91423CD10178019A1278914237D1AB
:101050004178019A5278914232D18178019A9278FE
:1010600091422DD1C178019AD278914228D101794B
:10107000019A1279914223D14079019949791DE071
:10108000134A12681E237B43D55CA94218D1057808
:10109000D1184A78954213D142788B789A420FD171
:1010A0008278CB789A420BD1C2780B799A4207D1D9
:1010B00002794B799A4203D140798979884203D0E9
:1010C000641CAEE70098FEBD0120FEBD346F002019
:1010D000047000204D700020F0B595B00E46384DDC
:1010E000296800292FD017460C90C8880FF08CFF74
:1010F00000282AD004460A970DA810F033FE28686D
:101100000578C06E099014F0BDFB0746401E87416C
:10111000002008F083FE627902211140002D0B9619
:1011200015D0002906D017F0E8FE0DAE00283BD000
:101130006279059801251540A11D06910DAE08970D
:101140000790099816E012202CE014202AE00029CC
:1011500006D017F0D2FE0DA900282AD06279059892
:10116000012111400891A11D07910DA93D4606904E
:10117000099E084613AC214617F08DFF11AF30468B
:10118000394617F081FF0898009007980190029562
:10119000069803900A9804900C980B9922463B46B7
:1011A000FFF7D2FC15B0F0BD06950125089705980C
:1011B000C6E70120089007953D460598D7E7C04649
:1011C000AC7D0020F0B587B002931746039104462A
:1011D00001261546354003D11D2F01D01B2F07D105
:1011E00004A9204614F066F8172807D01E2F09D14D
:1011F00004A9204614F049F8172803D117263046D1
:1012000007B0F0BD019628480078012808D11626BD
:101210001A2F01D8002DF2D01B2F01D31E2FEED193
:101220000C9D002D2E4605D1172014F0EBF9064633
:10123000002820D000953770039A002A019D03D022
:10124000701C02999047451C78B200280AD404A863
:1012500004800421418037460596058105F0E2F9B6
:10126000064614E01021204615F0E4F8002804D0CA
:10127000374619260BE01326C1E7A9B27218374684
:101280003046234603F004F90646002808D00098AB
:101290000028B4D1002EB2D0384604F07BF9AEE776
:1012A0000C353E46D3E7C046AB7D0020FEB502922A
:1012B0000191044612F0B2FB002808D00024254614
:1012C000274601980460029805603846FEBD10204C
:1012D00018F08CFC002810D006460460294F3868AE
:1012E000294C2178002812D1002910D13E60F660E7
:1012F00018F074FC2549451836E02548C26B0727CD
:10130000002A3CD00E2000242146904738E00028D7
:101310000BD0012909D10068046917F011FC17F0FE
:10132000FCFA3868F060C6601DE000240028C6D0D2
:10133000022925462746C4D30068046917F000FC3B
:1013400017F0EBFA0F4F39680C46C868006800695F
:10135000294613F055FEE168002802D13868814221
:10136000F2D1F160E660084C0027002D04D020780F
:10137000401C20703446A4E73C463D46A1E70024CB
:1013800025469EE7F06F002050700020E02E000000
:101390000C690020F8B51C4600920F460646084628
:1013A0000FF032FE002863D03248406800285FD03A
:1013B000A4300168002901D0342100E0182182689E
:1013C000002A00D01431002C00D01C3140680028C5
:1013D00000D0173188B214F009FB002848D0054628
:1013E0000021182217F0C6FAD02028706E700A204B
:1013F000A870AF800098A871284618301D4F7A68F1
:10140000A4215158002907D0A8602E4634361C224A
:1014100016F01EFE7A6800E00646AC20115800293E
:1014200007D0EE60374614371422304616F010FE0F
:1014300000E03746002C08D02F613E461C361C22A7
:101440003846214616F004FE00E03E460948406852
:10145000A8214158002904D06E611722304616F0A9
:10146000F7FD05480078294615F086F80FF098F842
:10147000F8BDC046387E0020DA7A0020F0B587B08B
:1014800003930191044606464436069210300290BA
:10149000012516F049FEA06BE16B884242D3039808
:1014A00002283FD00698002850D0E80704D02C49E5
:1014B000086B04904869059017F09CF92849486A20
:1014C000401C486216F030FE3078FF2801D1002021
:1014D00030707078FF2801D10020707017F08AF901
:1014E00004A806A90EF08AFB002832D116F01CFED3
:1014F000A56BE76B17F07EF9BD420DD106990298F6
:1015000016F0D2F918F0BEFCFFF796FB0025002874
:10151000BFD116F015FEBCE718F0B4FCFFF78CFB4A
:101520000025B6E720460199039A08F0FEF9616AA2
:10153000002903D02434204602F046FE002801D0C2
:1015400016F0FEFD17F056F9012007E017F052F9EA
:1015500003E018F097FCFFF76FFB002007B0F0BD29
:101560008C76002082B016F08DFF0CF083FB354E98
:1015700070686946082200230FF0E6F90128F7DBBE
:10158000019C684600780C2856D8C04678440079FB
:10159000400087440632282C19363F30492344172F
:1015A0001D00002CE4D025686168A26828460BF075
:1015B0006BFE204618F0BAF8002DD9D0284617F057
:1015C00087FFD5E702202BE0204617F05EFC33E0D2
:1015D0000420214617F040FF60682BE001202146DF
:1015E00017F03FFF28E0204611F08AFA24E0204659
:1015F00017F044FC20E002200DE0204614F026FC09
:101600001AE06568204617F043FA204618F08EF875
:101610002C4611E00120214617F028FF0CE00120A4
:10162000214617F019FF07E0216860688847606865
:10163000002801D018F07AF8002C99D0204618F034
:1016400075F895E70C6F002070B586B0002901D4BD
:10165000002458E00C463248007807F0C3FF002809
:101660004ED005460078A02847D102A8012101707C
:1016700003A928460AF0C0FC0646002824D103A886
:101680008078062620280ED82649095C00290AD031
:10169000C0073BD124480368002B04D0A88803A9C5
:1016A00002AA9847064603A8002E0DD040780028CD
:1016B0000AD103A8807869460870002048800E711E
:1016C000A88816F06DFA062602A80078002804D033
:1016D000A868002801D003F05DFF002E04D0A88880
:1016E000012114F08BFC08E003A98878122802D1AC
:1016F0004978012901D01B28F1D1284615F04AFB71
:101700000120C0078443204606B070BD06484368E8
:10171000002BD8D0A88803A902AA98470646D3E789
:101720003E700020D8D70200507E0020FEB5034650
:10173000364802681220002A67D01479062C64D833
:1017400001263746A7405C252F425ED0D0888842CC
:101750000BD1062C0BD1186800283CD0107800283B
:1017600049D02A488068C06848E00220FEBD08329F
:10177000102410461946224616F06AFC234D2868AC
:101780002830214617F054FB2C68E078000708D475
:10179000204608302246183228342146FFF79CFCA8
:1017A0000FE0702000212154606FA16F203022468D
:1017B0001832237A2834334080330092224600F0D6
:1017C000B1FB1248016808784A7800280BD0032A38
:1017D00015D1022016E002AA0C201070084611460E
:1017E00015F0E8FA0BE0032A0BD00020042A0CD1F4
:1017F00002224A70FEBD05484068406980470020CB
:10180000FEBD0520487013F027FCFEBDAC7D002016
:10181000F8B51D460878022835D114460E46069FB5
:1018200048680178407800024018002F05D0152143
:101830004902884201D00B20F8BD2A49884226D0AF
:101840002949884229D0294988422ED028498842EE
:101850001DD015214902884215D107980090F068E3
:1018600017F004FC009980B2C01B884200DB0846D8
:1018700082B2D1191F292FD82880F068C1192046BB
:1018800016F0E6FB26E0002028800120F8BD0120AC
:101890002880F068007820701CE0F0680088022141
:1018A00029802070000A607014E0F068002815D0CC
:1018B0000821298001782170417861708178A170B8
:1018C000C178E17001792171417961718179A171EA
:1018D000C079E0710020F8BD0D20F8BD00202880FF
:1018E000F8BDC046C92A0000012A0000042A0000F1
:1018F000A62A0000FEB5002861D0054630480291B6
:101900000168AA793C200090424388182D4B8B50E7
:1019100000262D49466081600C303021019116F07F
:10192000A8F82A480068A9791C24614347181221A5
:10193000384616F09EF80B2078827E61BE612348FF
:101940000068A97922464A4380181D4B1A68009FF7
:10195000794352185063186840181D4981630E80FE
:101960007F208870C81C152116F083F8144B186866
:10197000A97979434018174A8261186840182121D3
:10198000090201611868A97979433E464018162179
:101990004161686A0D490968AA7954430919486187
:1019A000A86A88613A20285C1B683C4654431A198F
:1019B000019BD0540298C01F424242410A74FEBDAE
:1019C000D87E002004100000F53E0000DC7A0020E4
:1019D0003C6D002099880100F0B587B002920C465A
:1019E000049003918A680692C86808340026951C02
:1019F00007460346059077412846394614F05EFEB7
:101A0000801C714118F03EF917F0C3FD801C714134
:101A100018F038F900900191069D2A46059F3B4633
:101A200014F04CFE801C7141009A019B14F046FE9C
:101A30000190009118F026F9801C7141019A009BD9
:101A400014F03CFE17F0A5FD801C71412A463B4670
:101A5000029F14F033FE039A03C2B800083A11182B
:101A60004968CA0F049B5A7000290FD40021022331
:101A70003A46002A1CD02568ED43EE0F6D00EB18A6
:101A80004E412350521E241D3346F2E701223946AF
:101A9000334600290CD02568ED43AD18255013437B
:101AA0005A1E93416A426A411A40491E241DEFE7BB
:101AB000049803998167C76707B0F0BDF0B585B09A
:101AC00000910446054644350492243001900127D4
:101AD00016F02AFBA66B002E47D10498002857D099
:101AE000F80704D02D49086B02904869039016F05E
:101AF00081FE2A49486A401C486216F015FB287886
:101B0000FF2801D1002028706878FF2801D100202B
:101B1000687016F06FFE02A804A90EF06FF8002896
:101B20000AD018F0AFF9FFF787F8204616F0DAFB75
:101B300000270028CCD02EE0204616F0D3FB00284A
:101B40000DD00499019815F0AFFE18F09BF9FFF73E
:101B500073F800270028BBD116F0F2FAB8E718F0A6
:101B600091F9FFF769F80027B2E72046009914F0D1
:101B70001DFE701EA06320690127002809D01034C3
:101B8000204602F021FB002803D016F0D9FA00E02D
:101B9000002716F02FFE384605B0F0BD8C760020E9
:101BA000FCB50C005C40E40FE40710B4DD02540DFA
:101BB0002543D6025F007F0D60D00124E407254352
:101BC00007242402FF34A74250D0CB02440D234304
:101BD000C2024800400D51D00124E40723430724EA
:101BE0002402FF34A04241D0C01901B418002900DA
:101BF00010F0DCFE0F0001B41800310010F0D6FE2A
:101C000003000C001000310010F0D0FE06001000A0
:101C1000290010F0CBFE05007618002202BC01BCA2
:101C200055415141A419554151418024A4005B19EB
:101C30005141FF18514100D564003F19514102D470
:101C40007F00494100E0401C03242402FF34001BB4
:101C500014DD2419A04209D80305F80A4C052043D5
:101C60004900090B194310BC2143FCBD0020FF2192
:101C7000C900C91D090510BC2143FCBD002100207D
:101C800001B0FCBDF8B50D4681780024262963D843
:101C90001320C043314A890001A35B5826469F4662
:101CA000571D0100591D0100591D0100591D01005A
:101CB000591D0100431D0100431D0100431D01008A
:101CC000591D0100431D0100431D0100431D01007A
:101CD000431D0100591D0100431D0100431D01006A
:101CE000431D0100431D0100591D0100591D010044
:101CF000591D0100431D0100591D0100431D010034
:101D0000431D01003D1D01003D1D01003D1D010061
:101D10003D1D01003D1D01003D1D01003D1D010057
:101D20003D1D01003D1D01003D1D01003D1D010047
:101D30003D1D01003D1D01003D1D010050380426E0
:101D4000074A51180F583046394612F011F800284A
:101D500002D02F602E7101242046F8BD60CD020014
:101D6000A4D20200FEB51F4602920D460646314837
:101D7000006880471224002D14D0012F12D8019042
:101D80002D4800880299884205D28A200DF05AFB1E
:101D90003024019806E0304617F02CFD0446002858
:101DA000019804D02649096888472046FEBD002FC7
:101DB00005D117F0C3FDB04201D10C24E9E7F0B220
:101DC00017F09CFD06461D480178002913D0491ED6
:101DD0000170D9204000305A029A904213D2304606
:101DE000294607F001F8044600280198DAD1284670
:101DF00003F0D0FB0FE0012015F076FA022017F077
:101E000092FF0724C5E710200090D2B23046294641
:101E10003B4605F074FE16F0CBFF00240028B8D036
:101E20003168098800888142B3D1304617F03AFD05
:101E3000AFE7C046D07D00201E7000205470002007
:101E4000D47D0020F8B5314E307800285BD07B215E
:101E50008D00684380B217F0C9FE2D4F78600724CB
:101E6000002851D03178694315F003FE7868811D50
:101E700000223078824204D2FF200870521C491997
:101E8000F7E717F0B3FE2349086000283CD031780B
:101E900015F0EFFD30783C25684317F0A7FE1E498A
:101EA0000860002830D017F0BDFD30781C2568434D
:101EB00017F09CFE19490860002825D017F0B2FDE4
:101EC00017F06BFF00281FD130781425684317F0F6
:101ED0008DFE13490860002816D017F0A3FD17F0F7
:101EE00066FF002810D117F046FF07280CD017F026
:101EF0003AFF072808D017F026FF072804D017F06C
:101F000020FF072800D000242046F8BD4D70002097
:101F1000346F0020A06F0020D87E0020DC7A0020E3
:101F20001C7F0020F0B589B0064608A80370022483
:101F3000002E60D00F4600295DD01546002A5AD0E9
:101F40000E98002857D00690412017F04FFE13241A
:101F5000002850D00790102017F048FE002842D0EB
:101F600005901020049017F041FE00283DD0002479
:101F70004122029203900798214616F0FBFC059837
:101F80002146049A16F0F6FC202201920798314669
:101F90001A4B9847079E304620303946019A174F12
:101FA000B8473046403008A90122B847039E304662
:101FB0002946049D2A46B84700952F463046079E7D
:101FC0003146029A059D2B46FBF7D6FD0698294619
:101FD0003A460A4B98470A4F3046B8472846B84712
:101FE0000398B84707E0079803E0079817F006FE44
:101FF000059817F003FE204609B0F0BD818002006D
:10200000FD9B0200F0B587B00224002863D00D4686
:10201000002960D01746002A5DD0002B5BD0064611
:102020000C98002857D004930590502017F0DEFD3F
:102030000690002842D0102017F0D8FD00283FD08D
:1020400003901024204617F0D1FD00283BD0202219
:102050000194069C02902046314616461F4B984735
:1020600020462030294632461C4EB047204640309C
:102070000499019D2A46B0473346029E30463946B0
:102080002A46984700955022304621462746039D10
:102090002B46FBF771FD29460C310422059C204696
:1020A0000E4B984720680E490FF0BCFE2160384661
:1020B00017F0A4FD00242846354607E013240AE063
:1020C0001324069D04E013240698039D17F096FD43
:1020D000284617F093FD204607B0F0BD818002002E
:1020E00040420F00FEB515460F46064600923348A3
:1020F00002A932463B4612F0D1FB002801D0029CD7
:1021000059E00224781E182855D8C0467844007932
:10211000400087440C50245016503D5042501B50F4
:10212000335038504B5047505050115020003046DB
:10213000294615F035FD3DE03046294612F014FBE6
:1021400038E03046294610F0BFFC33E030462946DF
:1021500012F04CFB2EE0304616F08AFC2AE017F015
:102160003BF801A90880304614F084FB044600289F
:1021700021D1298830460DF03FF91CE03046294630
:1021800012F008FB16E03046294612F019FB11E068
:102190003046294611F0A4FD0CE03046294611F0E6
:1021A000CFFD07E0304616F06BFC03E030462946D1
:1021B00011F0AEFD0446E0B2FEBDC046E5200100D0
:1021C000FEB5002860D00446DD20400020180290B3
:1021D0002B20C0002018019026462E36A769608A61
:1021E0007843192109010FF01DFE411C616121682E
:1021F000CA68264B5F43BA18254BD218131A254DCF
:102200002F68A0793C225043381803628B60818884
:1022100001231943FE27B94381802868A1795143DE
:102220004718FB71386A216808616069400031789D
:10223000164D694346187B2000013018788680B21D
:1022400001990860618E1448027C437C1B029A1835
:10225000837C1B04C07C0006C018801800684843BB
:1022600064210FF0DFFD6843094940189130F8629E
:1022700002980078042807D10B20C00130183237AB
:102280004121890140183880FEBDC046C4090000C4
:10229000BFFAFFFFD87E0020C0D80200F0B587B09B
:1022A00013F076FE29490A78012A02D115F0A8F820
:1022B00049E0012203920A7015F0A2F8002420469A
:1022C0000BF0C6F904AD284616F02AFC214EF06842
:1022D00005902148214A15212B4604F0AFFE2048E5
:1022E0000078204909788200204F029401918842A9
:1022F00024D833689B58002B1DD49D0710D4039D10
:1023000085402C43C5B2FF2D12D01E46039F3E4090
:102310000F4F7D19BC27EE55144F0E4E019907E063
:102320005D0705D5039D8540029F2F4302970F4F00
:102330000D4D2B40D351401C121DD8E70C480460B2
:1023400003480299016007B0F0BDC0465D7F0020E0
:1023500044300240CCDC0200B06C0020A92B02000B
:1023600003DE020093DF0200F8FFFF7F0031004030
:10237000003502407CB50446012908D0022905D168
:102380000121204614F056F8002800D07CBD2046DC
:1023900013F0DCFA002801D00DF08EFA274D01A8C9
:1023A0000090274A01200223294607F06FFD0646C8
:1023B00000280CD0F0680168204610F0D9FB01A875
:1023C000028800233046294604F0F2FDEFE71D485D
:1023D00000781D4D002815D0E88DA04212D12C4662
:1023E0002C342079411C28461430C9B216F090FBD9
:1023F00021792846343016F08BFB0021202220461C
:1024000016F0B8FA0C35284617F07AFD0646002E6D
:10241000BCD03446304617F075FD064620890028AA
:10242000F5D02846214615F007FE20460C30A17A4B
:1024300016F06EFB204617F0E1FBE8E7FFFF000017
:10244000A4E002008078002078790020F8B50446E6
:10245000304A1078304D2978C91D814203D80020B8
:1024600015F0FCF82B4A102C18D80120A0402B495D
:10247000084213D02878C01DD1680022D5B2A842E6
:102480000AD91C236B43CD18AF78012F02D1CB5A48
:10249000A3421CD0521CF1E71E4A02E02878D16802
:1024A000C01D92680023DDB2A8420CD91C276F43DF
:1024B000CD19AE78002E04D1CE5B002E09D0954206
:1024C00007D15B1CEFE70025284615F0C7F8284622
:1024D000F8BDA81C2C800021696069610121017090
:1024E0000C4E70882043708080B216F00FFE32468A
:1024F0003078411C3170002800D195605188D08817
:102500008142E4D0D1800648C268002ADFD0006949
:102510009047DCE7306E00204D7000200201010082
:10252000C4790020FEB514460290DD204000151845
:10253000304A1068002856D09088A379984202D07B
:102540002D4B98424FD1207C002802D09079C007B3
:102550000DD16B799079012B04D1800743D50E46BC
:10256000022006E0FF283ED10E46FF2001E00E4685
:1025700001200190202017F03DFB002833D00746B2
:102580004920800020182146743122463A32029BAD
:102590003B70A3797B8012783A712A787A71097836
:1025A000B9713E81008878812089B8822068C0682E
:1025B0008008B8610198387716F0FAFB00280AD035
:1025C0000188B981846817F009FB0146204617F09D
:1025D00093FC800802E00020B881C04338610548C0
:1025E0000168384688476879012801D10020687160
:1025F000FEBDC0462C6F0020FDFF0000F0B585B089
:10260000049316460446002901D00F4600E02D4FE2
:10261000342000F05FF80C2300284FD005460394C7
:102620003869411E02468A412A740024EC60AC607D
:102630006E610499A961EC612C6239686960AC62D1
:10264000EC622C63002808D10120002103221E46E1
:102650000BF0B6F9A86000282CD01B480669002EA4
:1026600003D0416A416A491C41623889820838684E
:1026700000900195154816492B4609F029FC0128C0
:1026800006D12868294614F065FC00232C4608E092
:10269000A868002801D016F07FF928460EF06EFEDB
:1026A0000C2303980460002E08D01C46FEF7C4FAE1
:1026B000234603E028460EF061FE3346184605B077
:1026C000F0BDC04694DB02008C76002043900200EF
:1026D000B8E00200F8B5314E716A491C7162F16BC5
:1026E000002917D12E490722D3434A070A4601D0B1
:1026F000CA1D1A402B4C002524C42B4C0919194023
:102700000839F1630D604D608B1A5360F16B1160F5
:1027100073643364002400283BD00722034613402F
:10272000113B984235D890431030012831DB336C8F
:1027300098422ED800941B4E34682546374662686E
:10274000824203D22C68002C2E46F6D18D42009C8A
:102750001FD03968009129683960141A112C0F4E66
:1027600007D329184C60686008460EF035F96A688E
:10277000336C981A3064716C884200D27064009C8B
:1027800008340120C0070243002005C5B06C401C7E
:10279000B064FEF751FA2046F8BDC0468C760020A2
:1027A00060040020046F0020504D0000FEB5314D44
:1027B0002C68002C5DD0E768002F05D12E482F49EA
:1027C000FF22403200BF00BF16F0EAFD0290A08851
:1027D0000004000F0DD02A6800212960D06803682A
:1027E000934202D102C013F04DFD16F037FF16F0F0
:1027F0007FFA13F0CDFB7D6D6669A169019100211F
:10280000796514F0FDFD2805800F24D016F068FDD1
:10281000002820D00746C07900281CD1154800792F
:10282000C00718D016F056FD124A1079FE2101405B
:10283000117116F013FF38790B2149024018B88046
:10284000BB69002B07D0B88A0D49084203D000218C
:102850000B4A384698472E400299002901D0019B27
:1028600002E0002E019B04D0002B02D0204632460D
:102870009847FEBD806B0020A8D9020047C902001E
:1028800002200000BCB5002847D004460568E9785E
:1028900001A801702979417016F04AF9A86800284A
:1028A00001D024490160E868002801D02249016074
:1028B00029882248018022494A88224B1A806A7955
:1028C000C270AA7902712022AA5C02762A6982600B
:1028D0006A69C260AA690261EA6942611A4A1B4BCD
:1028E000C26103621A4A028509782B2281542C2185
:1028F00000224254C28517490125AA04016342639C
:1029000017F04DFB606880680068294615F028FBC9
:10291000616803C915F01EFF01E017F04AFB074884
:102920003821002242540C4941873C21425417F07F
:1029300035FBBCBD6D4D0200017F0200C479002053
:102940009A7E0020367F0020B8D10200DCDC020035
:1029500001FF000001000200DC050000B0B592B0EC
:10296000044680680578691E0D2957D8794409798D
:1029700049008F4406061E22122A32263A1A360EC3
:10298000162E02A905F0FEF8122831D101A8062161
:1029900046E002A911F036FE2AE002A914F09AFAE4
:1029A00026E002A914F0D7FB22E002A914F0F1FB03
:1029B0001EE002A914F0C0FB1AE002A914F0DAFB31
:1029C00016E002A914F0A9FB12E002A914F096FB8C
:1029D0000EE002A915F0FAFE0AE002A913F0CEF803
:1029E00006E002A914F044FF02E002A913F000FF80
:1029F000002809D00B2D18D00D480068002814D0ED
:102A0000A08813F0A7F810E0A08802AA29460FF0CA
:102A1000C9F901A90870002803D1EBE701A8072133
:102A20000170A08801A914F0C5F912B0B0BDC0466C
:102A3000AC7D0020FEB50768797A00295CD0456836
:102A4000696B019109F0E6F8786F00281ED03C46CA
:102A50004C34204617F046FA3E6FB0421CD238790B
:102A6000022819D0B86E002846D0204617F03AFA4E
:102A7000301A7867B86EB96F4618204617F032FAE8
:102A8000301802900020F874786F0DE0B86E0028BE
:102A900002D0386F0028DAD138464C3002A910F045
:102AA000EDFE78670121F974002825D00124A102E8
:102AB0000022BA73884201D9796708460299091839
:102AC000491E019A51600D49916000010C4940185E
:102AD0000840916801439160E86B214614F01AFAAE
:102AE000E86B084908602868214615F01CFC286836
:102AF000816B62030A438263FEBDC0460180000C05
:102B0000F03F00002860024070B517F03EF907253D
:102B1000072801D1284670BD17F035F9002800D0EC
:102B200070BD0C2017F062F8254C20600028F1D011
:102B30000C2114F09EFF2068FF218170802101721A
:102B4000204E30781C246043C43017F04FF81E49E3
:102B5000C8600028DED031784C43C434214614F0DC
:102B600088FF16F0CFFE0028DAD11848007800243C
:102B700021460EF029F80028CCD0102001210EF0BB
:102B800023F80028C6D0102002210EF01DF80028DE
:102B9000C0D00F4801781E2048431E3017F026F899
:102BA0000C49086000282846BAD0062017F01EF805
:102BB00009490860002801D0204670BD072070BD7B
:102BC000A86F00204D700020306E0020347000206F
:102BD0005870002004700020F46F0020F8B50446FF
:102BE0002D486946224611F059FE002801D0009D6B
:102BF0003BE02088002837D0606842680378274887
:102C0000022529460CF07AFA002808D1606842684B
:102C10000378234829460CF071FA002825D0A078C3
:102C20001825072821D310281FD81E4F38880125C2
:102C300000281AD021881C4A5040401C884214D3D6
:102C40000C2016F0D3FF002821D0064620883A88B1
:102C50000001002188420AD0531C3B8065686D1832
:102C60006A8110311A46F5E70225E8B2F8BD002561
:102C7000304620C00822214615F0EAF9786800287D
:102C800007D0014600680028FBD10E60EDE7132550
:102C9000EBE77E60E9E7C046DD2B0100AEE0020015
:102CA000B2E00200487E0020FFFF0000FEB50546AE
:102CB00004682646EC36F068002800D0FEBD6F6838
:102CC0006079022806D12046D03002A912F0F1FF27
:102CD000F06005E0B068F0603168326989180291EF
:102CE0000028EBD039688A6B01230193DB029A43F9
:102CF0008A634421615CC9060DD5226C002A0AD082
:102D0000217A002907D1A36C1021009200222846C5
:102D1000009DA847F068019DA902884201D9F16091
:102D20000846396B029A1218521E0A60104A8A60CD
:102D30000001104A801810408A6802438A60B86B0C
:102D4000294614F0E7F8B86B0B490860386802218F
:102D500015F0E9FA3868816B2A030A438263207A06
:102D60000028ABD1284611F07DFF2572FEBDC0467C
:102D7000014000C0F03F000028600240FEB51C4644
:102D80000E460978012302291ED171680D78497811
:102D90000902491989B20325284FB94215D0029278
:102DA000089F274A914212D0264A91420DD01522FF
:102DB0005202914208D10190F06816F057F980B2A2
:102DC000B84208D2072500E01D462846FEBD002F68
:102DD0001ED00B25F9E73D191F2D2DD8F068C0191D
:102DE0000299224615F034F9F068A9B24018202261
:102DF000521A0025294615F0BDFD13480068002829
:102E0000E3D00268002A0198DFD00025294611E0AE
:102E1000022C11D1F368029A1178527812025118DB
:102E200019800949096800250029CED00A68002ABE
:102E3000CBD001219047C8E70D25C6E7C92A00007D
:102E4000012A0000A62A0000D47E0020F8B50C4616
:102E50000646314F3868C0880EF0D6F8002826D0D4
:102E6000054638680078002823D0002006F0D6FFF9
:102E700001460622304615F0EBF812F003FD411E24
:102E80008841B0716879800708D52E460C3600213C
:102E90000622304614F014F900282CD0A91D062271
:102EA000204615F0D5F869790120084029E0142062
:102EB000F8BD6879800708D52F460C370021062217
:102EC000384614F0FDF800281ED0A91D0622304611
:102ED00015F0BEF8697901200840B071002006F0B5
:102EE0009DFF01460622204615F0B2F812F0CAFCFA
:102EF000411E884105E006222046314615F0A8F81B
:102F00000120A0710020F8BD06223046394615F098
:102F10009FF80120E1E7C046AC7D0020F8B50546EA
:102F20000620C4432E683079022854D10F46301D44
:102F30002A4915F061FA307E042802D0B06B0F28C0
:102F40000CD83046203014F0B3FD3246303207CA78
:102F50003B4604F05DFA0020F06312E068680278F6
:102F60001F48294612F02AFF334630330ECB304635
:102F70000BF0B4FCF16B081AF0632036304614F005
:102F800097FD2E68307E042802D0B16B0F2919D826
:102F90003046203014F080FD74694820305CC00653
:102FA00001D40020F07630460CF0F6F8307E01288F
:102FB00011D130464830326C766C03782846214671
:102FC000B04707E0022805D1A11D064810F070FCAB
:102FD000746900E000242046F8BDC0462A002A019A
:102FE0002D80010030680020F0B585B00D462749DE
:102FF00009780024814245D9002D00D1244DC0001C
:1030000024490A180F580192506800902868224EEF
:10301000B047B8616868B047F861A868B0473862DF
:1030200028697861287B3874386800282AD102AD75
:10303000284616F020FA002403942C70019804907E
:10304000164821462A4614F057FC3860002819D04B
:10305000019D009E7178002901D0124800E01048BF
:103060007268002901D0114C00E00F4C002A00D0FA
:10307000044630780E4914F029F93078214616F0CC
:1030800009FA2C46204605B0F0BDC0467DD80200A6
:103090006CDB0200ACDC02004B5D0200BDCD000029
:1030A0000620066006400560060006600600056012
:1030B000E1D20100F0B589B00490002804D003915A
:1030C000012903D9182056E0022054E0029201930E
:1030D0000E9800900025294E2F46707D87422DD2F4
:1030E000B06A401906240499224613F033FE03996E
:1030F000002804D0B06A40198079884220D0012984
:1031000019D104984079C0210140402913D17C4352
:103110002334A0B2102405AE2146324614F07EFBC3
:103120003046214613F066FC049831460DF07EFED1
:1031300001280BD0114E7F1C0835CEE734201AE051
:1031400000200299002916D00F7014E00298002880
:103150000A4A00D007700199002903D0906A4019EB
:10316000807908700098002804D0916A49190622D5
:1031700014F06EFF002009B0F0BDC046607700205B
:10318000FEB5044600680188402951D1E18B002931
:103190004ED02849097801294AD145682748006856
:1031A0008047029016F01AFD0190678EA67916F0FE
:1031B0001FF8B04235D1204847430198C019204933
:1031C0004718286A394611F01BFF00282CD015F04B
:1031D000EFFD00282CD0214638310191012106460F
:1031E000284616F02FFB3169384616F085FE618EB1
:1031F0002F46114D4D4329460EF014FE218982B20F
:1032000008186081206800696A4380183862019E4E
:1032100070783070204608F0A1F9002014F028F9E9
:1032200002E0206800692862064801680298884721
:10323000FEBDC04638700020C4090000D07D0020CB
:1032400088130000D47D0020FEB50D460446022000
:10325000009002900298E16F891C884202D215F01A
:103260004AFBF6E701222046294615F00FF8A36F26
:103270000833204629462A460EF091F915F0C8FC7D
:1032800002D015F0DFFF01462046803001908020FB
:10329000215016F05FFC15F0E9FFE06F800000267A
:1032A0002E5002962F1F0299E06FC20E1207524253
:1032B000914221D281007918012807DB4A684B88A6
:1032C0001204D2184A60401E091FF5E7286800045E
:1032D000286015F09DFC02D015F0B4FF014601985E
:1032E000016016F037FC15F0C1FFE06F80002E5032
:1032F0000298401C0290D6E7009902910299801C26
:10330000814204D215F0F7FA0290E06FF6E7FEBDB5
:103310007CB5304E3068017900254A1E052A55D803
:103320007A44127952009744150202023511C2788C
:1033300004252A43C270C088022900D0012100243C
:1033400022460AF037FF3068457040E0C178042219
:103350000A43C27008300024102521462A4615F081
:1033600009FB30682830294615F062FD3268506F3D
:10337000916F203013461833283200932346FEF70E
:10338000D1FD11F069FE411E8841C400306805215D
:1033900041701CE0C17804220A43C27006F022FC8E
:1033A0000446306841781B2906D1002C0FD111F05A
:1033B00069FE09F001FE09E0022C03D0042C03D1C0
:1033C0001C2102E01D2100E0052141702C46204611
:1033D0007CBDC046AC7D002010B50298264C226012
:1033E000264C2360002801D00B2010BD087802284D
:1033F00021D148680478407800020019204C2080D0
:1034000080B2204C0419022C08D31F4CA04226D0B5
:103410001E49884213D01E49884229D11D4CA08ED6
:10342000801C18803020205C1070606B5070901CE5
:10343000E16A626B18E000201880012010BD154C75
:103440004020205A801C18803C20205C1070206C8A
:1034500050701148811CA163901C226C04E005246B
:103460001C80C9681046224616F0D8FB002010BD0B
:10347000002018800A2010BD9C6F0020986F00204B
:10348000227000200F00FFFFA5FF000003E00000F6
:1034900002E00000946900206A60002070B52D48A9
:1034A0000078052108424ED015F09CFEC00016F0B1
:1034B0009DFB294E7060002847D00024254615F05A
:1034C00091FE854208D27068011900220251032042
:1034D00088806D1C0834F2E720490024204610F053
:1034E00097FD00282AD11D490125284610F090FD9E
:1034F000002823D11949022010F08AFD00281DD18F
:103500001649032010F084FD002817D11349052027
:1035100010F07EFD002811D11049062010F078FD32
:1035200000280BD10D490E2010F072FD002805D1A6
:103530000A490F2010F06CFD002809D0706816F0C1
:103540005DFB1E2402E0122400E01324204670BD1F
:103550003570FBE7787B0020307E002085A50000D9
:10356000F8B504462C482D4D0126B702394632469F
:103570002346A847631CB91C27483246A847A31C0A
:10358000F91C25483246A847E31CB91D224832469B
:10359000A847231D394611311F483246A847631DED
:1035A00039461B311C483246A847A31D39460D3108
:1035B00019483246A847E31D3946123116483246AB
:1035C000A8472346083339460C3113483246A847EA
:1035D00023460933394618310F483246A847234657
:1035E0000A33F91D0C483246A84723460B333946A7
:1035F000143109483246A84723460C333946153161
:1036000005483246A8470E341C370348394632462F
:103610002346A847F8BDC046DD520000A97F02003E
:10362000F0B58BB006A8142114F023FA29480468D9
:10363000A004000C16F0DAFA002820D00546019408
:10364000A00000900026374600212846009A15F079
:1036500091F92846019903F0EBFF0446002809D1AF
:103660002846F2F7B1FF0746002803D0701C092E48
:103670000646E9D3284616F0C1FA274304D0164877
:1036800002680C200121904713F05CFF02AC204639
:1036900013F04AFF022020700020214614F0E2FFC0
:1036A0000E49086000280DD006AD14262846314684
:1036B00015F015FC002428462146324613F000FD83
:1036C000012801D1012402E006A813F013FA2046D4
:1036D0000BB0F0BD78E00200C07E00200C7000202E
:1036E000F8B51646079C069F4868027840780002A5
:1036F000801880B2254A8218062A0AD21D460096F2
:10370000CE68304615F0CEFC80B2B84216D2072003
:10371000F8BD1F49884225D01E49884216D01E494F
:1037200088422FD1082FF2D80820C21BA24200D312
:1037300022461A801948C11910311EE0C21BA2424C
:1037400000D322462A80F119009817E01348017827
:10375000B942DCD3CA1BA24200D322461A80406879
:10376000C1190AE0072FD2D80720C21BA24200D3FA
:1037700022461A800948C1190831304616F04EFA1F
:103780000020F8BD002018800A20F8BDDCD5FFFF1E
:10379000502A00002A2A0000232A0000C8740020B2
:1037A000FEB50D4604462C48416A491C4162266814
:1037B0003146294048424841491B4F1EB9410193B7
:1037C000002B00D0084601270028029214D0089A46
:1037D000002A16D00299002901D02048411C0198E6
:1037E000002802D0012080060143201D29430EF04D
:1037F000F9FA0026374604E0002A02D03046A843F2
:103800002060FDF719FA002F24D1002801D114F00F
:1038100097FC14F07DFC0646800118D414F084FC5B
:103820002668314629404A1E084690414A1B5142AB
:103830005141019A002A00D008460299002904D07B
:10384000002802D03046A843206014F0D3FFFF20A8
:10385000000686433046FEBD8C760020FFFFFF0049
:10386000F0B587B0069305920C464668806881687B
:10387000C768058A706810F01BF800284AD12946ED
:10388000059D039604970C9FFF2C204621D0891E8E
:103890000446431C681C00901F4A049D284605915D
:1038A00014F0FFFC06460398806800280FD0A91981
:1038B00042780292C378857800783A46049FB855DA
:1038C00017468D70049DCB7002984870361D05997F
:1038D00003E00446891E0026049DA819891B069A48
:1038E0003B4616F05FF980192918FF2C04D03822C6
:1038F0004A701B220A7003E00D220A700A224A70E5
:10390000039C821C20680023294615F08CFB60680C
:1039100012F0B8FC07B0F0BD7CDD0200F8B500285D
:103920001CD00C46074600880DF06EFB002817D00F
:10393000054604202856002814D424480078401E48
:10394000122602280FD3002C02D0A87C08280AD007
:103950001F4E7068002808D0112604E0022602E0FD
:10396000142600E01C263046F8BDB02016F03EF9C3
:103970007060002828D00026B022314614F0FAFFEB
:103980003888134949684880081D391DA02214F061
:103990005FFB0F48436802201870A97C0839484231
:1039A00048410C4909783A881B1D02F0A7FB0746DD
:1039B000002C03D0284621460BF028FB002FD2D044
:1039C0000CF0EEFD3E46CEE71326CCE7787B0020D8
:1039D000387E00203C700020F0B587B00446008897
:1039E000402112F027FD00280FD001266088A18811
:1039F000E28823890DF04FFDE17A002807D00020EE
:103A000000290AD0324605460AE012253CE0481E4D
:103A100081414D000022304602E00022304615462A
:103A2000A17A002914D003AE30802088324614F0E9
:103A300083F93088002822D120886188A288E38811
:103A4000268900270096019702970BF047FD16E0A4
:103A5000208803A98880002A0ED00D480390A188F1
:103A600003A801816188C180E18841812189818128
:103A7000012111F01BFF02E03B2112F077FA2088B0
:103A80004021002210F0A7FD284607B0F0BDC04637
:103A9000913E0600F0B58BB0002954D00C46054687
:103AA0008879002801D0042100E008210A9100282B
:103AB00008D1E078FC2805D016F017F9002842D08C
:103AC00000F05FF90795E0780990204800780890A9
:103AD000E27926460836A388E589278A608A217D0F
:103AE00000930A9B0193029503970490059109980E
:103AF0000899334605F0EEFDE078FC2801D0002857
:103B00001FD107980A2801D0002201E022461B326B
:103B10000E480378A0880890E0790990E589678AC3
:103B2000218A1720009601920A9A02920395049026
:103B300005970691012218460899099B01F0AEF8F5
:103B400000E03120E0700BB0F0BDC046DA7A002012
:103B5000F8B50C46054640B2002815D42548007833
:103B6000A8423AD925480068804725490968AA0033
:103B70008B5823438B5023490968884722480068A3
:103B800015F09FF900242FE0184801781848FF2904
:103B900004D04068174A1278401880180778FF2F21
:103BA0001DD0082011F022FF00281CD00646124824
:103BB00030807460284613F023FE0146B01EFF22B9
:103BC0000270002438462246334603F07DFA00286E
:103BD0000AD0304613F0DEF803E0032404E014F0CA
:103BE000A1FC012400E004242046F8BD307D002023
:103BF000107D0020C6E00200FFFF0000D07D002005
:103C000014700020D47D0020E86F0020B0B52C4C4B
:103C1000002020702B4D2868826E9521515CC907C9
:103C200009D0C16E097903230B40012B03D1C17860
:103C300001230B43C370C178090711D401798B1E8E
:103C4000032B16D2C088022900D0012100220AF0DD
:103C5000B1FA2868C17804221143C170427027E08C
:103C60000FF092FB01F00AFF2968002810D0152000
:103C70000FE0012901D005291AD102234370083031
:103C8000012908D10021102214F074FE28680BE0ED
:103C9000132048700CE0911C102214F0D9F9286808
:103CA000C17804220A43C2702830102115F0C0F8F0
:103CB0002078002800D0B0BD0EF034F8B0BDC0466A
:103CC0005D700020AC7D0020FEB50E460546072045
:103CD000C1432F683C4648346078022802D1B0685E
:103CE000002807D03078800701D00F4647E0F06801
:103CF000102801D9CF1D42E001930292009138466D
:103D000012F098FD39460746002838D1A0780028DF
:103D10000F4606D0386814F0C9FB002821D00120D6
:103D2000B8767E6401982070002001907861381D7B
:103D3000029E1ECE1EC0019E384620301021324603
:103D40000B4613F08BFA3C463879082801D002283C
:103D50000BD12846F6F7AAF80746002807D13746C0
:103D60000DE03C460098871D07E00098C71DA07E27
:103D7000002804D014F0ACFEA6760020E076384689
:103D8000FEBD7047F0B58BB00A9308920A46022137
:103D900000284BD0002A49D007460A98002845D071
:103DA00012980490002841D0119803901098069022
:103DB00000262049204B099607920878864234D283
:103DC0003D889D422ED0BC78002C2BD00A980699B5
:103DD00013F082FF002822D00346E007059301D1AB
:103DE000099D0CE003980090049801900121284659
:103DF000089A03F0D1FF054609980543BC78A0074F
:103E000001D409950BE03888039900910499019138
:103E10000221089A059B03F0BFFF28430990079AE7
:103E20000449054B761C3F1DC7E70999C8B20BB082
:103E3000F0BDC04649700020FFFF0000F8B51646EF
:103E400004460068114615F051FA0546371D3079D1
:103E500000281BD015F09EFA316A14F009F8F179A8
:103E6000002913D1C72811DC7269B369387843215E
:103E7000490240183880002B05D01C48024002D06F
:103E800000213046984715F025FAF8BD2068002833
:103E90002BD0002D29D015F07DFA316A144A8E18E6
:103EA000314615F0B3FB217901220A43227139789A
:103EB000002908D0002806D0022D08D0032D14D1E7
:103EC0002046103005E02068022229460BE02046FB
:103ED0001C30002809D0314615F09DFB002804D085
:103EE000014620680222F9F73FFBF8BD02200000DE
:103EF000A0F1FFFFFEB50E4604460720C543486803
:103F0000810703D11746B1688A0701D02846FEBD54
:103F100023681A7E042A029305D0326914F058FAF5
:103F2000029B002830D0306900282DD0184612F0AE
:103F300081FC002838D102990A464832507800287E
:103F400009D00192086814F0B1FA00281ED00120AF
:103F500002998876019A0E641770002001904861DA
:103F6000091D3268A9CAA9C1029871680163316943
:103F70008163C163B1684163F168203000290AD0D0
:103F8000102215F04BFE0BE0E81DFEBD002002994B
:103F9000C876A81DFEBD0199016041608160C160C5
:103FA00001212046FEF7BAFFFEBD7047F0B585B08F
:103FB0000746274E7068002802D08047002810D09E
:103FC000B068F902726915F09CFA00280BD40C2035
:103FD000784320490C18E07D41087F2905D3012052
:103FE00004E00B2531E001252FE0401CE07516347C
:103FF0000002194901430491002504AA042338460C
:1040000029460EF075FF3070002803D1FF21217082
:104010000321E170EA430192FF26384603943C46AF
:10402000029731462B460D4FB847012320463146B3
:10403000019C2246094FB847022302983146224686
:10404000B84710200399C8808E70284605B0F0BD8F
:10405000D878002024670020FF000F964557020003
:10406000F8B50D460090284800780027284B3C46BC
:1040700084421CD21968CA5D002A15D0CE19F18875
:10408000009A914210D1072D03D17188009815F044
:1040900020FE002130462A4603F0B7FD30460FF0DF
:1040A00089FC194800781A4B641C1037E0E7002D92
:1040B00000D0F8BD154E307884421AD21968CA5D16
:1040C000002A13D0CD19697AFF290FD0E988009A08
:1040D00091420BD1284614F03BFE1421284608F0EB
:1040E000EBFA28460FF066FC094B3078641C103759
:1040F000E2E70424A0B20728DBD8FF2200990FF0E2
:1041000073FC641CF6E7C0468C7E002046700020DD
:10411000C86F00207CB50D460446DD2040002618FF
:10412000002A0DD0286E6A6E0F21890141183123B3
:10413000C55C907D832820D0032820D102221DE079
:104140003178002903D1002013F088FA3178A07962
:10415000327906F073FC204615F02EFF19480068EE
:10416000A1793C224A43841829202856002631464A
:1041700013F006FE3121605422E0012232710A78E8
:1041800001A90A7012F07EFF284615F0B5F93B260A
:10419000002815D001A800780321014020460CF02A
:1041A0008BFB00280CD007480068A1793C224A43C9
:1041B000801869B2491001222A400EF00DFE002637
:1041C00030467CBDD87E0020F8B5C068C56828465A
:1041D0001830A96AEB692A6A9A6053604B68834277
:1041E00000D14A600024AC620A68521E0A601F4F68
:1041F000796A00290DD01E490A465832CB6DEB6111
:104200009E682E6270609860AA62886D401C886506
:1042100022E0281D6969AB68EA689A6053604B68C0
:10422000834200D14A600A68521E0A60E96ABA698C
:10423000914200D9B96114224A430E498B185F6834
:10424000AF60BE68EE607060B860084F6B61885800
:10425000401C885012F0C6F9E86A07490968C96A23
:10426000884201D90124BC622046F8BD8C7600202A
:10427000B4750020006200200C7F002089B0801EF1
:104280000A2813D87844007940008744050F1F2F6F
:10429000373F0F0F0F17270001293FD107A8012132
:1042A000017007A800780028FBD13EE06846012194
:1042B0000170684600780028FBD136E002A8012191
:1042C000017002A800780028FBD12EE008A8012187
:1042D000017008A800780028FBD126E001A8012180
:1042E000017001A800780028FBD11EE005A801217B
:1042F000017005A800780028FBD116E004A8012170
:10430000017004A800780028FBD10EE003A8012169
:10431000017003A800780028FBD106E006A801215F
:10432000017006A800780028FBD109B070477047DB
:1043300070B5049C284E3070284D6975EA75AB75D0
:104340002C76C80015F052FCA862002840D0697D88
:10435000CA00002114F00EFB687D15F047FC68626E
:1043600000282CD06A7D002114F004FB687D15F034
:104370003DFC2862002824D06A7D0024214614F0E8
:10438000F9FA2846383014F0F7FE317806200DF09F
:10439000C9F92846303012F0DDFA0AF0CFFC697D09
:1043A0002A6A052013F03AFA002814D0687DA0424A
:1043B00011D0E14341182A6A1155641CF7E72835EA
:1043C00003E0A86A15F01AFC2435286815F016FCDD
:1043D000042013F043F970BDCF6E002060770020F9
:1043E000F8B52349087007F085F8224800243022E8
:1043F000214614F0BFFA204E707900280ED000013B
:1044000015F0F4FB1D490860002807D07179F170A0
:10441000B27932718A00002114F0ACFA307918496F
:1044200009780818174F3870C0B2000115F0DEFB8C
:10443000154D286000280ED039780A01214614F065
:1044400099FA2868093039788C4207D2FF21017027
:10445000641C1030F7E70020387030710448007891
:1044600014F0A8FE094811F0D3FFFAF79EFDF8BD3D
:1044700047700020C86A0020887E0020CC6F002092
:104480004970002046700020C86F00207143020070
:10449000F0B58DB0022700284FD01546002A4CD029
:1044A0000C4606460693081D80B2059015F09EFB4B
:1044B00000283FD0074606980CF0A6FD00283BD008
:1044C0000395856A381D3146224613F0D9FDFD70EB
:1044D000280A0290B870280C0190787004952E0E6E
:1044E0003E7014F033FF014607AC1022204613F053
:1044F000C7FD082000900BAB20463C463946059A84
:10450000F9F73AFB0746002810D1049D039805707F
:104510000299417001998170C670001D0BA9082293
:1045200013F0AEFD691C069811F02AFF204615F025
:1045300065FB02E0132700E0142738460DB0F0BDFC
:1045400080B525480068002801D015F057FB2348A6
:104550000068002801D015F051FB214800680028B0
:1045600001D015F04BFB1F48C068002801D015F0A2
:1045700045FB15F0CBF9002010F02CFF002801D0EE
:1045800015F03CFB012010F025FF002801D015F0AC
:1045900035FB022010F01EFF002801D015F02EFB85
:1045A00011480068002801D015F028FB0F4800686A
:1045B000002801D015F022FB15F0C7FC15F04DFBCB
:1045C00015F0D5FB15F0B5FC15F0A5FC0DF069F85C
:1045D00008F0A1F880BDC046287D00202C7D002079
:1045E000A86F0020306E002004700020F46F0020BF
:1045F000F0B587B01C4617460D46064650201946B2
:104600000FF08EFC00970190224806A932462B46F7
:1046100010F044F9002801D0069C37E030460CF039
:10462000F3FC002831D0039405A9304610F042FE77
:10463000044600282AD1002F13D004AC002020808B
:10464000288821460CF026FB208814F00CF901463E
:10465000781E42424241304606F018FF04460028C8
:1046600014D13046294610F027F8044600280DD111
:104670000024039EFF2E09D0059DAB1C06481E2278
:10468000294614F0E5FCEE7000E01424E0B207B017
:10469000F0BDC046F1450100754E0200B0B50C46B4
:1046A00000290BD4E0071CD1A0071FD460072AD42F
:1046B000200733D4E00638D4002422E01D480078D7
:1046C00004F090FF002819D005460CF047FF0028A1
:1046D00011D119480078FF280DD0294611F04CFF60
:1046E0000CE00FF0D5FE15481E3009E00EF030FE4C
:1046F00012481C3004E0284612F04CFB0F481F30D3
:1047000004402046B0BD0E480068002803D08068F1
:10471000002800D0804709481830F1E710F06EF902
:104720000849087005481030EAE70BF041FA0348E1
:10473000E6E7C0465E7000205A7F0020E0FFFF7F62
:10474000B07D00205D700020F0B58BB006A8FF2181
:1047500001702548407D15F049FA00283CD00446F8
:1047600007AFFF261025384631462A461F4B98478B
:104770001D48427D2046314601941C4CA04704A8A8
:104780000390062202923146A047194E0220294684
:104790003A46B04734460646032029463A46A047E3
:1047A0002746054635430420012106AAA0470646B0
:1047B0002E430D48417D0520019C22463D46B847C9
:1047C0000746374302980146039AA84705463D43EA
:1047D000204615F013FA03E0042012F03FFF0A25EB
:1047E00028460BB0F0BDC0466077002075890200F6
:1047F000B1800200F0B585B027480078002801D0CC
:10480000012047E012F0A8FD14F0B0FC034600249C
:1048100020462146224612F083FD204E2746707D19
:10482000874235D2B06A0019FF2106252A4612F0C8
:1048300047FC002829D17D432335A8B2102101AAC5
:1048400012F0ECFF002820D101A8FF21102212F065
:1048500037FC002819D101A80021102212F030FCE9
:10486000002812D1B06A011988790125284001AACF
:10487000002312F055FDB06A0119C879C00604D4AE
:10488000887928402A4612F091FD7F1C0834C6E73B
:104890000020707005B0F0BD597F002060770020C7
:1048A0001CB501A901240C708188214A8A18192A93
:1048B0000BD9204A8A18142A15D8234693401E4A39
:1048C000134210D015F015FA27E0234693404722F3
:1048D00013421DD08068007801A914F0D7FF00288A
:1048E0001BD0019C1AE0154A8A18022A0DD3144ADB
:1048F0008A18022A09D3134A914211D0124A9142CE
:1049000013D180680AF0B2FF07E015F0EAF904E07D
:104910009A01520FCDD015F0E6F90446E0B21CBD65
:10492000FFF72FFAFFF741FBF8E70024F6E7C04650
:10493000D9DFFFFFBBDFFFFF3F001000F8DFFFFF05
:104940008903FFFF0E20000002200000FEB517467D
:10495000029106461024204615F048F905462046E7
:1049600015F044F90446002D19D0002C17D00197FA
:10497000002710222046394613F0FCFF304621461E
:104980002A4612F067FD0646002828D1E85700287D
:1049900009D42846029E314612F08CF90DE0132608
:1049A000002D1CD11EE02846214612F083F9114942
:1049B0002046029E324613F0D7FCF057002804D45C
:1049C0003046019912F076F908E03046214612F09F
:1049D00071F908492046019A13F0C6FC3E46284664
:1049E00015F00CF9002C02D0204615F007F93046DE
:1049F000FEBDC0462CDD0200FEB52848407828499F
:104A000009680A78012801D1154644E000230124F1
:104A1000009202921E460193DFB2C0B2874225D2B5
:104A2000E5B2854222D2042E20D8C85D495D05F04A
:104A300065F801281AD10296194E3168C85D495DA2
:104A4000F4F78AFD31684A5D9042224600D0019A0F
:104A5000641CE3B2CB5CFF2B01D10023DC43029E3C
:104A60000290761C0D4840781346D4E7029DAEB202
:104A7000009CA64205D02046314605F03FF80128AB
:104A800004D1FF213046F5F7F7FF04E02046314618
:104A9000F5F7F2FF2546A8B2FEBDC046346F0020F0
:104AA000A06F0020F8B505460620C44308680078CA
:104AB000022842D10E462F68CA68381D2049102AA4
:104AC00000D0891C13F098FC387EF368042808D0C5
:104AD000102B06D3686802781A48294611F06EF93F
:104AE000F3687168B268384608F076FB2E68307E4D
:104AF000042803D0316AC9680F2915D874692820A1
:104B0000305C032801D00020F07630460AF044FBE8
:104B1000307E012811D130462830326A766A037817
:104B200028462146B04707E0022805D1A11D0648C6
:104B30000EF0BEFE746900E000242046F8BDC046B9
:104B40002800000119C7010030680020FEB5144696
:104B5000002802D0254A12780270002902D0244889
:104B600040780870002C3FD000273E461F48007850
:104B7000FDB2854238D2284614F03CFE002831D1DF
:104B8000284614F0BBFE53218A008118731C02933F
:104B9000F5B2675505682D88803D6B1E9D41B31C9D
:104BA0000193029BDBB2E554805CF21C019BDBB2FB
:104BB000E0544878331DD2B2A0548878721DDBB21D
:104BC000E054C878B31DD2B2A0540879F21DDBB20C
:104BD000E054487933460833D2B2A0548879093674
:104BE000D9B260547F1CC1E70020FEBD4D7000208B
:104BF000346F0020F8B514460D460646224800786A
:104C000001280CD121480188002908D0491E0180C3
:104C1000080404D101201F4613F0B6FC3B461C4F8C
:104C20003878002810D00C2010F0E0FE002826D0A4
:104C30000146184808804E8002200871CC808D60A3
:104C4000387811F099FCF8BD1F46082010F0CEFE10
:104C5000002814D010490180691F416002220A70A7
:104C600041684E70310A3A010A4341688A704168CE
:104C7000CC70210A4268117109F098FFF8BD2846EE
:104C800000F088FCF8BDC0464C7A00204E7A002027
:104C90004070002090FF000001FF0000F0B589B0D7
:104CA000119E002E0AD01F4615460C460890084655
:104CB0000CF0AAF9002803D011273DE031273BE092
:104CC00007951F480CF0A0F9002834D00546149829
:104CD00006901398059012980490109803900F98DE
:104CE00002900E996F71A81D0622019213F0B0F97F
:104CF00028460C30002700903946019A13F03AFEFE
:104D000002996C800798287108982870EF620398C0
:104D1000A874AE820498E88205982886069868866A
:104D2000002903D00622009813F092F92046394654
:104D300011F092FB00E01527384609B0F0BDC046DF
:104D4000FFFF0000B0B504462648007812F088FF47
:104D5000002C07D02448846060680179002905D0C0
:104D6000006A05E0002012F079FCB0BD14F036FFB7
:104D7000A0606169002901D0204688476068006A08
:104D800014F01EF86568A888A97909044018FF2165
:104D90000902014019225202914205D1291DC2B2D5
:104DA000000C88700A806568284615F008F80146EE
:104DB000284615F0D5F8208813F022FF616814F01A
:104DC00045FD01468B39022901D3002806D16068D0
:104DD00012F04EFB012014F0A6FFB0BD204614F0E7
:104DE000F2FFB0BD4C700020306E0020F8B50446D4
:104DF000254A836FC66E25481060207E001F451E21
:104E0000A84100910F2901D8002700E001270740A1
:104E1000012F10D1616AA26A204635461E46009BCA
:104E200009F05CFD33462E46174AA16F091AA167A7
:104E3000616E081A6066B34206D1E06A8121615C46
:104E400001220AF0E1FF07E0606B5066A06B9066FC
:104E5000E06BD066206C1067002F04D0204610F065
:104E600091FA06460EE0606AA16A0026009D2A4675
:104E7000334602F0CDFAA06F401BA06734342046C1
:104E800012F0FEFD3046F8BD2C000C402A002A012D
:104E9000F8B50F4606462248006880470446214878
:104EA00040680546002806D0686E0078B04222D0DF
:104EB00028680028F5D10026002F2AD0304614F0AB
:104EC0009DFC184F3978884223D2782014F08EFE4A
:104ED0000646002D00D13D1D2E60002E19D07821F0
:104EE000304612F0C6FD10483821405C002804D03E
:104EF0007D20800002E02E460BE0787870853046F9
:104F00004430022111F0B0F84420315A074A0A40D7
:104F1000325207480168204688473046F8BDC046EF
:104F2000D07D0020207D0020C4790020FF0F0000EC
:104F3000D47D0020F8B5014600040DD40122C80537
:104F40000FD40020890306D51E498B6E0A2B30D161
:104F5000204848641046F8BD184810F01BFC00209B
:104F6000F8BD174B1749986800281CD4174F184CE8
:104F7000256820607E1B01DC134EAE19952E12DCD5
:104F80003E1A01D8104E8619952E0CDC401BC51711
:104F90006840401B952806D8081F520402600A602A
:104FA00000202060F8BD1402002018601A600C6018
:104FB000F8BD52040A238B660A60F8BD02020000A5
:104FC0000012004058100040A01CE9FF60E31600EA
:104FD000A87E002080841E80F0B589B00190214F0A
:104FE000214A224801680125A94301601068039005
:104FF000386C029004A81E49142214F00FFE1D48BC
:10500000042114F0A7F82026304614F083FB3868FA
:10501000194CA169019A101AB938C0084018A06249
:1050200005F084F80190E56065652068304614F06D
:1050300071FB1B210F4814F08DF8F86B0128FCD18F
:105040000B4804A9142214F0E9FD029838640648BC
:10505000039901600AF000FB04200EF0A7FB019801
:1050600009B0F0BD042102404420024010E000E0FD
:105070004C2102404404000000200040F8B51546D1
:1050800000910446254E37461C373F68002F03D059
:105090003889A042F9D126E00C2014F0A7FD15268E
:1050A000002825D0074604810098B8720020386097
:1050B000F872002D0AD00821284611F05BFE7860B6
:1050C000002804D1384614F099FD11E07860134EA1
:1050D000F169002904D0084609680029FBD101E0E4
:1050E00030461C30076013F00BFD002802D000266C
:1050F0003046F8BD0120F872204600992A46F6F79E
:10510000FBFD31460646C86A0028F1D04368002BF3
:10511000EED0002120460A469847E9E76077002054
:10512000FEB525490B7800281A4600D00022002839
:1051300001D122490B7822490F68019211460024BF
:10514000994236D20D017E197288491C002AF6D187
:10515000029300280BD0202014F048FD7919C86074
:10516000002826D00021202213F004FC02E0781948
:105170000021C160B01C009000213170104802680D
:105180000198411E03019A18931C402254B2002C2E
:105190000ED41C460D466D1C0298854206D2278807
:1051A000103490B28742F6D1521CEFE7009802808B
:1051B00034462046FEBDC0468C7E0020467000204E
:1051C000C86F0020F0B58FB00D460646254F3868F1
:1051D000406F603000242022214611F071FF00282A
:1051E00003D0082738460FB0F0BD1C2014F0FEFC99
:1051F0003968886508270028F4D005A803A909F0B4
:10520000DDFE0028EED117480068406F603007A926
:10521000019103A9009105AB31462A46F6F7EEFB52
:105220000028DFD10F4F3868806D07AD1026294662
:10523000324612F00DFF3868406F80301035294635
:10524000324612F005FF3868806D04821230082261
:10525000214613F08FFB10F02DFC3968896D88769C
:105260002746BFE7AC7D002070B50C460546264EAC
:10527000306800281FD0C188A9421CD1417811296B
:1052800023D0062919D10178002925D0826EC16E5C
:105290009823D25AD30702D08B89DB0724D19307F6
:1052A00002D58B899B0721D4520702D589894907EA
:1052B0001ED4B06811E014F0CDFC204629460CF055
:1052C00071FC11F087FD012070BD002C00D032244C
:1052D00014F0C0FC204614E0706800280AD0406832
:1052E000002807D0804705E0072102E0092100E0FF
:1052F0000B21417014F0AEFC306840781228E2D1E6
:1053000000200DF049FADEE7AC7D0020FEB517461F
:105310000D460646087A44B2810607D4002C25D4EF
:1053200001072DD480073DD403263EE00293384682
:1053300013F099FA0146304608263440019022467F
:1053400006F0A4F8002806D00299487A00282CD04C
:10535000087A012829D1384613F0E8FA002823D02A
:105360000346122201982946984707E0384613F071
:105370007AFA01460022304606F088F8064614E024
:105380001C46384613F06FFA01460122304606F0FB
:105390007DF8002806D00646607A002805D0207ADD
:1053A000012802D1002600E00E263046FEBD7047DF
:1053B000F0B58B4200D1824204D90B0002000021DB
:1053C000002040E0002B00D1002A0CD10B0002008D
:1053D00000210020002B00D1002A01D0C943C04386
:1053E00014F0E4FD2FE01C0015000B0002000CB4CB
:1053F000002126002F00FF19764102D2491C4029C6
:10540000F9D100201E001700FF19764102D2401C7E
:105410004028F9D10E1A21002800320011F0C8FEF0
:105420000C0005000CBC00200021A34200D1AA42C0
:1054300001D3521BA341404149416D08E7073D4359
:105440006408761EF1D5059F002F01D03A607B607D
:10545000F0BD7047FEB504464088A188E2882389E4
:105460000CF019F8002838D02088012110F0E2FF54
:10547000002834D0208813F074FA1B491125042821
:1054800003D14888194988422CD120886188A28894
:10549000E388268900270096019702970AF01EF8F4
:1054A0000646002806D0112E1BD1208813F059FA89
:1054B000042817D120880C49488013F052FA042898
:1054C00035460FD160880A490880A0884880E08866
:1054D00088802089C8803D4604E0022502E014252A
:1054E00000E035462846FEBD387E0020FFFF000064
:1054F000246F0020F8B51F4869460FF0CFF9002847
:1055000001D0009833E01C4801782820484314F06B
:105510006DFB1A490860002828D00026184F1C4C43
:10552000354615480078854215D2002E394600D000
:10553000791C1248026890199153002181700481EE
:105540008172FF22120282840C30182213F012FAA8
:105550006D1C2836E5E70B4813F010FF0A4813F0DE
:10556000C3FD0A4810F054FF002000E01320C0B231
:10557000F8BDC046F55401003D7000207C6F00204E
:10558000FEFF000095290000097602005571010018
:10559000FFFF000070B5002817D0054622480068BC
:1055A0008047044614F039FC00280FD0284607F045
:1055B0004BFC01281AD114F065F81D4801682046FB
:1055C00088471A48006800280ED170BD174E306811
:1055D00000280BD0284607F037FC012806D11448D4
:1055E0000168204688473068804770BD0F49081D14
:1055F00000230068002811D01A4606460836AE423D
:105600000346F6D88388F318AB420346F1D3036808
:10561000002A00D10A1D136014F0F0FA0448016852
:105620002046884770BDC046D07D0020607E0020A7
:10563000D47D0020F8B504460078C206970F022FEB
:1056400003D0012F05D1221D01E022460832166841
:1056500000E000260125002901D1E94301E00221F3
:10566000C94308402070204603F0F8FF2078C006A8
:10567000800F012810D0002811D10025002F21D043
:105680001348017906220A40042A1BD110308442B3
:105690001AD011F0DFFA15E02F46241D01E02F4645
:1056A000083420680025B0420CD0094C207906212E
:1056B0000140042906D100F0D7FC054620683905D1
:1056C0000AF0DEFE2846F8BD14F078FAFAE7C04684
:1056D000806B002070B502F087F91E4C204613F055
:1056E00077F91D4E3178012901D0012000E0022018
:1056F000002900D1042020700020214612F040FE35
:10570000044616480460002C02D0154813F090FEA1
:1057100013F0D4FF134D284613F092F93178012984
:1057200001D0012000E00220002900D104202870CF
:105730000020294612F06AFE05460B480560002D40
:1057400002D00A4813F0C3FC6942694160426041DB
:10575000084370BD006E00204A700020B06F00202A
:10576000D06B0020106E0020B46F0020706E0020FF
:10577000FEB5074624480078401E022801D21220B8
:10578000FEBD1C46002B23D00E46029238460BF07D
:105790003BFC00281ED00546C06A002801D014F04A
:1057A0002DFA1C21204611F0E5FAE862002813D0FA
:1057B00001460898002811D0A87C08280ED10A8A32
:1057C0000B461233887E0090384610F01DFF0BE028
:1057D0000220FEBD1420FEBD1320FEBD384614F08D
:1057E00059F800280ED100202979002E01D0062278
:1057F00000E0042211432971029A002A02D02022DB
:1058000011432971FEBDC046787B0020FEB50246DB
:105810000E063F204006864204D110F07FFC030AAA
:10582000040C38E01F4C00237F20002A33D0176877
:10583000002F30D049B27D292DDC7D252D06AE42CA
:1058400007D00125ED07AE4209D110795379D488EC
:1058500021E0B8008118805C4B784C881BE004255F
:1058600002955557A94216DB3D46171D01956D1E41
:10587000002D05D0029EBE57B14209DB3F1DF6E761
:10588000019DAD00AE56B14205D1A918F0B2E3E7D3
:1058900038787B787C882104DAB212028918C0B289
:1058A0000818FEBDFFFF0000F0B585B01C4604924D
:1058B0000D4606461D4800688047002E08D0009619
:1058C00001950A9901290390029403D0194E02E030
:1058D00002261AE0164E0024174F0F2C13D03868FA
:1058E00000280DD115480578E0B20F210CF09AFA86
:1058F00001228A4028461146049AB04700280AD05F
:10590000641C0837E9E7082603980D4909688847A9
:10591000304605B0F0BD00983860019878600026E8
:1059200002980028F0D00470EEE7C046D07D002039
:1059300021270200E511020050640020FA7B0020BC
:10594000D47D0020FEB51446024605201F4B1B796E
:10595000002B00D01E4BC0431D460D408D422AD166
:10596000926855688D4228D92340A3422AD16318F2
:10597000AB4227D810684518164F002C1FD010F0E6
:1059800007FB019002943C680020386012480268CE
:1059900012482946904706463C60029C019811F047
:1059A0002FFD002E0BD109480078411E8841C0020E
:1059B0004519241AE1E7401CFEBD801CFEBD002CE9
:1059C00001D12046FEBD0020C043FEBDC47D0020A5
:1059D00000F8FFFF244402405800000F8FA0E3B7F7
:1059E000B0B50020244C082804D0211800224A70A9
:1059F000401CF8E7D02060723020A0727820E0725E
:105A000008252573162060730020A073E0732074AE
:105A1000FF206070A07809210143A17013F04EFFB0
:105A200014F081FA20792843207114F096F90028A7
:105A300003D114F094F9002805D0A0782021014367
:105A4000A17012F01CF814F085FA14F08EF9617947
:105A50000143617114F06BF9002803D1A078EF21A4
:105A60000140A1700CF0BFFF08F00FFFE07821218A
:105A70000140E170B0BDC046DE6D002070B5214E22
:105A80003168002400293BD0486F002838D0896E47
:105A900034228A5C002A17D01B4808220270353154
:105AA0001A4D20242246A8473168486F2030896E5D
:105AB00055312246A8473168486F4030896E7531AC
:105AC0002246A84701241BE0114D6978FF2913D015
:105AD0002A78002A01D091420ED22030A91C20241D
:105AE000224612F0B5FA3068406F40302235294620
:105AF000224612F0ADFAE5E70EF080FF0549087086
:105B0000204670BDAC7D0020746C002051800200E6
:105B1000D86900205D700020FEB50546066810F0CB
:105B200037FA0446F07A002814D0307A00280DD0D5
:105B3000686813F071FA0028FAD0686813F05EFA0A
:105B4000002030720121284613F06AFD204611F032
:105B500057FCFEBD3746E83701200290F072284618
:105B600004F054FB7179022906D17969081A786129
:105B70003046D03011F001FF38780028D5D0707948
:105B8000002805D102980002301810F07BFB7079D4
:105B90000128CAD100203870F860B86E0290796888
:105BA0007A69B36C0D20C04300902846029FB84725
:105BB000BBE77047F0B587B01F4616460291044612
:105BC0000025294604F0F2F8002838D10195029DFD
:105BD0003046394613F0FAFD002801D01E202EE091
:105BE0001848067002200643032E02D1384606F0FC
:105BF000BBFF154E757013F0D9FD3070002801D130
:105C000070783070204607F0F1F80028019D16D119
:105C100006950595049503950A480078012804D84F
:105C2000002003A908F0F8F802E003A813F0C6FD6D
:105C300003A813F0BFFD204608F008FD284607B072
:105C4000F0BDC0463B700020DA7A0020F8B504466B
:105C5000002804D11F482049DA2200BF00BF66682F
:105C6000002E0BD12068002805D11C481A49DF22DC
:105C700000BF00BF20680668002E28D02789F5895C
:105C8000AF4205D3307A022802D13668F589002761
:105C9000AF4217D2F219108A401D03218843C71959
:105CA000AF4206D90E480C490092F52200BF00BF52
:105CB000009A1032AF4206D3307A022803D13668F8
:105CC000002700E00022666027811046F8BD002210
:105CD000FBE7C046E3DA0200C7C80200E4D40200D2
:105CE00028DB0200F8B506460C274743204800246D
:105CF0008470204D6868406800280CD013F07EFF47
:105D00006868001D1C490A78944206D2002202608D
:105D1000641C0830F7E7184802787A4390B213F011
:105D200065FF002821D005460096134C22787A435F
:105D30000026314612F01EFE0E48406821788E4241
:105D40000ED2F10041184D6000218F4205D06A1833
:105D500000236B5293600C31F7E7ED19761CEDE7E9
:105D60000098034988700020F8BD1320F8BDC04694
:105D7000807800207879002049700020F8B500284C
:105D80000DD004460768002F09D03D88002D06D0AD
:105D9000012D0BD1012013F031FD002800D0F8BDFA
:105DA0003D88012D02D113F0BDFD3D8800262660FF
:105DB000BE70802D01D0402D07D128460CF074FC18
:105DC00011494988002805D101E00F484188A943BD
:105DD0000D48418088B213F099F90B4801780029E9
:105DE00003D0491E0170090602D1866007490E7072
:105DF0004188C2889142D2D0C1800548C268002A39
:105E0000CDD000699047F8BD306E00204C70002066
:105E1000C47900207CB513F0EBF9C0B213F06EFD2D
:105E200000282ED004461D4D1D4EA06E406800284F
:105E30001CD0017A022919D1817B4118C97B032921
:105E400009D00F214156002905D52978491C297010
:105E50003178491C3170017B204614F05FF8A06E48
:105E6000001D10F07FF9FFF795FBDEE7287800288A
:105E700007D00C490978884204D20B4909780029D7
:105E800000D17CBDA27901A90A806A461080012058
:105E900009F04AFB002028707CBDC04651700020EC
:105EA000547000205370002052700020F8B51C463A
:105EB0001E4D28701E4E317072701E4F3878C00013
:105EC00013F094FE686000282AD02A461A4D717893
:105ED000002916460BD13878800013F087FEB06099
:105EE00000281ED0014628460CF042FE70680021B2
:105EF0003A78914205D2058000224260491C083060
:105F0000F6E7002C00D105242046FFF7EBFE3078A1
:105F100013F03EF9094810F07BFA307813F046FA96
:105F2000F8BD706813F06AFEF8BDC04678790020AD
:105F30008078002049700020FFFF000075230100D9
:105F4000F8B5144606460D461E4F3878002803D192
:105F50001E480078002803D01B480078002806D08F
:105F60000E2031462A46234605F0C8FB14E00C31CA
:105F700008460FF03BFD00280ED03B46074614496B
:105F80004A1C964201D08E4207D110490978002957
:105F900003D00091922103E0F8BD1978009191217E
:105FA00039700E2179700121B970BE800C30B86053
:105FB00021462A4612F04CF80098394610F0DCFAD7
:105FC000F8BDC0463F7000205C7F0020417000207B
:105FD00017200000F8B505461F4CA068002805D022
:105FE0001E490978A9420BD8002426E00EF0E2FDF4
:105FF000A0680024002820D018490978A9421CD99B
:106000000C216943164A55186F68AE680024E143B5
:106010000DF04EFC387800280BD130680E49097815
:106020004A1E9141C9024A1E024202D1706888424A
:1060300005D2094A906810F025F92046F8BD064AB5
:106040001179002900D0074901408842F2D101208E
:1060500038702C46EEE7C046C47D00206BE002009D
:10606000ACDE020000F8FFFFF8B5224F3879400798
:10607000800F0CD00FF08CFF0446387CC006002542
:10608000800F15D0012804D03846183003E00025D1
:106090002EE0384614300668304610F0FBFD13F051
:1060A00079F9801B1449884202D813F087FD032533
:1060B000387FC006800F13D0012802D03846243024
:1060C00001E0384620300668304611F061FF13F0D9
:1060D00061F9801B0849884202D810F0BBFD0225F7
:1060E0003879F9210140081D3871204611F088F9EE
:1060F0002846F8BD806B0020FFFFFF1FFEB50F464E
:1061000022490968002902D011242046FEBD1E46FE
:106110000224002BF9D0019202909C20355C0420CF
:1061200011F0C2FDA842F0D830469C300578052019
:1061300011F0BAFDA842E8D37C2013F057FD134DAF
:10614000286000281DD000247C22214612F012FC79
:1061500028684470029901708770019AC28086662F
:10616000C466047100290ED00BF0DCFD29460546FB
:10617000086801214170002DC7D004F03FFA2C4679
:10618000C3E71324C1E701214170BEE7AC7D0020C5
:10619000F0B587B01E460F460446836FC06F00906F
:1061A000084611460292EFF70DFF80200594205813
:1061B0000490002101200390C5070A46002D2ED02F
:1061C0000692002A0DD00598836FC06F009030466C
:1061D0000C4639463A46EFF7F5FE214630463E4634
:1061E00007462C4604980440002911D0002C11D0F9
:1061F0000598836FC06F0090304606913946029A29
:10620000EFF7E0FE06993846039A3746064603E064
:10621000069A01E00024039A21436D08CEE7384630
:1062200007B0F0BDFEB506468479204613F08BFE1C
:10623000204613F01EFD204613F09FFD70790028C4
:106240000ED0002070711B4D6878002803D100200B
:1062500011F004FA6878401E6870C0B212F05CFF5A
:106260000296144E3078401E307070687B21890091
:10627000254601914D434019877912F0B9FFB84284
:1062800002D03078002802D1FF2012F0C3FF204650
:106290000BF0C1FE204607F0ECFC002002990871CB
:1062A00070684019019911F0E4FB70684019FF21F2
:1062B0008171FEBD346F0020B0B51B491B480860DA
:1062C00013F01AF81A4D294608311A4C20460FF0DF
:1062D000DDFC1948E0620EF0F7FA13F02BFA69685A
:1062E00008600DF035FE6968486010F053FC134CEF
:1062F000204612F039FA124901250D60204612F0AD
:106300003DFA2046294612F0B8FEA902204613F0B5
:10631000CDFC0C480C4A002521462B46FCF76EF9B3
:1063200007F022FB2846B0BD5C7E00207D420100C4
:10633000787C002094690020D45D0020A46D0020AA
:10634000F86F0020007000205D270200FEB50546B2
:106350003120C0002F182E468C3628462E30009053
:106360003089B488029021460BF05CFD3B46E88101
:10637000F1880191698400222A77EA836A891018DA
:10638000A881688E84420BD1EA8E0299914207D18E
:10639000AA8E0199914203D15C229A5AD20604D561
:1063A0005C22995A08270F439F522F468237188044
:1063B0003078009908706C860198A8860298E88663
:1063C000A1B27D20450228460BF02CFD4443A1B22A
:1063D000A94200D0401C38800220B871FEBDFEB535
:1063E0000124062942D30E4607461920C0018142E6
:1063F0003CD81546062A39D3854237D8B54235D31D
:1064000099087C2932D808990A292FD381422DD89E
:10641000C804000C591C8AB21146694349008142E4
:1064200024D238469A30007800280CD00B20400146
:10643000381800680A2102920BF0F4FCC00002999F
:106440006943814212D83846294607F0D9FF00280F
:106450000CD10C980B990A9B099A00910190304637
:10646000294601F039FA0446401E84412046FEBD0B
:1064700070B478C8194A78C2491EFAD170BC704706
:10648000F0B4F0C8144BF0C3124BF0CBF0C1521E65
:10649000F7D1F0BC7047C046F0B4F0C80F4BF0C362
:1064A000521E07D0F0C80D4BF0C30A4BF0CBF0C121
:1064B000521EF7D1064B1C680F25AC431C60054BE0
:1064C000F0CBF0C1F0BC7047C046C046C046C046E5
:1064D0002C000C4070000C4080000C4090000C40E0
:1064E000820706D18A0704D130B43CC93CC030BC15
:1064F000704710230A780270491C401C013BF9D1F7
:106500007047704770B50446456C4820265C60694A
:10651000002800D070BD0F2006402079082801D047
:10652000022812D1012E0CD01848216B4167616BF3
:106530008167A16BC167E16B154A11600168C907EA
:10654000FCD12046203011F025FF012EE2D020465C
:1065500048300078EA68C0060AD4204620306968CE
:106560000DF02BFB002808D10320C043606104E03C
:1065700068682146203113F051FB2034002210219D
:1065800020460B4610F06AFE70BDC0461C000C4051
:106590009C000C40FEB516460C4645688768686846
:1065A000B9680DF085F9002800D0FEBD0295A6421D
:1065B00000D82646F868398A641C002201920092AD
:1065C000164A234611F06DFE314606468D1CF868CA
:1065D0008019AC4212D20622114913F01FFBB61DDE
:1065E000388A801B072807D802980068F968324665
:1065F000019E334612F017FD641CE8E73821417014
:106600001B210170B21C029C2068F968002312F063
:106610000AFD60680FF036FEFEBDC0467CDD02005C
:106620001EE00200B0B586B004460220002C38D02F
:10663000618803229143042933D16168002930D055
:10664000208801210FF0F6FE002825D0208812F0C6
:1066500076F905462088618813F053FB002804D0A2
:1066600001AD2946FFF7A5FAAD8820880E4988427A
:106670000AD02189A94207D962881B20062A10D195
:106680000A4A128891420CD809480078002805D09F
:10669000204600F02FF904E0142002E020460EF01E
:1066A00041FC06B0B0BDC046FEFF0000327F0020B6
:1066B000887E0020F8B50546407840072DD50C4669
:1066C000A87AFE21014002291DD11D4F3868E97AC0
:1066D0002E460C36012200921140324601F01AFB80
:1066E000FF2808D039681E274743C8190D3011F01C
:1066F0008BFD002812D0E87A432160543C340622F6
:106700002046314607E0E87A432160543C340C359A
:1067100006222046294611F09BFCF8BD084D28684A
:10672000C019C11D0D3007F01FFC432000992154F2
:106730003C342868C019C11D06222046EBE7C0463C
:1067400004700020FEB507680024002F39D00190A6
:106750000291BE89FD89AE4204D91B481B498E2295
:1067600000BF00BFAE4212D3387A02280FD1019D7C
:106770002846029911F05EFD2F68FD89B889002630
:10678000002804D012481149982200BF00BFAE4231
:1067900017D2BC19208A401D032188438619AE42B6
:1067A00004D909480949A12200BF00BF1034BE81A5
:1067B000AE4206D3387A022803D10198029911F02B
:1067C00039FD2046FEBDC04611DB0200C7C80200ED
:1067D00058D90200F8B5044660C83068816B204A79
:1067E0000A4082632046FFF797F9204607F0B8FC7D
:1067F00020460DF077F8306810F0CEFE00272F729B
:106800006468242013F01AFB202013F017FBE069C2
:10681000012805D1282013F011FB2C2013F00EFBCA
:106820002846143012F03AF801200002281813F01C
:10683000BAFB28467C3013F0B6FB2B20C00028188A
:1068400012F006FA5B208000281812F001FA50209E
:10685000305A06F0D1FE112006F0CEFEEF71F8BDE1
:106860000DC8FFFFFEB502920F46064601242146E1
:106870000FF0E0FD002826D0242013F0B7F90028FF
:1068800023D0054600970190164F0C37384613F079
:10689000A9F900280AD014480178FF2901D0134A29
:1068A000117010490978017011480470019C26810B
:1068B0000098A0720C350299002908D018222846A9
:1068C00011F0C6FB08E01420FEBD1320FEBD002120
:1068D0001822284612F04EF83846214611F0F7FCEF
:1068E0000020FEBD78790020897E00208A7E00206D
:1068F000AB7D002070B5054601891B20002903D01F
:106900001D4A1288914200D970BD1C4E686804244B
:1069100021460FF02DFA0346287A1870687A5870CD
:10692000A8789870E878D8702889011D2888B04226
:1069300005D189B230461A460BF022FC70BD8AB2EE
:10694000002529460DF0BCFA1F2807D002280DD0DB
:1069500007280FD012280BD00028D5D1084801787D
:10696000002901D0491E0170284670BD142070BD59
:10697000022070BD204670BD327F0020FEFF000067
:10698000887E0020FEB51E4614460D4607460629A1
:106990000AD16188384613F0B4F9029000282ED04D
:1069A000C168498821800BE001960A9A099902ABD7
:1069B000384608F063FA0646002826D10298019E60
:1069C0000899017012490A78521CD2B2012A00D8E3
:1069D00001220A700271142D04D14188618021893D
:1069E000C0680181009638462946234603F04CF8DA
:1069F00006460298002E04D00CF0DCFF05E00226CB
:106A000003E01E2110F070FE00263046FEBDC04699
:106A1000657F0020F8B512F0EBFBC0B212F06EFFFC
:106A20000446006845680F2040012618B08800061B
:106A300009D41948002101807F218170C01C1521D3
:106A400011F017F801E013F075FA144840780228A5
:106A500014D38023B2881A4210D1376810497918AC
:106A600000950125ED07A9439A432F40009D7B180F
:106A7000B2803360A279824200D2E962204613F0EC
:106A80005AF9012806D1A079012105F084FAA079EC
:106A900010F054FEF8BDC0463C6D0020346F00205D
:106AA00040EDFF7FF8B5044605467735A87A002803
:106AB00032D02068008880280AD040282CD10429B0
:106AC00021D010290DD0F1290BD0172909D023E0AE
:106AD000182904D801208840134A104201D1F12915
:106AE0001AD128781A2817D11A2620467630077826
:106AF000F422204601F01AFC012F02D1EE73F2219C
:106B00000AE0314608E028780C38C0B20F2803D2DA
:106B1000064AC240D20703D1204605F0DFF8F8BD8F
:106B2000034A165CE1E7C046010020010D45000064
:106B3000BCDD0200FEB5002A11D017460E46044601
:106B400001280ED112F012FE044612F013FE014687
:106B500020463A46334605F00FFB024623E0022565
:106B60002EE0012528460EF035FC029039463246CB
:106B70002B46F8F7A1FA002817D1029801460839E8
:106B800001913946324603F0D9F80246032C09D167
:106B9000D00002990818001F01884B0710D4042365
:106BA00019430180019CFF2A01D1002508E0D00093
:106BB0002018001D214605F09FFB411E884145001D
:106BC0002846FEBDFEB50C4600292DD4002C30D041
:106BD00006461C4800688047782502966E431A498D
:106BE000891B0F1F002211460F2924D001268E4039
:106BF000491C08372642F7D00190144800884543C5
:106C00007819001F00900168002901D07859884741
:106C1000B1B202980CF036FF002803D10020009991
:106C200008607851019807E00120C0078443264698
:106C300006E0002604E016460549096888476640D4
:106C40003046FEBDD07D002050640020FA7B00203D
:106C5000D47D0020F8B5044611F066FA002C01D16D
:106C60001D480468251D284610F064F9A06A002814
:106C700003D02046183010F05DF9184F7868401C9A
:106C80007860154E3068844208D0F868401EF8607D
:106C9000204610F02DFC0FF0A5FC0AE01048303023
:106CA000294611F04BFBB868401CB860204610F034
:106CB0001FFC11F09FFD3068844202D0204610F086
:106CC0000EFA3869002802D03068844200D0F8BD3E
:106CD00011F036FAF8BDC0460C7F00208C760020FB
:106CE000B4750020F8B501220092D2070A43026071
:106CF00043688268C56801699A6053604B68834243
:106D000000D14A60002202610868401E08600FF04E
:106D100069FC281D6969AB68EA689A6053604B6832
:106D2000834200D14A600A68521E0A60EA6A0E492C
:106D30008B699A4200D98A61142353430B4EF7188A
:106D40007C68AC60A168E9604860A0606F61F05841
:106D5000401CF05006480068C06A824202D9009880
:106D600001498862F8BDC0468C7600200062002090
:106D70000C7F002070B5044611F0D6F9002C01D12B
:106D80001D480468251D284610F0D4F8A06A002884
:106D900003D02046183010F0CDF8184E304644305D
:106DA000294611F0CBFA6020205C012803D120464F
:106DB00060300021017011F01DFD114D286900287F
:106DC00005D011F0B1F90FF00DFC11F013FD0A48D8
:106DD00001688C4200D070BD2969002902D011F0F1
:106DE000AFF970BD716CEA68914202D10021016077
:106DF00070BD01F05BFB70BD0C7F0020B4750020FE
:106E00008C760020F8B50026002835D00446C06BEB
:106E1000002831D00D46226C0026314633460FF053
:106E20004DFC481E814127D12646443611F07CF99D
:106E30002168E06B226C431E50430F180020A063B2
:106E40005343CA186160A760E260FF21317071701E
:106E5000002D13D021461831C2436161A261E16166
:106E60002162206121462C31A162E26221636163CB
:106E7000606211F0BFFC01263046F8BD1034206876
:106E80000028F6D02046FDF79FF90028F1D011F038
:106E900057F9EEE7F0B585B0029000921568280C1E
:106EA00001931E68F7433F0C1D4CB443ADB22C193F
:106EB000641C250C3E1876193504A4B22C190C60FC
:106EC000012297B20298C46F651CBD421CD9300CD8
:106ED0000390BF000098C5592E0C0198C459E34394
:106EE0001B0C084604920E4AA243A9B2039C09193E
:106EF00089180A0C9B199E18320489B2521801464F
:106F0000C251049A521CDCE7A0000A58521C01D05E
:106F1000002003E0081800210160012005B0F0BD49
:106F2000FFFF0000F0B587B0059317460C460646F4
:106F300006A9204609F0AEFE002833D00546049786
:106F400006A8008810F06EFB0E2700282BD00396B1
:106F50004668002E27D00D9902910C98009001915F
:106F600003982946049A059BB04707460298FE28D5
:106F700019D0002F17D128780027022813D168686C
:106F80000178407800024018084988420BD10499E2
:106F9000087849780902081882B20398214608F057
:106FA00005FA00E00127384607B0F0BD02290000CD
:106FB000FEB51C461646074602A8002505807889BE
:106FC000421C90B2904206D17A683B7802AD00959F
:106FD00002F05CFF05467A683B781548022108F00C
:106FE0008DF8002807D17A683B781248022108F012
:106FF00085F8002807D0788911F066FB002C00D0B6
:1070000020802846FEBD7A683B780B48022108F0B4
:1070100075F8002808D002A8002D07D00088B042DB
:1070200004D16889401EE9E77889E7E73046E3E75D
:10703000AEE00200B2E00200A2E00200F0B585B0CE
:1070400004460020002C2DD00D46002B09D0191D20
:1070500001911E4608365968CF433F0624D1019F4F
:1070600008E000200490C043039002AE012030707D
:1070700003AF04AB80203860A80011490C50626057
:107080001868A06025600F4928460DF00FFD39787B
:10709000284604F093FC3078012802D128460EF0EF
:1070A0009DFA204605B0F0BD044F3F6DBD4203D0B0
:1070B000C029019FE0D1F5E7019FDDE78C76002034
:1070C000C073002065550200FEB504460220C5438A
:1070D000052939D8052C37D816460F46019311F0EB
:1070E0002BFA3901194A511800914968029111F09F
:1070F000DEFB0298002827D0019908460838047062
:10710000C81F0770881F0670009C2088104A904294
:107110000FD1E268002A16D0002528469047019931
:10712000002911D000280FD00C39084610F0ECFDD2
:107130000AE0606808300EF083FD60684068012155
:10714000090410F0B5F800252846FEBDC4660020ED
:10715000F8FF00007CB5214EB04200D17CBD044652
:10716000022919D001290ED00029F7D120460EF0AE
:10717000B1FB0028F2D1701C80B20EF0ABFB0028EE
:10718000ECD004807CBD20460EF0A4FB0028E5D0A6
:107190000546701C28800BE0012120460FF04AF9BB
:1071A0000028DBD120460EF095FB05460028D5D0FF
:1071B000287AFE2809D0FF280CD0687AAB78002105
:1071C00000911422214607F01FF8284601F0CFFD58
:1071D000FF2028720020A8727CBDC046FEFF000080
:1071E0007CB5214EB04200D17CBD0446022919D0A5
:1071F00001290ED00029F7D120460DF025FE0028E8
:10720000F2D1701C80B20DF01FFE0028ECD004807B
:107210007CBD20460DF018FE0028E5D00546701C08
:1072200028800BE0012120460FF004F90028DBD173
:1072300020460DF009FE05460028D5D0A878FE2886
:1072400009D0FF280CD0E8780021009114221E23D9
:10725000214606F0D9FF284611F03AFDFF20A8701C
:10726000002028717CBDC046FEFF0000F8B5052651
:1072700000291DD017460D46044640B2002801D50E
:1072800011F050F918480078A0420DD93A462F461F
:107290000C3F3868002803D1A81E0178FF2909D0C7
:1072A00028460FF077FD03E028460FF073FD032614
:1072B0003046F8BD0470012A0AD10D4800688047A5
:1072C0000A490A683A600D600A490968884703E07C
:1072D000064829460CF0F0FB0120C1072046FCF7C8
:1072E00037FC0026E4E7C046C6E00200E46F002059
:1072F000D07D0020D47D002070B5002900D070BD65
:1073000009F082FE0028FAD00446207910210143BA
:1073100021711B4E31680029F1D02546886D002867
:1073200005D00A78002A12D0CA7812070FD4C86D87
:1073300000281AD00978012917D12C34E96A0029CC
:107340000FD0084612F05AFC30685C3008E02C344C
:10735000E96A002905D0084612F050FC3068583020
:1073600000681C210FF006FD206030680028C6D0A0
:10737000C0784007C3D5287902210143297170BD27
:10738000AC7D0020F8B500281ED00446C06A1D4F11
:107390003968C96A884212D2A169002904D43968BF
:1073A000C96A0A22511AA161616914267043164AFA
:1073B000101881420AD03868C06AE0621FE0E06CB1
:1073C0003968C96A88421AD30020F8BD251D2846AD
:1073D0000FF0B0FD3868C06AE0620C498A699042DB
:1073E00000D988614643084B98194168A1608A68B2
:1073F000E26055608D6060619859401C9851012091
:10740000F8BDC0460C7F0020006200208C76002072
:10741000F8B505460F271446BC430CD01740100999
:10742000002B01D1002F1DD02E46024628460D46C6
:10743000FFF726F802E02E460D461746002F25D00E
:1074400028193119124A134644335432002F1DD0E3
:107450000C7814701C7804707F1E401C491C521C50
:107460005B1CF3E7202A08D3421E28460E46FFF78E
:1074700007F8103C2D19361900E00E46044805495E
:107480000160012228463146FEF7FAFFF8BDC046EA
:107490002C000C4028002A01F8B51C46154602278E
:1074A0000A46113A0C2A0CD87A44127952009744B1
:1074B00015143232320606323232143214000527E5
:1074C0000CE005290AD0D22907D0092906D0522973
:1074D00003D006291FD1072700E003270F4A954252
:1074E00003D0D22904D10C3502E00FF0D3F9C51B2B
:1074F000A8B2C11988B2002688420AD10EF082F8DB
:10750000002806D0002C00D0258079420EF030FCF7
:1075100006463046F8BD0127E0E7C046FFFF000001
:10752000FEB51A4810F040FD0446000627D012F0C0
:10753000D5F80190E0B2029000250298854219D258
:107540000F273846684313490E180C246C430198E2
:107550000019801C09F05AFB014630463A4612F0E9
:107560005DFB0D4908190E510C4941600C498160C1
:107570006D1CE2E70648029910F067FEFEBD094A5D
:10758000002001460CF0DEF8FEBDC0465189020025
:10759000A0DE0200807D0020D06E0020956A0200EF
:1075A000C4E00200B6D70200FEB501901D48C578C0
:1075B0001D4807780024B8B2A1B281422FD2EEB2A2
:1075C00018488078864221D0002102AF042330463B
:1075D0003A4610F005FC3878782817D0FF2801D0FB
:1075E0007E2803D17C2130460CF0C6F80D49CD70C1
:1075F0000C2070430818808BC880019940180B49F3
:1076000088420DD3782130460CF0B6F8641C064849
:107610000778701C39460AF005FC0D46CBE7FF25BC
:10762000E8B2FEBD246700202D7000200108000094
:10763000FEB5019107461A4C85204000029006F0E5
:1076400007F811F0F7FF0AF06DFE1649164808F02A
:107650009BF8064601202060144C00252560144844
:1076600060601448242110F004FA0198E062276356
:107670000B4C304621460AF0B5F9102804D82046B4
:1076800006F0F0FC102800D0ED4330460CF0E0FD91
:10769000029805F0B1FF11F0C8FF2846FEBDC046B4
:1076A0007C200940ECDC02002020094080200940B9
:1076B000758B000088200940FEB50D461D498842A3
:1076C00012D009F0A1FC002824D00646801D727952
:1076D000002400940121114002AA234611F03FFC2E
:1076E000002819D015241DE015240026124F787D9E
:1076F000864209D2F0B202212A4605F0D5FF0028C1
:1077000000D00024761CF2E7002D10D00B480AF0C0
:107710008FFF0CE014240AE002A8007802212A4618
:1077200005F0C2FF002D02D0304610F0B9FFE0B2E4
:10773000FEBDC046FFFF000060770020A18602006A
:10774000F0B587B004460079617909020818A1797B
:107750000904E27912065118081806902078617819
:1077600009020818A1780904E278120651180E18C7
:10777000356870680590374608378CCF143643CE8D
:10778000009701AF43C728460599069DA847217871
:10779000627812025118A2781204E3781B069A1834
:1077A00051180860083C20780DF040FC0446012088
:1077B0000EF01CF9002805D0014642200870204632
:1077C00010F036F907B0F0BDBFB5044600890428B3
:1077D00034D3616803AD284610F09EFF68881728EF
:1077E0000FD82189001D814225D103A800780146C8
:1077F0000C39062901D31B280ED301AA00201080C2
:1078000004E001AA0120108017205080208803A9DD
:10781000497810F085FABFBD192810D801218140A0
:107820000A4801420BD0208861680A1D03A9F4F7B9
:1078300025F8002802D0208811F015FFBFBD208850
:1078400061680A1D03A9F6F72FFAF2E75405D4027E
:1078500070B5002805D00446807911F0CBFF0028D0
:1078600000D070BD0B2040012618184800688047E2
:1078700005467079012809D1A0790AF09FFC30797A
:10788000012811D000200FF0E9FE0DE0307900282A
:107890000AD1A07912F09FFA002805D10120307199
:1078A0001221204604F01AFA7079012141407171C9
:1078B00030684208B320400023180548214611F0E3
:1078C0008DFD044801682846884770BDD07D0020A2
:1078D00051780100D47D0020FFB5039201900A9DEC
:1078E0000998029000271C483C460C2F05D0EA5B03
:1078F000824200D0641CBF1CF7E700930027E3B26C
:10790000FAB29A4207D25600AE5B864206D08E4249
:1079100004D87F1CF3E7200602D119E09A4215D162
:107920000198884205D00120009A002A11D08A428D
:107930000FD803980299081A81B20848814207D9E2
:107940000399029A891A89B2814201D9012000E083
:10795000002004B0F0BDC046FFFF0000FE7F000025
:10796000F8B501461F4C20683830102210F070FB2B
:1079700021684878042803D1032048700020F8BD0E
:10798000CA78120707D4084608300A461832283148
:10799000F9F7A2FB1AE0022821D12831102208466B
:1079A000114611F045FA2368586F996F20301D4633
:1079B00018351A4628329E687027DB5DDE40802726
:1079C0003743009581233B40FAF7ACFA0DF044FBB6
:1079D000411E8841C000216805224A70F8BD082078
:1079E000F8BDC046AC7D002080B510F06DF880BDBC
:1079F000024670B50A4392072AD11E4DEE0104C813
:107A000008C9541B9443344017D0D0B2D9B2401A9D
:107A10002106014310D190B299B2401A21040143CA
:107A20000AD110021902000A090A401A2102014370
:107A300002D1100E190E401A70BD9A42DFD010BA52
:107A400019BA884201D9012070BD0020C04370BD21
:107A500002780B7801300131002A09D09A4207D10F
:107A600002780B7801300131002A01D09A42EFD020
:107A7000D01A70BD01010101F0B589B00893154617
:107A80000F46064611F0B6FE0446002834D107978B
:107A90000E9FF0B211F032FF06465B2080003418D2
:107AA0003089217A628923460C3306970097079F15
:107AB0000190029103920493304639462A46089B6E
:107AC000FEF78DFC002801D012240BE030469030E8
:107AD000278065800899A180069AE2800580418010
:107AE00082800024306800888038411E884101016E
:107AF000F122304600F01AFC204609B0F0BDFEB578
:107B00001D460192029008980090142608463146BE
:107B10000EF02EF9044600273946324610F02AFFAF
:107B2000002D01D0012100E00221A174019AE2742C
:107B300027720320A0730098C000E37B0343E37324
:107B4000901DA0816720029D285C012813D1284642
:107B50009A300078002809D023461433101DE074B1
:107B600010460A30A081284602F090FEA86E2146F9
:107B70000CF016FC04E0A86E0C3021460EF004FB5D
:107B80000020FEBDF8B5022600283CD00C46002996
:107B900039D0054640782070A8786070201DE978BB
:107BA00012F0B4F92F7927726879217BC207D20DC0
:107BB00051184208D207920D89188208D207520D37
:107BC000C308DB071B0D891800090003C918081832
:107BD000A081A979FF2290434018A081042010F0D1
:107BE00063F81226B8420ED8257A052010F05CF80A
:107BF000A84208D32078042804D86078012801D846
:107C0000002600E018263046F8BD7047F8B5134648
:107C10000C460646184800271F22394610F0C4F9C2
:107C20000546000626D11548FF43394610F0BCF939
:107C3000384607F06FFB20460DF080FC0520064219
:107C400004D00F48FB210F4A10F0AEF90A2006427B
:107C500008D00D4800900D482921CA001B21FB23A4
:107C600010F0A2F93007800F04D0FDF743FC204646
:107C70000DF050FCE8B2F8BDB5A70100756902002F
:107C8000E57302004808000068420000015F02003E
:107C9000B0B588B00C46002903D4E00710D1002409
:107CA0002CE01848007801F09DFC002805D005461E
:107CB00002F054FB28460FF06DF81348401C1CE0FE
:107CC00008F0FEFC114A1178002807D0002905D0E1
:107CD0000C4800780121FBF73BFF0DE000290BD099
:107CE0005078FF2808D002AB19700022009201934F
:107CF0000749652308F0C0FC03480440204608B04B
:107D0000B0BDC04647700020FEFFFF7F887E002088
:107D1000FFFF0000F8B514460E46054601291BD1A9
:107D20006079C0210140402916D11A4E30780127D0
:107D3000C1B2FAB28A4229D81E2151436A5CFF2A95
:107D400008D06818C11D062220460FF003F800284D
:107D50001DD130787F1CEBE70E4800780127C1B2B7
:107D6000FAB28A4212D81E2151436A5CFF2A0BD014
:107D7000B24209D16818411C062220460EF0EAFFE3
:107D8000002804D1034800787F1CE8E7FF27F8B2F9
:107D9000F8BDC04658700020F0B589B01C461546A5
:107DA0000F4606461B211C4A06ABFFF775FB0890E1
:107DB00000281FD00246049705950F9D07A8831C35
:107DC00006A80088FF210027009701900291304605
:107DD0002146A8470546002816D1608907A90880D2
:107DE0000498C00708D10E9B07A93046059AFCF7F6
:107DF000FFFB06E015270CE007A93046059A00F0C6
:107E0000CFFC0546002804D007A81B2110F080FEF7
:107E10002F46384609B0F0BDFFFF000080B50028AE
:107E200011D001460088421E072A0ED81648C046C7
:107E30007A4412795200974403201F211F1F1F23E9
:107E400011F06CFD80BD002080BD102814D11048B9
:107E50008068006A0F49097805224A438018017931
:107E60004079000240180C4941430C4809F0DAFF00
:107E700080B211F06EFF80BD486880BD034880BDB0
:107E800011F0A5FF80BDC0461C6A0020506900208B
:107E9000207D0020377000207102000040420F005A
:107EA00070B504460078C3069E0F022E03D0012E43
:107EB00005D1231D01E0234608331D6800E000259D
:107EC000002A01D1042300E00823002A01D1012265
:107ED00000E00222E15010432070204601F0BEFB7A
:107EE000002E0AD1207818210140082901D008204D
:107EF00000E004202058A8420ED0094D2879062120
:107F00000140042908D1FEF7AFF804462868012192
:107F1000090508F0B5FA00E00024204670BDC0460F
:107F2000806B0020F0B58BB005920D4606461D4FC4
:107F30003C68002B0FD0A06E01780AAA117041781E
:107F400051709521405C907020781834002812D030
:107F500008A806A911E0E06E001D11F0D5FF3C68ED
:107F6000E16E0A780AAB1A704978597098702078D7
:107F700038340028ECD006A808A907F01FF800281C
:107F80000ED13868406F8030039406A9029108A989
:107F900001910AA9009131462A46059BF7F7A0FBFB
:107FA0000BB0F0BDAC7D0020F8B50D4601460220B7
:107FB000002A3AD0002D38D014461170287850701D
:107FC00068789070281D11F09FFFE070287A20716A
:107FD000A889C005C10F61716A7B02200240521856
:107FE00062716B7B04210B409B1863716E7B0822CE
:107FF0001640F61866716F7BF0231F40BE1966713C
:10800000AE8901273740A771AE890640F019A071EB
:10801000AE890E403018A071A98911400818A071CE
:10802000A98919400818A0710020F8BD70B5044650
:1080300005681B48066828460EF0ECFB30072DD576
:10804000184820210160EA6B501E0E280AD82B46E2
:1080500030330BCB9B1AC018C9180123FFF7D8F98E
:108060000020E863284620300FF016FD4820285CE9
:10807000C00601D40020E876284607F08DF8287E57
:10808000022803D108480EF0FDF870BD284648309C
:108090002A6C6E6C696903782046B04770BDC04693
:1080A0000C010C400465024030680020F8B504461D
:1080B0004068416880680268164811F03FF8A0687F
:1080C000416880680268144E304611F037F8E06865
:1080D000416880680268114D284611F029F8104F58
:1080E000384611F0D2F90F480068386009487860C6
:1080F000BE60FD6011F019FA0B4800683946F2F7CE
:1081000099F8002801D00120F8BD11F00EFA0020E6
:10811000F8BDC046506E0020906E0020A06E00207A
:10812000906D0020D46F0020AC6F002070B50C461D
:108130001D490978814233D911F0E0FB05464079A9
:1081400000282FD0FF20E8302818AF2149006A18F6
:10815000294638316B6A23701E0EE6701E0CA6701D
:108160001B0A63706B8E23711B0A63710B79A371F9
:108170001288E271120A2272097861720078A07482
:1081800020460A302946623105220FF061FF0F3484
:1081900028350322204629460FF05AFF002070BDE3
:1081A0001E2070BD022070BD4D700020F0B5A3B040
:1081B000174912AD44262846324611F02FFD1549C5
:1081C00001AC2046324611F029FD134F7868009526
:1081D000124B134D002631463246A8477868114BA2
:1081E00001213246A84778680F4B02213246A84742
:1081F0007868009403213246084B094DA8477868F7
:10820000009409213246054B054CA04723B0F0BD30
:108210006CCF02007CD002002C7B002009D502002C
:10822000C1840200B0CF020038D00200FEB5019335
:108230001446029105460EF02DFB0746194EB08BF1
:10824000002804D0F18AA21C8A420CD00FE0092138
:10825000154A00232846FFF71FF9B06100281FD0F8
:10826000A01CF082B08B21183A1F914201D9012045
:10827000FEBDB169421CB283019A0A54100AB16969
:10828000B28B531CB3838854B069B18B40180299E8
:1082900022460FF0DDFEB08B0019B0830020FEBD3A
:1082A0001120FEBD78790020FFFF0000FEB50028F8
:1082B00035D01546002A32D0044607208001201808
:1082C00002902646383627466237019129461E31EC
:1082D000052238460FF0BCFE2046394607F038FB31
:1082E0002320285C1F21014031710198012803D10E
:1082F0000D49029801600DE0029A09488078400615
:1083000001D4116806E02878800601D5064900E00E
:108310000449116020468847B07030787070FEBD07
:10832000DE6D002095E7010027FD0100F8B500286B
:1083300011D017460E4605460446773419480068A2
:1083400080470246F42F0AD12670A07A002819D15E
:108350000120A07216E000200FF080F9F8BD772010
:10836000812804D0295CB94207D0401CF8E7A07AE4
:10837000411CA1722918773101E0291877380E7055
:10838000000602D1763500202870A07A0A2804D38E
:10839000002014460FF062F9224603480168104697
:1083A0008847F8BDD07D0020D47D0020F8B5CF21CE
:1083B0004900465A2536B1B21A4CA28C8A422BD2B9
:1083C000216880791C22424388180830164FB8472C
:1083D00020461C30B847254614352846B8470027A4
:1083E000102F05D0E0194068FDF7D4F83F1DF7E7DE
:1083F000A6840026102E0FD0A719A08C06F07EF8B8
:108400007860002806D0A18C0BF004FA7968284621
:108410000FF022FD361DEDE71434204602F052FC29
:10842000F8BDC046DC7A0020C5850200F8B50D46CF
:1084300004461B4847691B4E3068001D0EF07AFD4C
:10844000601C16D1002D14D0174801464431826CAF
:1084500033689A6093683468E3603468241D5C6014
:1084600033681B1D936032685161416C491C416443
:10847000F8BD3C19306844600B4805D3806831680A
:10848000091D0CF0D6F8F8BD40683168091D0CF0E4
:10849000D0F80349086A844200D20C62F8BDC04695
:1084A0008C7600200C7F0020B4750020B0B51B4CEA
:1084B000606A002802D00120A062B0BD18480021E7
:1084C000A162184D2968096B0A68824208D14A687E
:1084D000824205D18A68824202D1C968814204D0B1
:1084E00028682968343110F09DFFA169481C1422C6
:1084F0004A430D4989180A68401E1439002AFAD0E7
:108500008A6952688A610B461C33934201D15268D2
:108510008A61D1682960A061B0BDC0468C76002018
:10852000A5A5A5A50C7F002000620020F0B587B0AE
:1085300006930592802202908058020C019280B22C
:1085400000900026344632460298C06F824228D2FC
:108550000491059802C80590080C0392069A08CA6F
:1085600006921A0C8DB2009F3946694309199BB2D5
:10857000C9180B0C4743BC19E3181C0C019F7D4321
:10858000AA189BB2D218130C78432018C018060CF6
:1085900084B21004039A89B24018049901C1521C94
:1085A000D2E730042043086007B0F0BDF8B50446B8
:1085B000066CC26F900037180837616DA56D3046A4
:1085C00010F06AFCE16DE26F384610F065FC204661
:1085D0003946F1F7B7F8A36FE06F009028463146AF
:1085E0003A46EDF7EFFCA06F61680EF0E3F9A16F7A
:1085F000E26F2046F9F7F0F9216F012220460FF0D3
:1086000045FEA06E226FA36FE16F00912946EDF742
:10861000D9FCA16EA26FE36F2846EDF72DFEA16B8A
:1086200020462A460FF075F9F8BD7047F8B5164890
:108630000078002827D115480768154D01262E60BF
:1086400000248460EE601348134922460FF0BBFDFE
:1086500012481B2110F07EFD6E60114D2846283017
:108660000FF0B0FFAF610F483818E8616C70AC7064
:10867000054806700DF08CFC0446E8690DF0F8FB27
:1086800020460EF0BDFEF8BD9B7B00200421024079
:1086900054200240E86C0020558F01004404000083
:1086A000B4750020FFFFBFFF7FB50C4606460420CF
:1086B000012103AD2A460FF0B1F82978002810D126
:1086C000FF290ED0B14211D0154C002511F0BAF996
:1086D0000646113411F0B6F9054635431DD01E2566
:1086E0001BE00025002818D1B14216D10220064314
:1086F000032E11D101AA002595800195062001467F
:108700000FF08CF8002808D101A8062221460EF0AF
:1087100021FB002801D1D7E70025284604B070BD11
:1087200009040000F0B585B01C4616460F46054604
:1087300000920193184804A92A463B460CF0AEF873
:10874000002801D0049820E0002D1DD0039502A838
:1087500007808670FAF742FA002C16D0002814D150
:108760006D89002D10D00C2011F040FA002811D096
:108770000146002008608D808C60084A1368002B39
:1087800006D01A461B68FAE70220C0B205B0F0BD59
:108790001160FAE71320F8E725870100147F002015
:1087A000F0B585B016460C46054600921A4804A955
:1087B0002A4623460CF072F8002801D0049827E0DE
:1087C000284608F021FC002807D003A928460CF011
:1087D00071FD172803D117201AE0142018E0002E8D
:1087E00012D002AF002038802088394608F052FAB3
:1087F000388810F038F80146701E4242424128463F
:1088000002F044FE002803D1284621460BF06AFFFF
:10881000C0B205B0F0BDC046A1870100FEB5164646
:108820000D460446184F387808210BF02BF9002824
:1088300001D01620FEBD154A15480188914205D089
:108840001120A1421DD13978B1421AD128886988F6
:10885000AA88EB8808F01FFE002813D00027042008
:1088600000A9C1C10B4B122120462A46FEF78AF807
:10887000002806D1064A1188044B994201D1148080
:108880003846FEBD1820FEBD3C700020FFFF0000F2
:108890003A7E0020ED630200B0B505461A48007824
:1088A00007282AD1144610F0A3FCFF2824D017482B
:1088B000456810F09DFC7B218900414368187121B7
:1088C0008900405CC00717D1E00605D51048007844
:1088D00001218906FBF73CF9600705D50C480078B3
:1088E0000121C903FBF734F9A00705D50848007832
:1088F0000921C903FBF72CF9B0BD284610F0BDFED5
:1089000028460EF0B5FDB0BD4C700020346F00203D
:108910002C700020F0B585B01D460F4601460120A1
:108920000026002B02D56D42002F27D4039004921D
:10893000019602914C1E3846294609F073FA014609
:108940006943791A114A515CA155761EBD4207460A
:10895000F1D902988019401E7142049B994204DAB1
:1089600030220270491C401EF8E70399002901D00B
:10897000401C01E00199017005B0F0BD7F42521E1C
:1089800004922D20019000200390D2E72ADC0200FF
:10899000F0B587B00546194C194E316800290BD146
:1089A00018480090184A01200223214601F06EFA6F
:1089B0000146306000281FD0124F3A88FF200390F4
:1089C000022002900020019006A8009005AB2846E6
:1089D000EFF784FC002808D105A80288002A04D0FB
:1089E00030684189284604F0D3F930683A8800237A
:1089F0002146FEF7DDFA306007B0F0BDFFFF000052
:108A0000D07E0020FE610020A4E00200B0B5044644
:108A1000808808F0F9FA002812D0817C042906D158
:108A2000A28815494B889A4201D1144A4A800AF01B
:108A30005BFBA07812490978A288A37908F014F8A2
:108A40000D4D2878002805D00EF0B4F8002801D08C
:108A5000002028700B480088A188884201D10EF0C0
:108A6000B9F96868002805D04088A188884201D1FA
:108A700007F096FDB0BDC046387E0020FFFF000025
:108A8000DA7A00204A7F002010B502460078D0280C
:108A900018D0A2280FD00024912811D15078052891
:108AA00028D03E281ED00F2820D00E2808D11046EE
:108AB000FBF7F6FE03E0508811490AF061FF044617
:108AC000204610BD90780124132806D01228F7D133
:108AD00050685178FBF72BFCF2E7D07851680FF023
:108AE0001BFAEDE71046F4F7FDFBE8E7104600F04F
:108AF000C5FCE4E71046FFF789FF0124E0E7C04624
:108B0000FFFF0000BFB50546448801A8294601F0D3
:108B1000EDFB029900291FD001A84088811F02297E
:108B200007D3042805D0052819D101A8FEF74CFE6B
:108B30001AE0011F0C20484310490A5A002A13D09A
:108B40000818807801A909F0CBF900280CD101A8F8
:108B5000408804280DD1BFBD012805D009E001A837
:108B600011F0D9F80028F6D0A868002801D0FCF749
:108B700011FD012120460DF041FABFBDC86A002059
:108B8000F8B51C4DFF2420460EF064FE2868042131
:108B900088432860E0430EF04FFE28680821884390
:108BA0002860154804680AF013FA0546002C18D00E
:108BB000264624680E20375EBD4203DD0C20375E5A
:108BC000BD42F3DB0C4831460DF0F0FA0020307561
:108BD0000094B4683269284639463346A047009C61
:108BE000E4E708F065FB034A50680C21014051603E
:108BF000F8BDC04648600040F46E0020FEB51E4639
:108C000014460D46074611F001F8BA6BF96B8A421B
:108C100001D3022E28D101940290452029463D56C9
:108C2000ECB2B86B3846324600F07FFEFF2C08D01D
:108C30001048C0680126A84214D94537601C387016
:108C400010E0786A012600280CD024373846FBF75C
:108C5000BBFA0199002905D00028029805D0012609
:108C60000E6002E0029800E0002611F022F8304683
:108C7000FEBDC0468C760020F8B5451C0078002368
:108C8000082B32D02F78C2070CD16A780F241440F9
:108C9000E41C122C0BD102242E57F4B2002E08D45F
:108CA000EE1C0EE06D1C4A1C0F7011461AE0AE1C43
:108CB00008E02E1DED7800957F252C40009DED01EC
:108CC0002C1912343D0112095219094DAA420ED035
:108CD000D243002C05D08D5C4F1C0D70641E3946AC
:108CE000F7E7354640085B1CCAE72846C5E7F8BDEC
:108CF000FF0F0000B0B50D460446406810F02BFC95
:108D0000E067A26A810053181B1D5918091D2266CD
:108D10006366A1660C2141430C3110460EF0A9FE9A
:108D2000206EA1680FF05AFA606E29460FF056FACD
:108D3000606EE16F491C0FF009FC002801D0E720AC
:108D400013E0236E626EA16E2046FEF7A3F80128A1
:108D500007D1A06EE16F89004058002803D017208A
:108D600002E0E82001E01620C043C0B2B0BDF8B573
:108D700004460546243508300EF019FEA07819285F
:108D800001D017281BD1207B012810D12069002891
:108D900015D000260827217D20698E420DD2C059AA
:108DA000002801D0FCF7F6FB761C0C37F3E7A0692E
:108DB000002804D0FCF7EEFB01E010F01FFF0022BA
:108DC000A270FF2666722A706878FF2804D0218876
:108DD00000927D2305F018FA6E700C3400211822E1
:108DE00020460FF0C7FDF8BDF0B587B014460E461B
:108DF000D9214900039040180490002002900146B8
:108E0000200426D0069104980188A0B2884200D39D
:108E10000846C5B2284610F079FC00281BD007464A
:108E200031462A460FF014F976190596641BA0B254
:108E3000414241410698461CC3B2581E8341080175
:108E40000090039839462A46FEF759FE3146059EA2
:108E5000D6E7029803E0812006F0F4FA072007B075
:108E6000F0BDFEB50C4605460127F94320680078A1
:108E7000082801D0022808D102912E6830462146E8
:108E800009F020FD002802D0FEBD481CFEBD304682
:108E90000DF0D0FC0028F7D1314628314878002861
:108EA00007D0019130680FF001FB002811D0B77690
:108EB000019934620F70301D029021680195029D66
:108EC0008DC98DC50020706101982146FBF7EAFD30
:108ED000FEBD0020F0760298FEBD704710B5024638
:108EE000037800201C46903C042C0DD9012B26D081
:108EF000A02B2CD0A22B26D0B02B1CD0D02B21D134
:108F00001046F8F7BFFE10BD7C4424796400A744E6
:108F1000020A06190E0010460CF04EF910BD10465C
:108F20000CF05FF910BD104606F05CF910BD10465C
:108F30000CF07AFF10BD104605F0F8FC10BD10468D
:108F40000BF0D6FA10BD10460BF07CFC10BD0FF0F4
:108F500003F910BDF8B50126184806600DF018F8A1
:108F600017490968174A567000259570D4690F1B78
:108F70000EF046FAAF4207D32C197F1B304621462C
:108F800003F026FC0546F5E70DF002F806460D4F06
:108F9000B878012804D10020214603F019FC0546C9
:108FA0000948854200D3054628190CF061FF0020CE
:108FB0007870BC6130460EF023FAF8BD54200240B0
:108FC00004210240B4750020FFFFBFFFF8B504463E
:108FD00041684868896809780CF05CFF60684168FE
:108FE00080680268124D284610F0A8F8A068416811
:108FF000806802680F4E304610F09AF80E4F3846DF
:1090000010F0A2F80D48006861C70D4800680C3FD9
:109010003946F5F74DFA002801D00120F8BD616806
:109020004868896809780DF0E5FC0020F8BDC04665
:10903000506E0020606E0020806E0020D46F0020F3
:10904000AC6F0020F0B585B00D46064600200090BC
:10905000184A012418490223204600F017FF00286F
:1090600024D0074602951D210425002430462A46B7
:109070002346FEF711FA0490002816D07A8903A936
:109080000A804D80012202704470FF228270C270FB
:1090900030462246029BFBF7ABFA002806D0054675
:1090A0000498FCF777FA2C4600E01524204605B01A
:1090B000F0BDC046B4E00200FFFF0000FEB500298D
:1090C0001ED403460020FF2B1CD01546154A164E11
:1090D00002240C4002940CD101240A462240F718C5
:1090E000019700959C25019F7A550E4A009D9C4052
:1090F00014609C0001279F404B0705D4103605E003
:109100000020FEBDC043FEBD376008363760074B08
:1091100019402943064BE1500299002900D01761FC
:10912000FEBDC0461035024064300240F8FFFF7FAC
:1091300000310040F0B585B0164604461D68002D8C
:1091400005D0286802F0B8FFAE6028681DE01F4611
:1091500000910C200EF070F900281FD005460194F4
:1091600002AC204610F087F900202070039004958F
:109170000D48019922460EF0BFFB2860002810D050
:1091800000996960AE603D60019C214610F09FFD32
:10919000286801F06FFE002005B0F0BD0320C04339
:1091A000FAE70FF0BFF9C046C7940200FEB51C46AF
:1091B000154602910646002A02D100200EF04EFA12
:1091C0003746C037154800688047019030680088EE
:1091D000402805D0802808D10FF096FB002002E03F
:1091E0000FF092FB8020387102E000200EF036FA7A
:1091F000D03630460AF03CFF60190090384602999C
:109200002A46234603F026FC0446B86B401CB8638C
:1092100003480168019888472046FEBDD07D0020A4
:10922000D47D002010B5144C6478002C01D00C20A3
:1092300010BD124C6478A40601D4112010BD044660
:109240001B3CE02C01D80E4C20800F4C0F48081816
:1092500080B2A04201D20E4801800A4811461B3953
:10926000E02901D80B490A80181881B20020A142D8
:1092700001D209490B8010BD346F0020DE6D002043
:1092800028700020B8FE000049410000B8FEFFFF32
:109290002A7000202470002026700020F0B587B0CE
:1092A000059005A881800425002B2DD0002A2BD005
:1092B0001C4605A86B4611461A4603F083FC05467A
:1092C000002821D1124E7068002802D08047002863
:1092D00019D02436304610F08DF86F4600223846FB
:1092E0002146EFF719F90546002808D1B989002968
:1092F00005D06846007C08F015FB05480578304627
:1093000007F08EFB00E00B25284607B0F0BDC046F5
:10931000D878002080B5032818D002280BD0012867
:1093200020D115480079C006800F022822D00328DA
:1093300018D131201CE01048007FC006800F401E6D
:1093400003280FD2C006010E0D4809E00A48007C30
:10935000C006800F401E032804D2C006010E074835
:10936000C84005E007480849832200BF00BF8020AD
:10937000C0B280BD3220FBE7806B0020383A390054
:10938000343635005CD8020044C80200F0B58DB018
:1093900004F0BCFE00282DD10CAA012414700BAEE1
:1093A000022737700AA9019103200390087009A9C8
:1093B000029104200690087007A8059005210491E9
:1093C00001710D4807900D4D00202146A847204609
:1093D00021463246A84738462146019AA8470398B5
:1093E0002146029AA84706980499059AA847044876
:1093F0000FF04CF90DB0F0BD0102030435CD0100B2
:10940000187F0020BFB50546407913280AD01228DE
:1094100027D102AA00201080688829790EF080FCEC
:1094200001241FE0012420460EF03EFC02460F48B6
:109430000078082107F0D6FE002802D00A200EF09E
:109440000DF9288900280DD0094D2988094842883E
:109450008388C08800903B2009F0AEF80648288039
:1094600000E00024204604B0B0BDC0463C7000209F
:109470003A7E0020246F0020FFFF000080B50146E7
:1094800082881548824220D01448824212D0144863
:1094900082421ED113480088134B98420AD01348C9
:1094A00002680120002A13D01268002A10D00C484C
:1094B000904780BD0E4803680120002B08D01B6830
:1094C000002B05D01046984780BD084610F013FCCD
:1094D00080BD002080BDC04644200000192000004F
:1094E000132000003A7E0020FFFF0000047F0020D0
:1094F000007F0020F0B585B001920E46009002AFCB
:1095000038460FF00DFB80200390114C2046283088
:10951000104A114D14213B46A84740200390204695
:1095200044300E4A17213B46A84700200390603480
:109530000B4A162120463B46A8470A480660009978
:1095400041600199816008480E21016005B0F0BDBD
:109550004C740020518602003D7001003D860200DF
:1095600029860200DC7D002014540240F8B518481A
:109570000578AC00204610F039FB164E306000280C
:1095800003D021460EF075FA02E000200EF066F8D6
:109590003668002E18D01048002707600EF022F918
:1095A0000EF062FD6C00204610F020FB0B4D686051
:1095B000FF2221460EF056FAF843E86000F085FBE2
:1095C00007480168891E016070427041F8BDC046BD
:1095D000C6E0020014700020E46F0020107D00201F
:1095E000E06F0020F8B507460120C407184800685E
:1095F00080470090174800263546016800290FD0A3
:1096000008460C38827ABA4203D1002D0A4601D0AE
:109610000EE02A46002A00D031460E461546ECE7F9
:109620003846214608F03EFB002D05D1002508E014
:1096300038462146FAF78CFA06482946324607F0A2
:10964000A7F905480168009888472846F8BDC04634
:10965000D07D0020E46F0020D47D0020B0B504460A
:10966000007802210140C20704D1002908D1E42179
:1096700008402AE0002907D1E5210840083024E00D
:10968000E6210840103020E00FF084FE6168421AA5
:10969000520F0DD00E4BA268851A9D420DD9121A99
:1096A000091A2078182398438A420CD308210BE02A
:1096B000217808200843102103E021781020084376
:1096C0000821884301E0102140182070B0BDC04639
:1096D000FFFFFF1FF0B587B01E46174606910446F0
:1096E00016200CF083F900282ED00546119805901D
:1096F000109804900F9803900E9802900D98019086
:109700000C980090D02028706C700520A870EF7025
:10971000281D002E04D0062231460EF099FC03E0ED
:10972000002106220FF026F900986881019828731D
:109730000298E88103982882049868820598287521
:10974000069829460CF018FF07B0F0BDF8B5009355
:10975000069B1A4C26688768194C3C40871B80265C
:109760003E4005D002270F43062F01D10127394380
:109770001F01103F3C430C430327BD0627462F40E3
:10978000AF4203D0BD0E5F1EAF40BA180260A20FF9
:10979000022A01D900990EE002252943062904D1A5
:1097A0000146002E06D18C3105E093400099C9187E
:1097B000491E00E00C3141608460F8BD0860024041
:1097C00008C0FFFFFEB504460C3002901A48426AFA
:1097D000521C4262276920680843206000200190E3
:1097E00002998F421DD0384688CF1A4611490A4047
:1097F0002568294611405E0102D40029F0D001E01D
:109800009142EDD10B49491C0B4000D11A460199F8
:1098100011430191012149060D432946FDF762FAE2
:10982000DEE72068019988432060F7F705FA206891
:10983000FEBDC046FFFFFF008C760020FEB514463B
:109840000D46074610F0E2F9BE6B002E17D00094CB
:109850000290442038560190C4B2384629460CF094
:10986000A5FF701EB863FF2C0BD01148C0680125FE
:10987000019A904216D94437601C387012E00025D6
:1098800011E03869012500280CD010373846FAF766
:109890009BFC0099002905D00028029803D00125DF
:1098A0000D6000E0029810F004FA2846FEBDC046A4
:1098B0008C760020F0B593B016460191044602A8BC
:1098C00030210EF0D6F827683D4684353C462034DA
:1098D0000121204609F0A4F8002E04D002A8019925
:1098E000324610F09BF9384688300E9002A80F904F
:1098F00010901194E8681030129028680EA90DF0AD
:1099000082FC0026002801D0F6430BE0EA6802A999
:1099100038460F4610F082F9E8680321884338186A
:109920002EC82EC4304613B0F0BD70B5154604469F
:10993000866B026C002A18D0002D1DD0E06810F054
:109940006DF9206CE168091AE1602268914203D246
:109950004042A1680818E060A81E41424141701EC3
:10996000324682410A40B61A02E02068002811D02F
:109970000020711CA16370BD606810F04FF9206C6D
:10998000616809186160A26800209142F1D32168E2
:109990006160EEE7A06802F05FFE0021A160E8E7E9
:1099A000B0B504460068416880680268164D2846D4
:1099B0000FF0C4FB15480560E168416021698161D1
:1099C00061698160E169C160A169C161616801612A
:1099D000A16820228154616AA26A41612121425416
:1099E0002C20215C0A480068002903D007490DF0AB
:1099F000EEFB02E005490DF0F8FB002801D0012044
:109A0000B0BD0020B0BDC046406E0020D06B00202D
:109A1000B06F0020FEB502930F46194D0024E143BC
:109A2000184E00973740019043422B46BB4101D26C
:109A30000C4623E0084602990E405342B54101D23C
:109A400004461BE0134601990B433E431E43029D0F
:109A5000009E13D02B46334004D401998B1A334611
:109A6000AB4103E00199531A2B46B341044605DB91
:109A700051406E400E43701E864134462046FEBD66
:109A80000000F07FFFFFFF7FF0B585B01D46164652
:109A90000F46019017200BF0B5FD002807D00446B3
:109AA0000A9A002A05D0201D2946904702E0132576
:109AB0001EE0002027706670A070010AE17002A904
:109AC000019A0A8005224A800394001D08810A48F1
:109AD0000078002803D002A8FCF70CFF02E002A8DF
:109AE0000BF020FA0546002802D02046FBF752FD75
:109AF000284605B0F0BDC046887E0020F8B50D466A
:109B0000C0B20FF0FBFE0446E8B20FF0F7FE0646C7
:109B100061794079002915D0002815D02068406867
:109B2000056A30684068076A284639460BF068FACB
:109B300000280DD07720800030580C490840C1190A
:109B400028460CE0002801D00020F8BDFF20F8BD19
:109B500077208000205805490840411938460BF00D
:109B60004FFA014640424841F8BDC046FFFFFF7F23
:109B7000F8B50446054644350EF0D6FA00956E78E1
:109B800025462435164F70B201280BDB28680028C3
:109B900008D02846FAF718FB002801D00120B86247
:109BA000761EF0E7FF25009E75700EF023FE0EF086
:109BB000BBFA3678103470B201280BDB206800281D
:109BC00008D02046FAF700FB002801D00120B86237
:109BD000761EF0E7009805700EF00CFEF8BDC0464A
:109BE0008C760020B0B586B01A4D2868816E22228E
:109BF0008A5C002A05D1C26E5278012A01D1022066
:109C000026E04A78002A11D0806F8A1C02AC0094AA
:109C100000230146F8F786F92868806E123010227A
:109C200021460DF097F8012811D12868C16E4978B6
:109C3000002906D1806E2330002110220EF09AFEFA
:109C40002868283010210FF0F3F8002000E00420ED
:109C500006B0B0BDAC7D0020F8B5164604460F7ABC
:109C6000780707D478060BD4F80612D479000220BE
:109C70008843F8BD30460EF0F6FD0146012204E0AF
:109C800030460EF0F0FD01460022204601F0FEFBBA
:109C9000F8BD0D4630460EF0E6FD014604200740B3
:109CA00020463A4601F0F2FB002801D00820F8BD1A
:109CB00030460EF03BFE002805D003460A2220461F
:109CC00029469847F8BD0E20F8BD7FB500242046F0
:109CD000F2F720FF012007F043F802200DF02AF8E8
:109CE0000320FAF77DFB042528460DF0E9FF052641
:109CF000304607F0D7FE06200BF0F8FB0720214680
:109D000022463346FCF7D2F80094082031462A4612
:109D10002346FAF70DFB09200FF00CFB102003AAD5
:109D200002AB214601F0AAF9E0B2092805D803A93F
:109D300009780EF075F9641CF6E77FBDFCB500925A
:109D400000282BD002780192002A27D00479457987
:109D50002D022C1985792D04C079000640190419AB
:109D6000A51C0020019A90421BD0C600A719A65D31
:109D70007F783F02BE19F7070DD00027062F05D0C8
:109D8000EB5DCA5D7F1C9342F8D004E0B207D20FAE
:109D9000009B9A4206D0401C0835E3E70248007851
:109DA00000E00198C0B2FCBD34700020F8B51E463A
:109DB000174605460FF0C4FA022801D1122402E02A
:109DC0000224032F01D92046F8BD012F02D1002E15
:109DD00006D1F8E7032F01D1002EF4D0032F14D1C0
:109DE0000021052230460DF06BF9002802D0707971
:109DF0008006E8D0FF21062230460DF061F90028E8
:109E0000E1D1707980090328DDD3681EC0B20B2828
:109E1000D9D801490C5CD6E728DE020010B504460B
:109E20001648006800280BD0C08807F0EDF800281D
:109E300006D03421415C204608F07EFE04461AE03C
:109E40000F480078002C09D1022807D30D491031A2
:109E50000D4C002022460AF03FFE0CE00221084390
:109E6000084C1034022803D120460CF00FF902E010
:109E700020460CF0E7F8204610BDC046AC7D00201F
:109E80003B700020046D00204C6F0020F0B585B0C1
:109E9000039302920B4604900A9800901648041D02
:109EA00001912468002C25D000263746A0888742DF
:109EB000F7D2A1688D196889049A90420DD398420F
:109EC0000BD8039800280BD06868895D029A039B21
:109ED00005F014F9019B002802D17F1C1036E5E73C
:109EE0000098002803D00146A068408908802846D1
:109EF00005B0F0BD0025FAE7487E0020B0B5144C4F
:109F00002178062048430FF071FE124908600028AE
:109F10001BD00021104A144B2578A9420AD20029EF
:109F2000154600D0551C0580438000250571491C4D
:109F3000801DF1E709480FF027FA09480FF0DAF819
:109F400008480CF065FA0020B0BD1320B0BDC04633
:109F50003D7000208C6F0020FEFF000065C10000F6
:109F600041760200E1710100FFFF0000F8B51E46D6
:109F700017460C4605460B200FF091FA002828D012
:109F800008200BF033FD002823D00146681E2A4626
:109F90008241304638434342434101201340024648
:109FA00000D13A46002B00D130460A4B0B800C23DF
:109FB0008B70CD708C800323042A1C4600D014467D
:109FC0008C71042800D00346CB71034800780CF054
:109FD000D3FAF8BD913E00003F700020F8B5184D4F
:109FE0006868002802D08047002825D02C462434F9
:109FF00020460FF0FFF90026124F3978F0B2884260
:10A0000006D2F9F7D3FF297801432970761CF4E7CB
:10A010002D780D4E00207070491EB170F070B18B1C
:10A02000F1807E2109F0A8FBB078FE2109F0A4FBA5
:10A03000204606F0F5FC00E00B252846F8BDC0469A
:10A04000D87800202D70002024670020F0B589B05A
:10A050000E9E079007A881800427002E26D01C465C
:10A06000002B23D0154607A802AA214602F0AAFD1C
:10A07000074600281AD10F48243001900FF0BAF992
:10A080000D49C878C9880022009202AA0323F1F77B
:10A0900075FD0746002806D102A829462246334608
:10A0A00006F05EF90746019806F0BAFC384609B09A
:10A0B000F0BDC046D87800202467002070B5164D4A
:10A0C000E86BC0071FD1154C2C66154E3168422035
:10A0D0008847201D28661348A865316806208847F0
:10A0E0004020E860A96D01200143A965A96D814365
:10A0F000A96529684906FCD5A96D0B4A0A40AA65DD
:10A10000E96B0143E963012420460AF0ABFDE0035B
:10A11000E860286170BDC046481000400D00008016
:10A120009400000F00000380FFFFFE7F70B5012543
:10A13000284609F03BFB0446002820D1124E06F0C9
:10A140007BF9002804D00CF0C5FC3068A8433060CF
:10A15000F0690E490840F061706A084070620020A2
:10A160007062EFF314810A4D296080F31488094965
:10A1700009688847286880F31488FFF79FFF06481E
:10A1800000218170204670BD84100040FFFFFF7FDA
:10A19000786F00204C00000F807A002070B51248C4
:10A1A0000078400701D4002015E01C200FF01EFDB0
:10A1B0000E490860002812D00D4A026008680D4957
:10A1C0000D4A0E4B0E4C0F4D0F4E41608260C36026
:10A1D0000461456186610FF01FF9002070BD042005
:10A1E0000DF03CFAF9E7C046787B0020F07E0020B5
:10A1F00085070100799100000D3C01006DE200002F
:10A20000A3960200B9CF01000D94020070B5046856
:10A210002646F436716800291FD04568A86B154999
:10A220000860286802210EF073F8A86B12490860D4
:10A230002868816B01221203914381634264286B79
:10A240000EF0CEFA05467068411B6079022806D1EF
:10A25000D03420460AF044F807E0002507E0B06853
:10A260004018B0603068401A3060002070602846A6
:10A2700070BDC0462C60024004650240FEB5144625
:10A280000D461849884212D006F0BEFE00281ED0A6
:10A29000831D4079002600960121014002AA18463C
:10A2A00033460EF05CFE002813D0152617E0152665
:10A2B00000270D48407D874211D2F8B22946224638
:10A2C00003F0F2F9002800D000267F1CF1E71426E5
:10A2D00005E002A800782946224603F0E5F9F0B22D
:10A2E000FEBDC046FFFF000060770020FEB50446BB
:10A2F000002747600879012502282BD10E46C9881E
:10A30000042927D3B068027843781B029B189AB2BD
:10A31000121D8A421ED1718802918178C278120280
:10A3200052180D49114004290AD00193009291B2AC
:10A3300002980FF0E6FC00280CD0B068019B009A50
:10A3400002992180238162800321C9430BF010FD13
:10A3500060603D462846FEBDFCFF0000B0B50446E7
:10A360000078902821D1607801468A3902290AD2E2
:10A370006088A1880FF0C7FC002816D061788B296F
:10A380001CD005211BE013280CD1A2780D490878B8
:10A39000520000239A4209D0A568ED5C401908706C
:10A3A0009B1CF7E72046FEF7ADFBB0BD0006FCD0D6
:10A3B000054800780121F9F7CBFBB0BD0421FBF77C
:10A3C00048F8B0BD887E002047700020B0B50D462B
:10A3D0000446EDF791FA2060002813D00121417165
:10A3E00028460FF0C7FD12484178491C4170C8B299
:10A3F0000EF092FE0F4800780F490870072D06D026
:10A40000802005E08124204605F01CF80EE0402065
:10A41000F8F71CF82168086020680168002901D05D
:10A42000002403E0072421460BF0CCFA2046B0BDFF
:10A43000346F00203370002032700020B0B5C0B2FD
:10A440000FF05CFADD2149004318425C042A04D075
:10A450000021022A07D1012206E019794A1E514241
:10A460005141022200E00A464479002C17D09B7F1C
:10A47000DB0716D177239B00C5189A300378002498
:10A480001046224607F089FD0004400B296801228E
:10A49000D2070A40801804494018286002E0FF24CF
:10A4A00000E000242046B0BD581B0000F8B500288D
:10A4B00030D00D4600292DD00446687D2E21009114
:10A4C00060542046303029461631134F022632465A
:10A4D000B84720463230294618313246B847204620
:10A4E000343029461A313246B847A08E608420465F
:10A4F00036301C3529463246B8470099605C40002A
:10A500006054208E40002086608E40006086E08E81
:10A510000001E086F8BDC0465180020070B51446C7
:10A520000546174802781748FF2A04D04068164BA2
:10A530001B788018C0180678FF2E0FD008460DF043
:10A540005FF90146A01EFF220270002D09D00025F0
:10A5500030462A462346FCF7B7FD08E00DF0E2FF3F
:10A560000AE0002530462A46234601F0F5F9002886
:10A5700003D020460CF00EFC0125284670BDC046D5
:10A58000307D0020107D0020C6E00200FEB5029361
:10A590000E4601900A9C089D206B9700A522394623
:10A5A0000DF060FA206BC019001F0721884320645A
:10A5B000002E0CD03421402906D07218343A12787B
:10A5C0006254491C002AF6D13F2100226254099EA0
:10A5D000092D00D30925E56400210A22521B2461BC
:10A5E0006161A2616462A162E5620199029A0BF065
:10A5F0004DFA2060002E00D03460FEBD10B51A4C1C
:10A60000206800282DD0C16E002902D00FF02AFC4E
:10A610002068816D002902D00FF024FC2068C16DF4
:10A62000002902D00FF01EFC2068016E002902D024
:10A630000FF018FC2068416E002902D00FF012FCC8
:10A640002068416F002902D00FF00CFC2068816F58
:10A65000002902D00FF006FC20680FF0CFFA00208E
:10A6600020600CF0B7FB10BDAC7D0020F8B50028D1
:10A6700018D00446C26C8A4200D80A46E06A90426A
:10A6800010D0216D01290DD1E262A169002902D407
:10A690000A21891AA1616169142670430D4F381887
:10A6A000814200D0F8BD251D28460CF043FCE06A2D
:10A6B00009498A69904200D988614643B8194168BE
:10A6C000A1608A68E26055608D606061B859401C85
:10A6D000B851F8BD006200208C760020FEB50BF06A
:10A6E00057FC0446124E307800281DD1114FB8682F
:10A6F00002210EF02FFD6D4628460EF011FA396842
:10A700007868019001272F720B480C4A2B46FCF702
:10A7100095FC0B4800218164032101600948016810
:10A7200004220A430260377020460CF069FEFEBD29
:10A730005E7F00204CDE0200946C00208D2402001D
:10A740000060004000580040FEB5960800901418C4
:10A75000241F029108460196002E0DD06778A37839
:10A76000E17825782D063F047D191B02EB18591856
:10A7700002C0761E241FEFE703200240032A0CD0FC
:10A78000022A04D0012A14D1009800780DE0009923
:10A79000487809780902081807E0009A90785178FB
:10A7A0001278120409020818801801998900029A87
:10A7B0005050FEBDF8B514460D46042819D00128A6
:10A7C00011D0002826D11F2D22D8144F1037002673
:10A7D0002022384631460EF0CDF8384621462A462A
:10A7E0000DF036FC17E0022D12D120880B4948806D
:10A7F0000CE0082D0CD1A088E188090408182188F4
:10A80000628812045118054A9160D060002602E067
:10A81000182600E002263046F8BDC046507A0020D7
:10A8200070B506461648006880470446154801681A
:10A830000D46002D07D06A6E1278B24205D02A6804
:10A8400029461546F5E7422513E02A7A012A01D167
:10A850000C250EE02A680A6001688D4200D1026072
:10A86000286E002801D00FF0C9F928460FF0C6F96C
:10A8700000250548016820468847284670BDC04627
:10A88000D07D0020247D0020D47D0020FEB50293E1
:10A8900001920D4606460446C034154800688047BC
:10A8A000074630680088402805D0802808D10EF07F
:10A8B00019F8802002E00EF015F80020207102E067
:10A8C00000200CF0CBFED036304609F0D1FB2046FC
:10A8D0002946019A029B06F087FA0546606B401CE8
:10A8E000606304480168384688472846FEBDC04674
:10A8F000D07D0020D47D002070B506461748007832
:10A90000112824D114460D46D00705D014480078EC
:10A910000121C905F9F71CF9E00605D510480078B2
:10A9200001210907F9F714F9600707D5E80505D5EE
:10A930000B4800780121C906F9F70AF9A00705D5E7
:10A940000748007801210904F9F702F970BD304683
:10A950000EF093FE30460CF08BFD70BD4C70002065
:10A960002C700020F8B51848C178184806780027E0
:10A970003C46B0B2A2B2824223D2CDB21248807815
:10A98000854216D000216E460423284632460DF03B
:10A9900027FA30787C2803D0FF2801D07E2808D100
:10A9A0000C20684308490818808B381A0121C90215
:10A9B0004718641C05480678681C314607F032FACF
:10A9C000D7E73846F8BDC046246700202D70002028
:10A9D000FEB514460E46074601AD07232A460DF084
:10A9E000FFF9A68127742978880820728907890DC4
:10A9F0006A788918E180AA789200EB789E0992190A
:10AA0000A2809B061B0D2E79B708DB19E3816F79B5
:10AA1000B3013E06B60E9B19637203233B40AD792A
:10AA2000A57200060903081880182060962D01D031
:10AA3000012000E004201843E072FEBDB0B50446DA
:10AA4000042909D0022904D001290DD11448C58D4B
:10AA50000EE01348058E0BE01149488E022A05D0FE
:10AA6000012A03D1CD8E02E00020B0BD8D8E0543BA
:10AA700020460EF043FF002804D079218900405A77
:10AA8000000606D4074800683C2161434018458011
:10AA900003E0A9B220460FF050FA0120B0BDC04635
:10AAA000C4790020D87E0020BCB50446C2781A2A9A
:10AAB0000AD1A088164D2988884212D10AF098F947
:10AAC000E2781A2A01D10DE00120302A11D1A388A1
:10AAD0000F490D883022AB420BD10023DB430B80A2
:10AAE00007E00120A1882B881A22994201D1002871
:10AAF00003D100280BD0A1881046054A0023DB4370
:10AB00001380E28823896489009407F055FDBCBD59
:10AB10003A7E00207CB50546164E3078FF2827D0B7
:10AB20000C200AF063FF002822D00446D0202070B9
:10AB300065700020A07010480078022101430229AE
:10AB400004D1A01D0D491031062206E06D462846AD
:10AB50000BF078FAA01D062229460DF079FA074875
:10AB6000C18AA180007EE070307821460BF004FDA0
:10AB70007CBDC046DA7A00203B700020046D0020C6
:10AB800070B5002821D004461648007802281ED14E
:10AB90000EF0E2FB1225002820D10DF0D9FE00288E
:10ABA0001CD11148451C10262846214632460FF07C
:10ABB00035F828460AF032F9022031462A460DF0CF
:10ABC00077FA00280CD1054608E0182506E006486B
:10ABD000401C102221460FF021F80025284670BDA8
:10ABE0001E25FBE7046D0020787B0020F8B50027C8
:10ABF00000292BD01546002A28D0002826D16879B4
:10AC0000002823D00E460888752189000091695CD0
:10AC10000FF0C1F80124012819D000982A183088B3
:10AC20000C49C968097E12780FF0DDF801280ED0B2
:10AC30003088082805D0012808D128460EF052FE99
:10AC400002E028460FF0ADF8012800D03C4620462F
:10AC5000F8BDC046207D0020F8B50BF033FC00287D
:10AC600026D0174CA18C002903D0FDF79FFB14348C
:10AC70001FE009204001A08420461C300DF0A2FCFA
:10AC80002546143528460DF09DFC0026102E12D0C6
:10AC9000A719A08C03F032FC7860002808D0A18CA2
:10ACA00008F0B8FD796828460DF0D6F8361DEDE7B6
:10ACB00000242046F8BD284600F004F82C46F8E7AA
:10ACC000DC7A0020FEB50290002708250EF036FE43
:10ACD0000190164CFEB230460EF010FE00281DD03A
:10ACE000417900291AD079218900405A000611D4EF
:10ACF000B8B20199814211D00FF06BF801280DD044
:10AD0000029A1068084B1968485150681968491927
:10AD1000486003E0304602990FF010F97F1C20785C
:10AD20001C358742D6D3FEBDDC7A00204D70002052
:10AD300070B518480078022813D1174801680A68CE
:10AD40008B888C68CD68AE888E80AE688E602D68EA
:10AD50000D600168C9680A600068C068838084600B
:10AD600070BD032815D30C4D286808F011FA04466D
:10AD700029680E4620680069C968096809690AF0EF
:10AD80003FF9F168002802D028688142F1D1F460CF
:10AD9000E16070BD50700020F06F00207CB50DF0B8
:10ADA000C3F9144C606B002820D11348034630339C
:10ADB000024628320021CD43C362056343638363A7
:10ADC00081620346443306463C360364456483642B
:10ADD000C364C1630948026246620091084B203394
:10ADE000084A1420102108F08EFB60630DF002FD6C
:10ADF0007CBDC0468C76002020760020B4750020F3
:10AE000044750020585A0020F8B504460025EF4349
:10AE10001649486A401C486215480068002811D04D
:10AE2000C96B00252E4688420DD04268B2421346B7
:10AE300000D83346BA4200D33A466D1C00681E461D
:10AE40001746F0E72E46F5F7F7FE6660A760E56067
:10AE50000DF06AF90549086C2060886C6061C86C67
:10AE6000A061486C20610DF0C5FCF8BD8C76002017
:10AE7000046F002070B50546164E0BF089F80446A5
:10AE800015494A783068002A06D0AA681018E86088
:10AE900001202875887018E08A69831ACA6989694F
:10AEA000511A8B4206D93068A9680818E860012059
:10AEB00028750AE0A9680B18EB6001232B75101A9E
:10AEC000814202D2E8680AF0D3FF20460CF098FADB
:10AED00070BDC04604210240B4750020F0B58BB0AF
:10AEE000009145680190846802AF38460DF0D8FEA5
:10AEF0006068089000267E7001200AF087FC686078
:10AF0000002818D0207802A9F0F7F8FB2860002864
:10AF100011D000990978491EC9B2022903D88900C5
:10AF2000064A515800E00021A96005491222002379
:10AF30000EF079F8019E30460BB0F0BD1CDE020029
:10AF4000907C002070B51D4614460E4604990029D9
:10AF50000FD06368011DAA6918460EF05FFE2868CD
:10AF6000032820D06068AA698018311D0EF056FEB3
:10AF700019E0001D6168491CAA690AF09DFF286854
:10AF8000032806D16068A9694018401C0CF071FDC7
:10AF900006E0301D6168AA698918491C0AF08CFF17
:10AFA0006068042101700220207070BD70B50C46ED
:10AFB000002903D4E00711D1002421E0114E1248EA
:10AFC0000078FEF70FFB002818D00546FDF75CFD62
:10AFD000002807D028460BF0DDFE0FE00EF0BDFA8A
:10AFE00008480CE02878A22801D0094800E007486A
:10AFF0000078FF28EED029460BF0BEFA701C044002
:10B00000204670BDFEFFFF7F3C700020DB7A0020F1
:10B010005A7F0020FCB50123DD438023C4588030D3
:10B02000944205D90B68541C9540AB4304601CE066
:10B03000521C0192171B1F22FB0800921740FF268B
:10B04000B6001E408B59FB406A1C1546A540AB4319
:10B050003D19212D09D389194968019D009E35406C
:10B06000AA409143621B9140CB18611EDA0703D1BD
:10B070005B080160491EF9E7D8B2FCBDF0B585B0A8
:10B080001F460492039105460220C4430EF04CF97A
:10B0900002F0ECFE00281ED006460297019400271D
:10B0A0000F4C0DF049FA062F18D02188002904D042
:10B0B0008D420DD07F1C1034F5E725806660039922
:10B0C000A16004990F707168029A1160002400E079
:10B0D000019C0DF0ECFB204605B0F0BD0EF0ECFD40
:10B0E000C4660020F8B51448001D0068002802D08E
:10B0F00000210172F9E71148006880470446104EAC
:10B100003568002D0ED0E868002808D0002806D049
:10B11000A84204D0C7680EF071FD3846F6E728460D
:10B120000EF06CFD0020306006490870064801688A
:10B1300020468847F8BDC046207D0020D07D0020F5
:10B14000F06F002050700020D47D0020F8B5154E1F
:10B1500000243470144F387801210D03294608F07B
:10B16000BFF83878294606F09DFD0EF0FFFA054637
:10B170000EF000FB0146284608F038FD04F020FAE6
:10B180000A4D2868FF210170C01D062221460DF0DE
:10B19000F1FB28680D30102221460DF0EBFB04482E
:10B1A0007060F8BD3C6F00202C70002004700020FF
:10B1B000A0BB0D00F0B585B0049316460C460546BD
:10B1C0000A9F05200EF06BF9002816D00397049F04
:10B1D0000E200AF00BFC002819D001460D4808800B
:10B1E000062048808D80CC800E814F810398888115
:10B1F000094800780BF0C0F909E0002000970190A1
:10B200000290284621463246049B0DF0EFF905B026
:10B21000F0BDC046913E00003F7000200246122063
:10B220001B2A1ED3FB2A1CD8CB08292B19D30D4B64
:10B23000994216D80C4B1B88934212D30B4B1B8898
:10B240008B420ED30A484078800601D41120704703
:10B2500008480280084801800848018008480180A9
:10B260000020704790420000287000202A700020C3
:10B27000DE6D0020526F00205A6F00201C700020ED
:10B28000626F0020F0B50478042C02D30B7D497D59
:10B2900001E000210B46144AD569DE008619378B80
:10B2A0002F43D7611569778B2F4317615569B78B8A
:10B2B0002F4357619569F68B2E439661042C11D369
:10B2C0001468C5183626AD5D25431560994209D02E
:10B2D00013691F24A402A343C9004018408B2040D7
:10B2E00018181061F0BDC046B4300840F8B50546E6
:10B2F000174F38780124002828D10E46002925D080
:10B30000002D20D001243C700AF0E8FD0021C84344
:10B31000009102F02DFD7860002817D030780028C9
:10B3200014D07C70B878810079180D6129783818AC
:10B33000017202F06DFE002808D1FCF737FF0CF017
:10B3400037FD009C02E030780028DBD02046F8BDB5
:10B350002C7B0020F8B50446164F174D0E462E40A4
:10B360000120009464423C46B4411AD31D4054422B
:10B37000AF4116D31046009C20433543054311D0FE
:10B380000020C0431C460C400ED4009CA41A0C465E
:10B390009C4106DB0098504059400143481E8141C2
:10B3A0000846F8BD0020F8BD009C141B1C468C41CB
:10B3B000F0DAF6E70000F07FFFFFFF7FF0B585B021
:10B3C000049315460E460746084605F01DFE002864
:10B3D00024D010200AF00AFB00281FD004460B9846
:10B3E00003900A9802900C980190002110222046A8
:10B3F0000DF0C0FAD020207067700F20A070A680DA
:10B400002572049860720298A0720398E072019805
:10B41000E0600348007821460BF0AEF805B0F0BDBF
:10B42000DA7A0020F0B589B01C4615460E4607466C
:10B4300008A909F02AFF002821D1002D0AD0308860
:10B4400002A90880708848800E488880282088716A
:10B45000384601E0384631460AF0D4FC00280ED1C7
:10B4600002AFB81C162231460CF0F2FD3D70089870
:10B470000094054B0922394607F0BCF8002009B0BA
:10B48000F0BDC046020300002F34020070B515461F
:10B490000C46064605F0B8FD002809D00146C26AF0
:10B4A0000520002A10D00979CB0606D40F2070BDE4
:10B4B0000F48864218D0142070BD0C4B1B78002D0D
:10B4C00003D002250D4000D170BD002B00D0102408
:10B4D000907EA04201D20C2070BD002B01D11846F5
:10B4E00000E005208906EFD5002070BD667F0020B2
:10B4F000FEFF0000F8B5154C0025204629462A46D7
:10B50000F9F724FB2178382048430EF06FFB1049EF
:10B510000860002818D02C200F4A23789D420BD2B7
:10B520000B681E1837462A3F3A80283E002737709E
:10B530001F506D1C3830F0E700200649302803D03A
:10B5400000220A50001DF9E7F8BDC04649700020EE
:10B55000D06F0020F86A0020FFFF0000F8B5044615
:10B56000072080012518264638363820205C707068
:10B570009620205C012807D1274696377888618974
:10B58000401A00B2002810DD29682046884701468D
:10B59000B070A88C000604D4206840683022815422
:10B5A000F8BD20460EF0C8FCF8BD214662312046A9
:10B5B00004F0CEF92968204688470146B070022081
:10B5C0003870E6E770B5174D174C03685E69B242F4
:10B5D00004D92868204219D161251BE040682A68F7
:10B5E000224205D0986800221346FDF707FB06E0CB
:10B5F0004004C00F421E98680023F5F73FFF002863
:10B6000001D000240BE02868204202D00020C4436F
:10B6100005E00B250020C44304F002F90560204634
:10B6200070BDC04604ED00E0FF010000B0B5184D4C
:10B630002968CB6D0724002B27D049780D2924D108
:10B640000124018819821233811C082218460CF04B
:10B65000FFFC2868816E9822895A8A0504D5620207
:10B66000C36E9B8913420BD1490504D5A102C26E5A
:10B6700092890A4206D10024204607F08DF804E0A2
:10B680000E2100E01021417000242046B0BDC046CC
:10B69000AC7D0020B0B50446174D296848781728BE
:10B6A00009D018280DD138311022084621460CF057
:10B6B000CFFC17201AE00879052804D18A6E2332BE
:10B6C00003E00820B0BD0A46083208464830283159
:10B6D0000023FCF727FC28683830102221460BF0A5
:10B6E00039FB012806D109F00FFD062029684870B2
:10B6F0000020B0BD0B20B0BDAC7D0020FEB5019395
:10B7000014460F460546FF2801D0032000E0022022
:10B710000019C2B202A8294604F08AFF00281FD0EF
:10B720000646FF2D09D00299012008704F703A0A91
:10B73000C81C8A70019922460DE0019B1878029975
:10B7400008705878487098788870CF703A0A481D09
:10B750000A71D91CE21E0EF061FA304603F026FA97
:10B76000FEBD704770B516460D4604460AF010FC43
:10B7700013490978012902D1617E002905D00BF017
:10B780003FFE0020C543284670BD012161760BF0C5
:10B7900037FE2576022D00D000262660042D04D029
:10B7A000084803210160042141600025A576E57663
:10B7B0002577112001F04CFF102001F049FFE2E74E
:10B7C0007F780020105C024010B504460CF004FFA6
:10B7D000A01D05F01BFA0346114A0120002107F0C5
:10B7E000B1FF10482221405C02280BD300242046E0
:10B7F000FEF714FB05F00AFA03460B4A0220214625
:10B8000007F0A0FF01F098FDFDF7C0FD05F030FB4B
:10B8100009F070F80BF04EF90DF062F910BDC0465A
:10B8200000D90200047B0020E0D80200BCB5144619
:10B830000D46014613481A462B460CF0B5FB01068F
:10B8400001D0C0B2BCBD0798002808D0069B29785B
:10B8500000900D4800220CF0A7FB0106F1D10998D9
:10B86000002808D0089B29780090074801220CF096
:10B870009BFB0106E5D12978044822460CF094FB95
:10B88000DFE7C04671A00000B5030100BDEA01007A
:10B89000FCB50192920800240092002A0ED00619ED
:10B8A000075D7378B578F67836062D041B02DB1930
:10B8B0005B199B190B51521E241DEEE70322019BBD
:10B8C0001340032B0BD01A46022B03D0012A10D1B0
:10B8D00000780BE0027840780002801806E00278D9
:10B8E0004378807800041B029A181018009A92007E
:10B8F0008850FCBDF8B5144606460D46134800783E
:10B9000000281BD012480078002817D10C310846B7
:10B910000AF06CF8002817D007460E483880BD7032
:10B92000BE8038460C30B86021462A460CF090FBA9
:10B930000648007839460AF01FFEF8BDFF20314660
:10B940002A462346FFF7DAFEF8BDC0463F700020C6
:10B950005C7F002091FF0000FEB505460220C74332
:10B96000052926D8052D24D81C460E4601920CF038
:10B97000E3FD3101104A51180091496802910CF021
:10B9800096FF0298002814D0204608380570E01F62
:10B990000670A01F01990170009D6868083021465B
:10B9A0000AF04EF968684068012109030BF080FC39
:10B9B00000273846FEBDC046C4660020FEB50D46D1
:10B9C00004460F20C043102C00D208300719102C59
:10B9D00001D3124800E010480290A007C00E019069
:10B9E000FF268640204608F0FBFA0090204609F02A
:10B9F000E1FD03208743029AD059B043C0210D4096
:10BA000001998D400543D5510098002802D0204669
:10BA100009F0E4FDFEBDC0461CED00E000E400E0DE
:10BA200070B501200DF0EAFE002801D00C2070BD99
:10BA30001148006880470446104E3568002D15D027
:10BA400028683060286E002801D00EF0D7F80DF07D
:10BA5000AFF96968884202D140680DF00EFE281DDA
:10BA6000FAF78CF928460EF0C9F8E6E704480168B1
:10BA700020468847002070BDD07D0020247D002016
:10BA8000D47D0020F8B515460E46074607200DF078
:10BA900006FD002824D0442009F0A8FF00281FD06C
:10BAA0000446942020703E2060700820A070E7704B
:10BAB000201D002F04D0002140220CF05BFF0AE083
:10BAC000202731463A460CF0C3FA20462430294656
:10BAD0003A460CF0BDFA0348007821460AF04CFDC6
:10BAE000F8BDC046417000201249C871242805D80D
:10BAF000114941430A280AD8134812E00246253A60
:10BB0000D2B2032A05D290000D49085870470D485B
:10BB100007E00246403AD2B2272A04D806494143F8
:10BB200006480818704740B2002801DA08687047D4
:10BB3000002070476066002080841E00807C8A8719
:10BB400034DE020080A5688F00214A8F002828D0AB
:10BB5000144A12688A4201D1002104E0124989691D
:10BB6000511A41600121417010494A8B82700A8844
:10BB700002724A8842728A888272CA88C2720A89AC
:10BB800002734A8942738A898273CA89C2730A8A94
:10BB900002744A8A42748A8A8274CA8AC274098B7D
:10BBA000017570479C2009406066002072200940A2
:10BBB000BCB501A900220A7003281CD002280ED0AF
:10BBC00000281FD1002401AD2046294601F084F849
:10BBD0002B780F4A0820214607F0B4FDBCBD022097
:10BBE00001AC214601F078F82378084A08200021AA
:10BBF00007F0A8FD04E0044A0820002107F0A2FD98
:10BC00000BF0AEFCBCBDC046F4CF020079D10200FF
:10BC1000FFD0020070B50568696F002926D046681C
:10BC2000F06B134908603068012421460CF070FB6A
:10BC3000F06B104908603068816B62039143816347
:10BC40004264706B0CF0CCFD696F091AE87C002827
:10BC500004D028464C3006F06FFE05E0286F401AED
:10BC60002867A86F4018A8670020686770BDC046A5
:10BC70002C6002400465024010B50446032912D02E
:10BC8000022922D113492331204605F04BFF002819
:10BC90001ED002461048C06A002819D04368002B05
:10BCA00016D005210EE00B49204605F03BFF002889
:10BCB0000ED002460848C06A002809D04368002B0D
:10BCC00006D004212046984710BD204605F04AFFC3
:10BCD00010BDC046A62A000060770020F8B50028F5
:10BCE00005D0064607467737B87A0A2803D30020DE
:10BCF0000BF0B4FCF8BD0D460F48006880470446C1
:10BD0000B87A39460246002A05D00B78521E491CE3
:10BD1000AB42F8D10BE0301877214554B87A401C7B
:10BD2000C1B2B8720A2902D300200BF097FC034875
:10BD3000016820468847F8BDD07D0020D47D0020D2
:10BD400010B5002826D00368DC6800290DD0C92171
:10BD500049004018032A0DD87A44127952009744BA
:10BD6000010C09120B21C90109E00B20C0012018A8
:10BD7000D86010BDB521890106E02D2109016118A7
:10BD8000D960074903E004496118D960034909886B
:10BD90000180C18010BDC046B80F0000626F002056
:10BDA0001C700020F8B5144D0540691E28468841D6
:10BDB0001249002D01D0203100E024310C688100AF
:10BDC0000F4E7058002804D077180DF043FD002066
:10BDD00038606842684181007058002800D0F8BD82
:10BDE0007618002D01D00AF0F5FD064821460DF029
:10BDF00039FD3060F8BDC046FFF90000C47900206D
:10BE0000787E002084670020F8B50446164FB86994
:10BE1000002828D015460E4611200DF040FB0028C2
:10BE200021D006200DF0E6FE002C1CD00146002893
:10BE300013D0122008704E70606E00788870002059
:10BE40000871CD70226F5279002A00D0207B487192
:10BE5000BA69002A07D0052004E0FA6B002A02D054
:10BE60000E2000219047F8BD0C690020F8B50E4661
:10BE700007460DF0CBFE0446BA6BF86B82420FD238
:10BE800045203956C8B2521CBA63FF280ED00F4A5B
:10BE9000D26801258A4204D94537401C387000E039
:10BEA000002520460DF005FF2846F8BD786A0125DB
:10BEB0000028F6D024373846F8F786F9002EF0D05F
:10BEC0000028EED001253560EBE7C0468C760020D7
:10BED000F0B587B01F461546069105900020C44373
:10BEE0009000F6F7F7FB002821D00646049764205F
:10BEF000F6F7F0FB002817D007460D9803900C9C2E
:10BF0000642138460BF0B5FD3E6300940398019020
:10BF10000297059806992A46049BFEF737FB384698
:10BF2000F3F756FA012402E0304605F027FA2046DE
:10BF300007B0F0BDF0B58BB0144603900620212267
:10BF40002507029501D5154600E022254843082B18
:10BF500000D01546461904AF00211C2538462A4654
:10BF60000CF008FD304629463A460BF057FC0028F5
:10BF70000FD104A8807EC01F09280AD8109801217B
:10BF80000C400299CA0F009004AB03982146F9F7C0
:10BF9000EFFB0BB0F0BD704770B504460568134861
:10BFA000066828460AF036FC70071ED51048102691
:10BFB00006602846FAF7A6FA4820285C3043112884
:10BFC00001D00020E876284603F0E6F8287E022813
:10BFD00003D108480AF056F970BD284648302E6C47
:10BFE0006A6C696903782046B04770BD0C010C404B
:10BFF0000465024030680020FEB5054686890120B0
:10C00000002E28D00C46AA6800215756002F01D4D4
:10C01000084610E00D2E1ED302910C3EA888B3B244
:10C02000D118009101210191F4F716FD0028019823
:10C0300000D00220029920707806C00F60703F2067
:10C040003840A070701EA0800004084601D0A86887
:10C05000401CA0600846FEBDF0B587B002AC20468B
:10C060000CF082FB0546114F38680068019001A969
:10C0700020460CF083FB06462E43386842680025B4
:10C08000204629460DF0BEFD0746374301212046D4
:10C090000CF0F3FF06463E430548064A21462B4670
:10C0A000F6F7ACFA304307B0F0BDC046407D002043
:10C0B0000C6F00206515010070B5054609F068FF9A
:10C0C000044600202875114E7078012802D1012005
:10C0D000B07017E0E868F169884213D10C490D6827
:10C0E000B169691AB269801A81420BD200202946CF
:10C0F00000F06EFB0749884200D30846401909F05A
:10C10000B7FEB56120460BF07BF970BDB475002019
:10C1100004210240FFFFBFFFF8B500281DD0002911
:10C120001BD01446002A18D005462088002814D0B9
:10C130000F4F38780026012818D17888002809D1B7
:10C1400000200CF021FA788804E0218840187880DB
:10C150006D1E241D002DF8D108E06C4612202070C1
:10C16000044801212246F9F7EBFE26783046F8BD57
:10C170004C7A0020350C0000F8B5FF24002829D0A7
:10C180000D46002926D01E4607460092294605F096
:10C19000C6FE0446C000381887880122002E03D04E
:10C1A00003213943164604E03946114316460A2254
:10C1B0009143082291438180801D062200990DF051
:10C1C0002DFD3740284621463A4601F0D1FC002893
:10C1D00000D010242046F8BD10B504460DF00AFB2F
:10C1E000002800D010BDE0B20DF088FB04460068C6
:10C1F000008840280BD1FF20063021182046FC3053
:10C200000278012A05D10620C87602210EE00C2012
:10C2100010BD0978490703D4062141700D2105E0BE
:10C220000321062220460DF065FB1121F422204651
:10C23000FCF77CF8002010BDF8B514460F461449F1
:10C240004E684178827812025118C278120400793F
:10C2500000068018401800900E4B04210022304642
:10C260000CF02EF90526A742F1B208D2082906D80B
:10C270007D1C761C384601F093F92F46F3E7082918
:10C2800004D80348406808220CF00DFEF8BDC046F3
:10C290002C7B00205CDD0200F8B50546134F786862
:10C2A000002802D08047002814D03C462434204681
:10C2B0000DF0A0F80E480678002E11D10D48C08868
:10C2C0000121C902081A00B2A84205DB002D03D0E3
:10C2D000042605E00B2606E00020E7F73DF93E784E
:10C2E000204604F09DFB3046F8BDC046D8780020BB
:10C2F000A37C002024670020F8B507460120002910
:10C3000024D014460D46096891421FD90F2C1DD820
:10C3100009F03EFE0646E000281839887A881204A3
:10C320005118BA88FB881B049A184160826008483B
:10C33000C169A94206D10474064800680121890434
:10C3400004F09EF830460BF05BF80020F8BDC046C4
:10C3500060660020806B0020F0B585B01546049122
:10C360000746104EB41CC82120460BF082FB3770E4
:10C3700075700D483C2147540564204604992A46AF
:10C380000DF04CFC094840680949FF22182300932E
:10C3900001920291074B00223146F7F7F3FC05B0FA
:10C3A000F0BDC0466A60002094690020287E00200D
:10C3B000D933010060700020F0B585B015460491B6
:10C3C000074610480178491C01700F4CA61CC82173
:10C3D00030460BF04EFB27706570304604992A46B4
:10C3E0000DF01CFC094800680949FF22182300933E
:10C3F00001920291074B00222146F7F7C3FC05B0DA
:10C40000F0BDC0462F70002034610020287E00203F
:10C41000D933010060700020FEB516494D7D0C6ACD
:10C4200001952B0607D0EBB25B1EE65C6D1E8642C3
:10C43000F7D1019801E001980346401E02901C4686
:10C44000E5B20298A84209DD0A48066A775D6A1CCF
:10C45000B15C7155016A8F54641CF1E7DBB202983C
:10C46000984205DD0348026A052001990BF020FE81
:10C47000FEBDC04660770020B0B586B004466D466C
:10C48000294603F02BFCA87B042808D008280CD1EF
:10C490006846417800222046F8F7F0FD18E00CF0DD
:10C4A0002FFB002803D0112012E0012010E00948E2
:10C4B000017A4A1E91414279531E9A4192005118C5
:10C4C000C07B421E9041C0000918204601F07AFC52
:10C4D00006B0B0BD60770020B0B588B003AD1422BF
:10C4E0002A8100240394FF22AA720C35079006913A
:10C4F00006F092FB102103222B4609F0B4FB0294B4
:10C5000002A800900A490B4822462346F2F79AFAFD
:10C51000002809D10298002802D00C380BF0F4FB57
:10C520000698006808B0B0BD01280BF0FBFFC046BC
:10C530008F96020088130000F8B500281AD0044630
:10C5400005467735A87A002814D026467636104856
:10C5500000688047A97A491EA97209060FD00821F0
:10C56000C94300290AD062188123D35C8027D355A0
:10C57000491CF6E700200BF071F8F8BD0935F421ED
:10C58000297000213170034909688847F8BDC04609
:10C59000D07D0020D47D0020BCB50C460546144853
:10C5A0000078012816D11348006800281ED0816940
:10C5B00000291BD001A88847019801210170A98892
:10C5C000C180E98901820830A91D08220BF040FDD5
:10C5D00000200AE007480068002807D0C368002B45
:10C5E00004D0A888A91DEA8998472070BCBDC04620
:10C5F000797F0020B07D0020B0B504461448006863
:10C600004178152904D013290DD11421417008E077
:10C610000CF078FE002808D0204608F05FFD03F0FB
:10C62000C7FA0020B0BD0820B0BD0A4D2022204628
:10C6300029460AF08FFB0028EED020462030203516
:10C64000202229460AF086FB0028E5D00A20B0BD4A
:10C65000AC7D00200C7A002070B504460020002C30
:10C6600025D0216D491E2165E26AE36C9A421ED0F5
:10C6700000291CD1251D28460AF05CFCE06CE06214
:10C680000A21091AA1610A498A69904200D9886180
:10C6900014214143074842185368A3609E68E6602E
:10C6A00075609D6062614258521C4250012070BD0D
:10C6B0008C760020006200207CB504460078801E45
:10C6C000042827D80D46C0467844007940008744A6
:10C6D00002160A210200002220462946F9F711FF1E
:10C6E000A61D142212E0207AA61DE18800220092E5
:10C6F000019213232A4603F0BFFF122206E0002214
:10C7000020462946FBF781FAA61D0622318805201E
:10C7100007F06AF97CBD704770B504460568124899
:10C72000066828460AF076F830071CD50F48202105
:10C7300001602820285C04210143052901D1002043
:10C74000E876284602F028FD287E022803D1084812
:10C7500009F098FD70BD284628302A6A6E6A69691A
:10C7600003782046B04770BD0C010C4004650240C0
:10C7700030680020F8B500920C46054601260220DC
:10C78000294607F0F5FA0128304616D10C200CF0A6
:10C79000D9FF0746002830460FD03D607C600098E6
:10C7A000B8600120394608F051FE002804D0384610
:10C7B0000CF0BCFF304600E00020F1078D4206D0AF
:10C7C000002C04D0002802D020460CF0AFFFF8BDAA
:10C7D000F8B50C460546144F283700200090C64394
:10C7E0003F68002F1DD0397D0129F9D1002D0ED0D1
:10C7F000F968A1420BD13969F869002903D0FA68B8
:10C800005118F96001E000993975B9698847397D97
:10C810000129E5D1F968091BB14200D331460E4622
:10C82000DEE73046F8BDC046B4750020FEB509F01D
:10C83000AFFB04460F4F3878002817D16E463046BC
:10C840000CF06EF90025E843019035720A480B4A56
:10C8500019213346FAF7F2FB09480126314607F061
:10C86000A3FE0848294607F09FFE3E7020460AF0C6
:10C87000C7FDFEBDDB7B0020CC6C0020B19F020019
:10C88000E067002030680020F8B5154D28781224A4
:10C89000012823D16878002820D0002604270CF036
:10C8A000A1FC864218D26868C15D4A070ED5F0B275
:10C8B0000CF01DFE1E24002810D0006F0121017015
:10C8C0000CF04CFF002809D16868C15DE3220A40E2
:10C8D000C255761C0837E2E700246C702046F8BD8C
:10C8E000307E00200021002825D040680278521EAA
:10C8F000082A20D87A4412795200974417041C1A47
:10C900000D1C1C1C0400C1780079000240180B4962
:10C91000884209D2411D0EE041788078000240181B
:10C920000649891C884205D3002104E0C078011D16
:10C9300001E08078C11C88B27047C046FAFF000051
:10C94000F8B506464F1C104C7F1E1BD035461035DF
:10C9500020460CF09DF97068A060B068E060306817
:10C960000A490860F0684860616009482060094829
:10C97000214609F099FC0849086000282E46E3D1B9
:10C980000BF0D0FDF8BDC046B86D0020146F00203C
:10C990007FDF0200B13F0200BC7E0020F8B51446E4
:10C9A0000D4606460CF0C0FC06F030FE00281BD0F9
:10C9B000074600940BF0C0FDBC68002C17D0214640
:10C9C0000C390A68BA6000270F60A11EFF220A70A6
:10C9D0000BF06DFF2046083800783070E01F0078BB
:10C9E00028700098046005E00420C74302E00BF0C3
:10C9F0005EFF02273846F8BD70B50C4605461A2979
:10CA000013D80120A040124908420ED028460CF04D
:10CA1000F1FE0646002818D1E8B20CF06FFF77212E
:10CA2000415C022907D13A260FE03B2CEED0292C9D
:10CA3000ECD0122609E00921490141180C700026AA
:10CA4000C6830221F422FBF771FC304670BDC0465C
:10CA500020003804FEB51D46144603460898019090
:10CA60002320084002A908700F480D2701220F4E0D
:10CA700006604360876003460C3326C38461C5614A
:10CA800004210462019B436281622C214254FCF721
:10CA900087FF0646002804D00021284622460BF0D6
:10CAA00069FF3046FEBDC046986A0020707D0020B8
:10CAB000F8B505461220012D22D8002920D000917A
:10CAC000104800780126104CF2B2C1B28A4211D847
:10CAD00021681E275743CA5DAA4209D1C819401CC4
:10CAE000062200990AF036F9002805D10548007899
:10CAF000761CE9E70220F8BD2068FF21C15500201F
:10CB0000F8BDC046587000200470002070B504467F
:10CB1000002810D0012C21D11149087800281BD100
:10CB2000104800784A680121090304F05BFB0028E3
:10CB300010D0032070BD0A48007800280CD0094EA0
:10CB4000307801210D03294606F0CAFB30782946CA
:10CB500005F0A8F802480470002070BD122070BDD6
:10CB60003C6F00202C700020B0B500281FD0044678
:10CB70000DF0E5F80C2501281DD00DF0DEF8012898
:10CB800019D00CF04BFE012815D020780B49087005
:10CB900060784870A0788870E078C8702079087153
:10CBA00060794871064801210170002503E00020EA
:10CBB0000AF054FD1E252846B0BDC0465C6F00201B
:10CBC000A47C002070B50B0B01D0052070BD03784C
:10CBD0003F2B01D9092070BD4488A50A01D0072048
:10CBE00070BD0D4E8588B54201D9082070BD0B4837
:10CBF0000078032801D1032070BDD18100209081ED
:10CC0000190626030E432E4316609580D4801372B6
:10CC10009621917270BDC046FF030000A37C0020E6
:10CC200070B5114C114E0125A8050CF069F80020D3
:10CC300060653560F1680029FCD0606505213160D0
:10CC4000F1680029FCD00A4908600A490A4A8A604A
:10CC50000860E5602060E06010200AF0B5FE0BF08F
:10CC6000A7FC0AF009FD70BD0030084064100840C0
:10CC70000050084000200840FFFF0000F8B50E46B5
:10CC80000546632008F0B2FE00281FD00446C220EB
:10CC90002070E87860700021A170002811D1E01C9C
:10CCA0000B4B202731463A461E46984720462330F4
:10CCB000291D3A46B04720464330243529463A4696
:10CCC000B04704480078214609F056FCF8BDC0463C
:10CCD000518002004375002080B502460220082AD8
:10CCE00020D8C0467A44127952009744040C071B9E
:10CCF000101B1B140A000C48007806E00A488078D4
:10CD000003E00A4B08E008484078087009E0064B49
:10CD10000C33052201E0064BCA22084619460CF0E6
:10CD20007DFF002080BDC046B87C00206A600020E6
:10CD30003461002010B503460220042B23D8C046DE
:10CD40007B441B795B009F44020E081E14000129DE
:10CD50001AD110780D49087014E0012914D1107807
:10CD60000A4988700EE001290ED1107807494870F1
:10CD700008E0052908D105480C30052311461A465C
:10CD80000CF04CFF002010BD182010BDB87C002016
:10CD9000FEB514460D461349884210D004F034F90C
:10CDA00000280BD0861D407900230093012101400B
:10CDB00002AA30460CF0D3F800280CD0FEBD0026A5
:10CDC000094F787D8642F9D2F0B229462246F3F720
:10CDD0005FFC761CF5E702A8007829462246F3F7A7
:10CDE00057FCFEBDFFFF00006077002070B50646CF
:10CDF000124D00241C22284621460BF0BBFD104892
:10CE0000411C024611326960AA6006700D48007824
:10CE10000221014328461030022902D109F036F9D7
:10CE200001E009F00FF9002802D02C70122403E071
:10CE30000120287007F014F8204670BD046D002012
:10CE4000787B00203B700020F8B50446134800783A
:10CE50000026134F3546002D1ED186421CD279681C
:10CE60007B2292007243891849790025012911D14A
:10CE7000F0B20CF043FD806E011D0848007809688F
:10CE8000002907D0A142FAD88A898A181132A24211
:10CE9000F5D30125761CDEE7E8B2F8BD4D70002021
:10CEA000346F0020F8B50E460746114800688047E9
:10CEB000044602250E2F15D8F8000E490858002800
:10CEC00010D00D4800780121B9408FB2394606F0E4
:10CED000D9FD002806D0084800783946324604F0CB
:10CEE00081F9002505480168204688472846F8BD95
:10CEF000D07D002050640020FA7B0020D47D0020EB
:10CF0000F8B50CF01BFC13490C68134A1368C51ADA
:10CF10007D21CF00BC4217D000262846314622464C
:10CF20000093334609F0CAFB3A4633460BF076FCD1
:10CF300005463A46334609F0C1FB224633460BF01C
:10CF40006DFC054A009908181060284601F0ACFAFB
:10CF5000F8BDC046EC6F0020DC6F0020144D154E6C
:10CF6000A868002812D00BF0DFF8F06BC468201D11
:10CF700009F0E0FFE868401EE860A868401EA8606D
:10CF80000BF038FC20460AF0AAF8E9E706F0AEFDFF
:10CF90000228E5D3686A401C686206F0A7FD0228F3
:10CFA00002D3A8650AF04CFFF3F746FED8E7C04667
:10CFB0008C760020B47500201FB5154C21680846FA
:10CFC00048302831F8F7FEF82168082801D11E20E2
:10CFD0001CE00879052802D1886E821C01E00A460F
:10CFE00008320846283048310123FAF79BFF2168B0
:10CFF0004878172809D138316C46102220460BF0AA
:10D0000027F82046FEF746FB1FBD172048701FBDBE
:10D01000AC7D0020F0B591B014460D460BA902F08E
:10D020005DFE002821D10BA9881C497800260096B6
:10D030000127394003AA33460BF091FF002814D191
:10D0400003A8029001780620484321301C2104AA3D
:10D050000AF0E4FB0298007809F064FB012800D193
:10D060002F7004A8807E2070304611B0F0BDF0B55E
:10D070008DB00293019206460B1D880004A908702A
:10D0800000201904C7B214D003939CB2202C00D303
:10D090002024B1B205AD02982A4623460AF0A0FE2C
:10D0A0003846294622460AF085FA039B1B1B36198F
:10D0B000E7E704A9012238460AF07CFA0199401AF0
:10D0C00000D002200DB0F0BD10B500211023020CDD
:10D0D0001A4600D00A465340D84004040823240EC0
:10D0E0001C4600D00C466340D840A2180406042316
:10D0F000240F1C4600D00C466340D8401319040787
:10D100000222A40F144600D00C4619195440E040E6
:10D11000121A40080123DB430343581C104008182F
:10D1200010BDF8B50E2141580024002924D0058BEC
:10D13000002D21D001460E31097D1F291CD8014642
:10D140001E31C28A0092868B478B084603F07EFF11
:10D15000002811D03001B900091D694381420BD26A
:10D160000098A84208D81920C001864204D8092E88
:10D1700001D8002400E001242046F8BD10B5FEF7D8
:10D18000E9F8002801D0002010BD012010BD10B525
:10D19000FEF7E0F8002801DB002010BD012010BDE3
:10D1A00010B5FEF7D7F8002801DD002010BD0120E2
:10D1B00010BD10B5FCF72EFC002801DA002010BDD0
:10D1C000012010BD10B5FCF725FC002801DC002073
:10D1D00010BD012010BD7047F8B51D4614460E461F
:10D1E000017E042901D00F2D05D82A093046214699
:10D1F000F9F752F9F8BD0B4FF96901221206914374
:10D20000F96109490BF014FC3046294605F024FC6D
:10D210002046294605F03CFC04480821016039609D
:10D22000F8BDC04610000C402102020004010C4071
:10D230001FB50F4C20600F4801600F480CC0002440
:10D24000009403940820019002900C4801214902A7
:10D250006B462246ECF744FD094948600BF050FF4D
:10D26000FEF7FAFE0748214604F000F81FBDC0464D
:10D27000B86F0020A46F0020407D0020CCDA0200AF
:10D280000C6F0020546B002010B504460078D028A5
:10D2900002D1A07800281AD0D2B20846214602F066
:10D2A000FBFD2078B02805D12046083021790BF00D
:10D2B0002FFC2078012809D16068002806D0017869
:10D2C000FE220A40022A01D1F8F764F910BD034892
:10D2D00001680029FAD02046884710BDA46F0020BD
:10D2E000B0B50446114801781148001D491C491E7B
:10D2F0001AD0026808301278A242F8D10C380568BA
:10D300002868A9690CF0E3FC2868FDF7B3FD2879CB
:10D31000401EC0B2092802D80649085C00E001207E
:10D32000287120460BF0EAF8B0BDC0467DD8020057
:10D33000ACDC020075DF02001CB5FE200190FF206E
:10D34000000600900AF098FC002800D01CBD0120C7
:10D35000FCF764FD81786C46A17001784278120276
:10D3600051182180631DC11C032218460CF056FC85
:10D37000002008212246F2F7B5FA0028E6D1034A38
:10D3800006201421F2F7AEFA1CBDC046F4DB020001
:10D39000FEB50025EC430190029500290ED01646FB
:10D3A000002A0BD00F4630460CF0CCF90290002832
:10D3B00015D00546394632460CF030FC09488069E4
:10D3C000002805D001A9002202F0B8F90446029D08
:10D3D000002C04D0002D02D028460AF095FC2046EF
:10D3E000FEBDC046206D002010B5044600780CF04C
:10D3F0007EF801464220002921D0496E00291ED026
:10D400004878C00606D420460CF001FD002812D052
:10D41000072010BDE01C0178427812025118202923
:10D4200009D3611D002242700270CA708A704A706E
:10D430000A70122010BD01212046F3F735F810BD07
:10D4400080B50978012920D1817B04291DD80122CA
:10D450008A4013210A4218D00D490978002905D0C5
:10D460000C4A52788A4203D1092080BD122080BD27
:10D47000416E4978490708D54321415C3C300CF0A6
:10D4800035FA002801D00B2080BD002080BDC046A9
:10D490004D700020346F0020F0B5A3B0014601AC00
:10D4A000661C402230460AF0D3FD042020700F4F46
:10D4B000202530462946B847204621302946B8471E
:10D4C00012AF2046394600F0C5FF06467C1C2046B8
:10D4D0002946064A9047002E00D01F263046214696
:10D4E00000F018FD002023B0F0BDC046F569020031
:10D4F000FEB514460D46064603200BF0D0FF00286B
:10D5000021D002A804210C220AF0C4F800281AD065
:10D5100002990E704D702A0A8A7062780192227800
:10D520000092E578A67867792379E279A4794C723C
:10D530008A72CB710F724E718D71009ACA70019A06
:10D540000A7101F033FBFEBD10B51249124A126890
:10D550001206930D83420CD90128024600D80122FD
:10D560000C68A218D41A00D322468C68944205D1C4
:10D5700010BD0A4A1278012AFAD10A68834201D8FA
:10D58000002400E001240831104608F0D9FD0348CA
:10D59000047010BDAC110840C4100840727F002018
:10D5A0007FB5052901D0114A00E00F4A104B5C6895
:10D5B0009D78AD005B191B695D799E7936027519FE
:10D5C000DE7936041B7A1B069B195B190C25454333
:10D5D00058195B598068009301920290054B002214
:10D5E00020460AF06DFF7FBDBAE00200C5E00200F0
:10D5F0002C7B00203CDF020070B5054608F0C8FC1B
:10D600000446284606F00CFE401EC6B228463146A7
:10D6100007F0FCFA002E04D0204609F0F1FE0020AD
:10D6200070BDFF200102294001200202914206D074
:10D630000029F1D1E9B2884004490860ECE7E9B279
:10D64000884080B2002109F021FFE5E72000024078
:10D6500070B5054608F09CFC0446284606F0E0FD3F
:10D660000646401CC1B2284607F0D0FA300604D066
:10D67000204609F0C5FE002070BDFF2001022940B0
:10D6800001200202914206D00029F1D1E9B288407E
:10D6900004490860ECE7E9B2884080B2002109F053
:10D6A00003FFE5E714000240FEB516460F460624C8
:10D6B00044432034082101AA20460AF0AFF800258F
:10D6C00000281BD1009601A8FF260622314609F04A
:10D6D000F7FC002812D101A8C179F8B2009A002AFB
:10D6E00001D0084301E0704008400125884205D080
:10D6F00001AAD071082120460AF0DAFC2846FEBDB6
:10D70000FEB50C46019000273E460097A088874250
:10D7100016D22568A819A95D40780002401880B289
:10D7200002A903F0B7FA00280CD0014602A802882B
:10D730000198FCF791FA002806D17F1CB61CE5E79A
:10D740000098FEBD012000E02568A95D29702168D0
:10D750008A1952784A70FEBDF8B5022007F03AFEE9
:10D76000002820D0044610210AF0EAF900260F4FC5
:10D7700000963978F0B2884213D20CF0BFF8002836
:10D780000DD0417901290AD15321890041188A79A4
:10D79000002520462B46F1F78FFC072804D0761C85
:10D7A000E7E7009D00E01E252846F8BD4D700020EB
:10D7B000F0B585B0054601910E46760822D0344674
:10D7C00001988442F9D2285D0CF098F8006840680E
:10D7D000006A0490285D02900394E7B2BE420CD820
:10D7E000BC1B285D0CF08AF800684068006A049948
:10D7F000884202D9285DE855EFE70298E855039C76
:10D80000641CDDE705B0F0BDB0B505460BF0F0FADD
:10D81000044645620BF0ECFA0121C161A06A0028C0
:10D8200006D0016802698A62416880688847F5E726
:10D83000204602F097F9207C002806D0204603F00D
:10D840009DFD0020F9F706FAB0BDA068002421462E
:10D8500022462346F3F712FE2046F9F78BFAB0BDB5
:10D86000B0B51824042820D804291ED8104D2A68E1
:10D87000D3781B070AD5042801D0012806D1042932
:10D8800001D0012902D1062010710DE005234B4380
:10D890000849C918085C10710BF03AFD002803D044
:10D8A00028680079012800D000242046B0BDC04679
:10D8B000AC7D00208FD9020070B590B0124E306858
:10D8C000406F20300021202209F0FAFB002801D00F
:10D8D000012017E03068416F20316C46202520463A
:10D8E0002A460AF0B5FB204620303168496F4031A6
:10D8F0002A460AF0ADFB3068C088044B412122461D
:10D9000000F09AFF10B070BDAC7D00201F3C0200FB
:10D9100010B5F4F7B7FF0E490E4A0F4B5020FDF734
:10D92000ADFB002801D00AF0FDFD0C4800688047DF
:10D9300004460B480BF058FD0AF0AEFBFBF716FE51
:10D94000084801682046884705F0AEFC002010BD5D
:10D950009D65020056700020E86F0020D07D0020F9
:10D96000CD760200D47D0020BFB50F4802900F484D
:10D970000190002400940E480E494C22234601F0E9
:10D9800095FB0D4DE86100280BD003F0B5F8002899
:10D9900007D072B6E0432862012028616C6105F06F
:10D9A0000FFD06480068BFBD98650020985B002009
:10D9B0005DCF010057E002008C7600209CE0020061
:10D9C000FEB5002825D014460D46064600273946E8
:10D9D0002A463B4608F072FE481E81411AD1304665
:10D9E00068435021C943884214D802945030F4F758
:10D9F00071FE00280ED00446024650324620002117
:10DA00002154009430462946029B08F0E0FE274648
:10DA100000E000273846FEBD7CB5002A1CD0154624
:10DA200003460024009401AA0846194623460BF039
:10DA300096FA002810D1FF211C26284632460AF00B
:10DA400099FF01A8017806204843213031462A4633
:10DA500009F0E4FE002802D0342420467CBDFF21DA
:10DA60002846224609F02CFB0028F6D1F4E710B531
:10DA7000044600780BF03BFD0146422000290AD005
:10DA80004A6E002A07D05078C00605D420460CF014
:10DA9000C0F9002811D010BDE01C017842781202B4
:10DAA0005118202909D3611D002242700270CA70EA
:10DAB0008A704A700A70122010BD00212046F2F7C9
:10DAC000F3FC10BDF0B585B00E4605460A79062177
:10DAD00000242346F9F7E0FC0490002819D031888F
:10DAE00001AF3980718879800221B9802821B9710C
:10DAF00032793A81711D0AF0ABFA2846394605F0B1
:10DB00001DFD002806D005460498F7F743FD2C4676
:10DB100000E01324204605B0F0BD10B50D2A23D037
:10DB2000042A24D19C308268C3680B710A701C0ED1
:10DB3000CC711C0C8C711B0A4B71130ECB70130C27
:10DB40008B70120A4A700268406808730A72030EEA
:10DB5000CB73030C8B73000A4873100EC872100C41
:10DB60008872100A487210BDFD300078087010BD30
:10DB7000F0B503461E20002B01D00F2900D9F0BDBF
:10DB80000020C443022A264600D00646022A00D0BE
:10DB900001245D5C5E540646102EF0D09F5DFF2F81
:10DBA00007D0B14205D0012A05D1AF4203D23F19B7
:10DBB0009F55761CF0E7022A02D1AF42F7D8F8E76A
:10DBC000002AF6D1F3E7B0B5002919D00546401E6A
:10DBD000284015D10C46082D00D8082508346019B6
:10DBE000F4F778FD00280FD001466A1E28180A4273
:10DBF00010D06A421040083888420CD228180AE037
:10DC000001F00EFE162102E001F00AFE0C21016077
:10DC10000020B0BD083812C00030B0BD1CB50029CE
:10DC200022D04C08002900D5494242105440002817
:10DC300000D5404200230A00904201D95200FBE780
:10DC400090425B41904200D3801A914201D2520827
:10DC5000F6E71900002C00D54042640000D5494287
:10DC60000200080011001CBD010000200CF09DF90D
:10DC70001CBD70477CB5114E3178114D6868037931
:10DC800006F0F6FD686800682946083109F0CAFA0E
:10DC90002A68107A3178D268F9F7B8FF2868047AD0
:10DCA0003178502006F03CF902462868837EC0692E
:10DCB0000090044821460AF077F97CBDEF6D002002
:10DCC000407D0020B55B0100F8B505F051FC0F4F19
:10DCD000791C0F4C06200090A04712252846394693
:10DCE000A0470D2630463946A0470C27094938463B
:10DCF000A047B92001F029FA074C0098A047284610
:10DD0000A0473046A0473846A047F8BD0004002091
:10DD10009594020002200460313E0200B0B5044632
:10DD200000684168806802680E4D28460BF006FACC
:10DD30000D48056061684160A1688160E168C1606B
:10DD4000217C0A480068002903D0074909F0C8FE71
:10DD500002E00549FBF785F8002801D00120B0BD9D
:10DD60000020B0BD406E0020706E0020B46F002017
:10DD7000FEB504460191002901D10F4801900F48DA
:10DD80000078029000250E4F00950298A8420FD00F
:10DD90003E68AC4203D0F0698047204205D07268EB
:10DDA000384601999047002804D16D1C0C37ECE7E8
:10DDB0000098FEBD3846FEBD3FDB0200C3D902001D
:10DDC00064DE02007CB50D46044603F01DF9002810
:10DDD00018D0817C042917D104214056002815D47D
:10DDE0000B480068002801D09921455C01AE3046FF
:10DDF00029460CF08BF8074B02212046324600F0F2
:10DE00001BFD7CBD14207CBD12207CBD1C207CBD74
:10DE10003C7E0020956E020080B5022814D0024698
:10DE20001820012A0AD0002A1AD10E4A1278022A92
:10DE300008D0002914D00C48401C0DE0094A127883
:10DE4000022A05D1122080BD0846FCF799FE80BD4C
:10DE5000002905D00448113010220BF0DFFE00200D
:10DE600080BDC046046D0020787B002070B506465A
:10DE70002F20C5430AF060FB0446104829460C31A8
:10DE800009D045192A6B002A07D096420D46F6D1D3
:10DE9000451824350AE0002508E02E630020A86319
:10DEA0000BF020FC6863002805D0303520460AF0CE
:10DEB000FEFC284670BD0BF0FFFEC046AC6B002098
:10DEC000F8B50F4600900BF02FFAFFF7CFFF0028B0
:10DED0001AD0064600240D4D0AF02EFB062C13D056
:10DEE0002988002902D0641C1035F7E708492980E9
:10DEF0003A4600276E60AF6000990C70716811603F
:10DF00000AF0D5FC3846F8BD0BF0D6FEC4660020FA
:10DF1000F8FF000070B50D46064608200BF0BFFA6A
:10DF200000281DD0242007F061FD002818D00446E9
:10DF3000942020703E2060700920A070E670201DA3
:10DF4000002E04D0002120220AF014FD03E020223C
:10DF500029460AF07DF803480078214608F00CFBBA
:10DF600070BDC046417000207CB50C460546114E80
:10DF700001A803210AF053F90198FF210A0601467E
:10DF80009143F5D0B142F3D00B4908404018401CF2
:10DF9000019001A9284603F085FC2070010A6170F8
:10DFA000000CA0700198E070010A2171000C6071F2
:10DFB0007CBDC046FFFFFF00FFFF3F00F8B50A46EB
:10DFC0000F49104B1C68E405650D0C680326B4432B
:10DFD00065190D4EAD191646002E03D080CD80C0B8
:10DFE000761EF9E7900020185A681206920D821AE0
:10DFF00000DB104608F0A4F8044801210170F8BDC8
:10E00000AC110840C010084000300940727F002069
:10E01000B0B586B001AC20460AF04AFD0A20207354
:10E020000D48059019200001029064200190002005
:10E030002146F4F7D9FF094D286001202146F4F765
:10E04000D3FF0749086029684A424A414142484192
:10E05000104306B0B0BDC046894B0200C06F00201F
:10E06000C46F002070B50446C568002805D10F486C
:10E070000F493322120100BF00BF002D06D133200B
:10E080000001421C0B480A4900BF00BF2C60261D3E
:10E09000A0880004800E02D00020286004E0281D23
:10E0A0000021C94305F004FC707870BDE2DB02007A
:10E0B00047C902008CDD0200B0B50D4604460028B9
:10E0C00004D110481049A92200BF00BF20790128BF
:10E0D00004D1E079002808D1032207E00222294672
:10E0E00020342046EFF7E0FAB0BD0222216A6B1A15
:10E0F0005B0F00D129460028F2D1002BF0D18620F9
:10E10000B0BDC04618DC020044C80200B0B504200F
:10E110000BF018FB0E4D28601324002815D00420A6
:10E120000BF010FB686000280FD02968094C2046CE
:10E1300004F01EFD6968204604F01AFD0648074BEE
:10E1400018211022FAF7EEFA04462046B0BDC04668
:10E15000287E0020FFFF00006070002030DF0200FA
:10E16000F8B5044606683079012822D83746643766
:10E1700007F00EFF05463878002817D000203870C9
:10E180003067B07A002811D10120B07230467C305F
:10E1900008F078F83079012808D1BF6EB16EB26FFF
:10E1A000B36C0D20C04300902046B847284609F0C4
:10E1B00027F9F8BDF8B500920C46064602F024FF98
:10E1C00000281DD00546142007F010FC002817D0A9
:10E1D0000746D02038800B20B870F81CA91D0622F5
:10E1E00009F036FF7E8100983861012020403873A5
:10E1F000A007C00F787303480078394608F0BCF9CF
:10E20000F8BDC046DA7A0020F8B5FF2818D01646C7
:10E210000F4604460093202007F0E8FB002811D0A9
:10E2200005460699B02028706E706F80009828719E
:10E2300028460830002907D0182209F009FF07E016
:10E240000220F8BD1320F8BD002118220AF092FB2D
:10E250002046294608F090F90020F8BD1048012119
:10E260008268930008D4520016D5890702688A4351
:10E2700002600161032010E0490702688A430260DE
:10E28000016108480421016007480078042803D28E
:10E29000C1000648C84000E00020C0B27047C04638
:10E2A000440008405C2002404D7F00200001020431
:10E2B0007FB5011F0C224A4310498A185368002B6E
:10E2C00017D00F4909780124002913D0151D56894C
:10E2D00001A90E8048800293108908810846F8F74A
:10E2E00009FB002802D02868F7F754F900202860BD
:10E2F00000E00024204604B070BDC046C86A00207B
:10E30000887E0020F8B50D460446E5204700E61952
:10E310000AF06EFF0146E05B0E4A1288904202D975
:10E3200072888A2003E0A84205D272888B2003F00D
:10E3300081FF0020F8BD1D210901641807F08AF94A
:10E340002060002801D00120F8BD812001F07AF87A
:10E35000EFE7C0461E70002080B50F4840680028D7
:10E3600001D00BF04BFC0D480068002801D00BF0E9
:10E3700045FC0B480068002801D00BF03FFC094821
:10E380000068002801D00BF039FC0748006800281D
:10E3900001D00BF033FC80BD346F0020A06F002053
:10E3A000D87E0020DC7A00201C7F0020B0B5C92177
:10E3B0004A008118825A0B899A4200D31A460A836E
:10E3C000438E0D4858430B8A8C89A4013D252D01AD
:10E3D00064199C4200D31C46001B084BC01848829D
:10E3E00083B2934200D8024690B28A82A9210901E1
:10E3F000884200D80846B0BD71020000D4FEFFFF7D
:10E4000010B50246104B9C780020240718D5CF2465
:10E4100064001219147F042C12D15B789B060FD56F
:10E420000A4848439188128892013D231B01D21863
:10E430008A4200D30A4606495118884201D3002077
:10E4400010BD012010BDC046DE6D0020E2040000BA
:10E45000BC0B0000B0B58EB041220D920C9208AA00
:10E460000123137009900DA80A9000240B9404ADA9
:10E470002B7005910CA80690079468460470084913
:10E4800001AB26C3F9F712FE064D2860002803D021
:10E49000002009F0E3F82C6860B20EB0B0BDC046B1
:10E4A000607D0020D86F0020F8B504461048006851
:10E4B000804705460F4F786806197E60F0087D2872
:10E4C0000CD37D20C100304603F0ACFC396809183C
:10E4D000064A521C4243B01A396078600648016807
:10E4E000284688472046F0F773F8F8BDE703000098
:10E4F000D07D0020687E0020D47D002070B50646C7
:10E500000F48864201D9002417E0344608340D48EC
:10E51000006880470546A0B20BF068FB002807D0D2
:10E52000044686800848416821604460083400E061
:10E5300000240648016828468847204670BDC0462A
:10E54000F7FF0000D07D0020607E0020D47D0020F9
:10E55000B0B5124DEC6A0878012803D11048016863
:10E56000491C01600E480168090E21700168090C00
:10E5700061700168090AA1700168E17000680321F7
:10E5800003F050FC002905D1044801210423224650
:10E590000AF026FD04206863B0BDC04694690020DF
:10E5A000087F002010B5002808D0022805D11048A7
:10E5B0000078002801D00BF0F3FC10BD0C4C207843
:10E5C0000028FAD00BF0EDFCA078022801D301203E
:10E5D000A070012000BF00BF064C20680028ECD0CE
:10E5E0000AF086F8206800690AF0AAFB10BDC04650
:10E5F000446F0020806B0020B0B50446124D28689F
:10E6000041780F2919D1006E1130611C062209F0E2
:10E610001FFD21782868026E1174816E9922895C31
:10E62000490705D501218902C26E92890A4207D1A4
:10E630000024204604F0B0F800E007242046B0BDD6
:10E64000102141700024F9E7AC7D0020B0B50446EC
:10E650000007800F04D00AF079FE002107F0A2FE27
:10E660000AF084FD06F0DAFB0A20044209D00825EE
:10E6700025400BF03CFB002D03D0F6F798FE0BF085
:10E680002EFB0520044209D0042004400BF07AF848
:10E69000002C03D00BF07AF80BF070F8B0BDB0B5D9
:10E6A000002906D00C4605460BF0A4F8002802D03D
:10E6B000B0BD1220B0BDE8B20BF020F901680988A6
:10E6C00040290AD10021102909D0625C0F234B4058
:10E6D000C318E0255A55491CF5E70C20B0BDF121BF
:10E6E000012242540521F422F9F720FE0020B0BD9A
:10E6F000FCB50190002008701F2A00D9FCBD002540
:10E700000095ACB294421AD21E5D002E17D0641C44
:10E710003719974213D81F5DFF2F05D03846173899
:10E720001524E443A0420AD3AC1C701E0870C0B28A
:10E73000251801988742E4D1A0B21818FCBD0098B2
:10E74000FCBDF0B585B01E46174601910546162161
:10E7500000241A462346F8F79FFE0490002815D09F
:10E760000A993A4602AF019B3B807A80BE803246CE
:10E7700009F06EFC2846394605F0E0FF002806D077
:10E7800005460498F6F706FF2C4600E013242046C1
:10E7900005B0F0BDB0B5044605463835408921893D
:10E7A000401A80B2012800D8012069782A794243B2
:10E7B0005018252103F036FB38202154EA782046F2
:10E7C0003D301346002B05D005785B1E401C8D4262
:10E7D000F8D106E00846114603F024FB60183D21FD
:10E7E000415CC8B2B0BD70B50446806E0C3007F015
:10E7F000B9FC054626469A36002D1CD030780028F4
:10E800000FD0A889A97B411ACA1EA97CEB7C1B1DCD
:10E81000EB742B461433001DA881D2B22046FCF7BE
:10E8200035F8A06E294605F0BBFDA06E0C3007F050
:10E8300099FC0546E0E770BDFEB51D461746044647
:10E8400068460480062242800181084606F0DAFE0E
:10E850000190002811D0064638463146A8470546A3
:10E86000002806D16846F7F7DDFE00280BD00546E4
:10E87000019E3046F6F78EFE00E01325204607F095
:10E8800069F92846FEBD0025F8E770471FB50C461C
:10E8900001460020009003900290019052BA684611
:10E8A0000280012C04D1087869468870012406E0B2
:10E8B000801C0E2C00D90E2422460BF0AFF90098D4
:10E8C0000549086001984860029888600398C8600C
:10E8D000204604B010BDC04690000C40F8B5154667
:10E8E0000E460F211C468C430C490A6801273F063F
:10E8F000BA430A609C4201D00A4900E008490AF084
:10E9000097F83046214604F0A7F82846214604F03F
:10E91000BFF80548082101602046F8BD2C000C40D6
:10E92000120301001203000004010C4070B50C46F4
:10E9300001790120522913D07D2907D07E2909D0E1
:10E940007F2905D0D22907D105070AE0450708E04D
:10E95000C50706E0850704E0880007490D5800E078
:10E96000C50605263046294605F002FA002801D0E2
:10E970002560267170BDC046ACC70200FEB502938B
:10E9800015460C4607460620002105F0F1F900283F
:10E990001BD010200AF0D6FE002816D00646089894
:10E9A0000190F4800622304639460BF037F9357273
:10E9B000029870720198F0600420314606F046FD1E
:10E9C000002802D030460AF0B1FEFEBDE0B50828AE
:10E9D00001D0042819D188780C2816D1C8780028CD
:10E9E00002D08B88094A0CE0C879401EC0B20228C8
:10E9F00003D88000074A105800E005488B88009033
:10EA0000054A0620002104F09DFE8CBD0FD30200B4
:10EA100055DB020010DE0200DCD20200F0B50C4D26
:10EA20000C4E0D4F0D4B104C45608660C760036166
:10EA3000054B4361054B8361C461094B036201705F
:10EA4000084941628262F0BD74D6020098D6020085
:10EA500004D70200E0D60200E4D502002CD6020062
:10EA600008D6020050D60200BCD6020070B50E4691
:10EA700011490978491E022901D2122070BD14469D
:10EA8000002A14D002F0C0FA002812D00546002E49
:10EA900003D0287902210143297128461830102219
:10EAA000214609F0D5FA2069A862002070BD022035
:10EAB00070BD142070BDC046787B002070B505463F
:10EAC000114E3078012806D10C46F320C043014294
:10EAD00003D0182070BD122070BD28460AF007FD33
:10EAE000002804D0017A002903D0102070BD342002
:10EAF00070BD7168EA0089184C71F1212140406EA7
:10EB00000176002070BDC046307E0020F0B589B08F
:10EB1000044603AD294601F0E1F800281CD1A97B89
:10EB2000082919D103A9881C4978002500950126D8
:10EB3000314002AA2B460AF012FA00280CD102AF8B
:10EB4000387807F0EFFD0246397803A8837B0096FA
:10EB50002046FDF7EFF9284609B0F0BD70B50C4628
:10EB600005460F4E3078002813D00E480078002854
:10EB70000FD1062006F03AFF00280FD001460A48C0
:10EB800008808D700120C8708C80307807F0F4FC0C
:10EB900070BD0F202946224608F0C8FE70BDC04651
:10EBA0003F7000205C7F0020910F0000B0B500286E
:10EBB0001ED004460F480068002814D00568002DB8
:10EBC00011D02046FDF78EFE01466068A8476068B8
:10EBD0000178022903D1F6F7DDFC002060602046B1
:10EBE00008F0D8F8B0BD04480078214607F0C4FC0E
:10EBF000B0BDC046EC7E002042700020F8B515463E
:10EC00000E4607460D48006880470446384605F022
:10EC10002FFA0B480B49102242C0056042600021C8
:10EC200001720838FFF77AF8002802D0002008F0B7
:10EC300015FD0548016820468847F8BDD07D0020B5
:10EC40007C6D0020707D0020D47D0020002811D034
:10EC5000114A51617F231382002141708370037830
:10EC6000DB0709D111805180D180118151818160F0
:10EC7000C1600BE0002070470189118041895180FB
:10EC8000817BD18081891181C17B518100780221F2
:10EC9000014048087047C0467C20094070B50D46C9
:10ECA0000446066807F074F93178002903D008F0AB
:10ECB000A7FB002070BD002CFBD00121317008F0B3
:10ECC0009FFB002D09D02978064802780020914248
:10ECD00000D00446012903D170BD0348C0687060AC
:10ECE000204670BDBFE00200FCDC0200B0B50E485B
:10ECF0000178002916D1012505700C480C4A042121
:10ED0000002306F05BFD11242046FEF7A1FC094814
:10ED1000FF218162856408490968416005602046D9
:10ED2000FEF76AFCB0BDC046637F0020546D002032
:10ED300019390200046002408CE0020070B5002521
:10ED4000114C2E46607D864217D20620704320303B
:10ED5000A16A4A1980B2082108F060FD002809D094
:10ED6000A06A4019FF21062209F004FEA06A40199A
:10ED70000021C171761C0835E4E7607C002801D0D1
:10ED800004F07AF970BDC046607700207CB5002899
:10ED90001FD00D460646104800683246F8F7BAFF05
:10EDA0000124FF2816D00023009301AA30462946EB
:10EDB0000AF0D5F800280DD101A8007807F0B2FCC0
:10EDC000C00607D501A8007807F0ACFC4007C40FC7
:10EDD00000E0002420467CBD047000201CB5032800
:10EDE00019D0832809D00F4A904210D00E4A904281
:10EDF00016D1887808F0FAFB10E0C8788C88CA88A9
:10EE00000B8949890091214603F0B8FB06E00846CA
:10EE1000FAF7F8FA1CBD0846FBF746FE01201CBDB8
:10EE200000201CBDFFFF00001320000080B50E482D
:10EE30000078400703D400200AF094FA80BD042033
:10EE40000AF0D4FE09490860002805D0084A02608B
:10EE500008680AF087FA02E0042008F0FFFB054882
:10EE60000549018080BDC046787B0020E87E0020F7
:10EE7000DDED01003A7E0020FFFF0000F8B5002B19
:10EE80001BD01C4616460D460746012107F0D2FA54
:10EE9000002814D03046F6F743F9002811D0C78077
:10EEA000002E06D0F57A08490968711A0909C26866
:10EEB0001177057220600020F8BD0120F8BD1420F4
:10EEC000F8BD1520F8BDC046CC6F0020B0B50028B5
:10EED00016D00446807A0AF011FD00280BD0617B21
:10EEE0008A0708D571229200835C01251D43855451
:10EEF000FD2001406173616E18200856002800D47F
:10EF0000B0BD607BC007FBD103488268002AF7D000
:10EF100001209047B0BDC0460C690020F8B50646F8
:10EF20000E4800688047044602250E2E0FD8F000D8
:10EF30000B490A58002A0AD00F180A480078012104
:10EF4000B14089B204F0CCF900253D607D600648EF
:10EF50000168204688472846F8BDC046D07D00207D
:10EF600050640020FA7B0020D47D002070B50E464E
:10EF7000002817D0002E1AD00546304604F05CF960
:10EF8000002818D00446281F00680838864200D39D
:10EF900006462046294632460AF040FE284609F039
:10EFA00087FE09E0304604F047F9044604E000F02B
:10EFB00037FC162101600024204670BDF8B50C46D0
:10EFC0000646F3F743FF00900F4D2868C08802F013
:10EFD0001BF81427002814D0408808F0FDFF0028F3
:10EFE0000FD0014628680078002800D03446062259
:10EFF000204609F02DF806F045FC411E8841A0711D
:10F00000009F3846F8BDC046AC7D0020F0B585B005
:10F010000446114F786800281BD00068002818D0DB
:10F020000D46088801AE3080301D89780AF06EFFE9
:10F03000E878307268680490786803680121204697
:10F0400032469847002804D069460870608807F067
:10F05000B1FE05B0F0BDC046AC7D0020F0B58FB06C
:10F06000029301920C4601460F4B03AE1025304629
:10F070002A46984730461030082721463A460A4B20
:10F0800098473046183001993A46074CA047274622
:10F09000304609F0C5FE04462036029831462A461D
:10F0A000B84720460FB0F0BD81800200F0B587B0B0
:10F0B00004460D9D0020002D1ED00E9F002F1BD05A
:10F0C0000E460C980590642138460493039208F08C
:10F0D000D0FC3D63612002213954029706A80190BB
:10F0E0000598009020463146039A049BFBF74EFAA0
:10F0F0003846F0F76DF9069807B0F0BD7FB51446B5
:10F100000A4605460020102901D0022A1BD1102BE7
:10F1100001D0022B17D19A4202D12846214610E095
:10F120006E46102A06D12046314605F099FA102283
:10F13000284605E02846314605F092FA102220467E
:10F14000314607F007FE04B070BD70B504460620D6
:10F15000002109F0DDF90726751C1220002109F0B5
:10F16000D7F9B5420FD32146F140012529400D20A2
:10F1700009F0CEF91220294609F0CAF9082009F051
:10F18000F4FE761EE8E70620012109F0C1F9AF2060
:10F19000800009F0EAFE70BD70B504460E4D0F4EBA
:10F1A000007E042808D000202860F060192006F0B6
:10F1B00001FA0B4830210160012030600F202861E6
:10F1C000A07E002803D00020A07609F081FC204614
:10F1D00009F008F970BDC04604010C4014000C4051
:10F1E0002C60024070B50C464078FF2815D00E28E0
:10F1F00011D00F2807D0102809D03E2805D00528A7
:10F2000007D101250AE0042508E0082506E02025AD
:10F2100004E0002502E0022500E010250B26304620
:10F22000294604F0A5FD002801D02560267170BD97
:10F23000B0B5EDF76EFC0E4C204609F059FC0D48B8
:10F240000078042801D0022800D120700849002449
:10F25000204609F049F9084D2860002805D1002012
:10F2600008F0FCF92868444244412046B0BDC0463D
:10F27000F06D00204B700020AC6F0020F0B585B021
:10F280000C460546084601F0BFFE002804D00D4894
:10F29000854203D9022012E0122010E001AE0027BF
:10F2A00010223046394609F065FB3570280A707027
:10F2B000280CB070F77030462146F2F737FA05B0E7
:10F2C000F0BDC0463F420F00F8B506460F4F3878F4
:10F2D0001225002801D02846F8BD0C460C4886426D
:10F2E00008D1204607F066FC05460028F3D13C70A3
:10F2F0000025F0E7304601F087FE0028EBD03046CD
:10F30000214605F04FFB0546E5E7C046387E002064
:10F31000FDFF00001CB504460E4801A9224605F079
:10F32000BDFA002801D0019812E0E00701D10020C9
:10F330000EE009484178002904D00830012110224C
:10F34000002303E01830054B04211022F9F7EAF9F5
:10F35000C0B21CBD15F30100807800200CDF020054
:10F3600070B504460498002801D00B2070BD022B14
:10F370000AD10598137852781202D6183246824381
:10F38000100403D0802070BD0D2070BDC8680568D2
:10F390002046294609F05EFAB2B2904201D100201F
:10F3A00070BD2046294605F0D1FA70BDFEB5144661
:10F3B0000D46064600920E4802A932462B4605F03D
:10F3C0006DFA002813D10B4F3878FF280FD00A2090
:10F3D00006F00CFB00280AD00146B120088000206E
:10F3E00008714E80CD800C81387807F0C5F8FEBDDD
:10F3F000ADF30100B77C00207FB50D4604460F48F1
:10F4000003A922462B4605F049FA002801D0039EA5
:10F4100011E02046294605F0FFF9064600280AD1EA
:10F4200002A90D8006480078009100267F2321461E
:10F430003246FEF7E9FEF0B204B070BDF9F3010008
:10F440005B7F0020B0B504460F200AF02DF800289D
:10F4500019D00D4D2878002812D00C4800780028CB
:10F460000ED1032006F0C2FA00280CD001469120EC
:10F470000870102048708C70287807F07DF8B0BDB7
:10F48000204606F0CAFBB0BD3F7000205C7F002024
:10F49000B0B5114C90202072882060720120A072BB
:10F4A0000220E0720025257380206073A57320215F
:10F4B000E17325746574A07420461330052108F0AB
:10F4C000D8FAFF2020706070A070E57021202071B4
:10F4D0006571A571E571B0BD187C0020FEB51C46B4
:10F4E00015460E4607460AF076FC002806D0384638
:10F4F0000AF01FFC002801D00C240CE00A9809999E
:10F50000089A009201910290384631462A462346D5
:10F51000EFF726FB044603492046FFF71FFB204672
:10F52000FEBDC04613200000F8B514460D46064641
:10F5300080000C3006F05AFA002816D00146700000
:10F540000A4A0A808E700A460C3213184A608B6091
:10F550000026B04205D0AF5B9753A75B9F53B61C04
:10F56000F7E70348007807F007F8F8BD90130000AC
:10F5700040700020014610391F2904D8012088401E
:10F580000E49086015E00F280DD00E2806D002287D
:10F590000FD1094801680122D20708E00648016836
:10F5A0000122120703E004480168012292060A437F
:10F5B0000260BFF36F8F704704ED00E000E200E0EF
:10F5C000F8B50125104F0F480178E8B2884217D8E6
:10F5D00039681E2646438819FF228A55C01D00241B
:10F5E0000622214609F0C6F9386880190D3010222C
:10F5F000214609F0BFF93868801944776D1CE2E7AD
:10F600000020F8BD5870002004700020F8B50E4CA2
:10F610002078002505260F4F85420ED27968895D36
:10F62000012905D1E8B20AF069F9EDF71BF9207854
:10F630006D1C7B2189007618EEE700F0AFF90348D6
:10F64000007803490870F8BD4D7000204E7000200E
:10F6500054700020346F00200F4802680F490B8857
:10F660004988194392070BD4002910D002228260E6
:10F6700002689207FCD50120814309480160704768
:10F6800001220B469343064A1360002900D07047BD
:10F69000022141617047C0460C000240806F00208B
:10F6A00004000840B0B50F48457DC48A0AF08EFAC0
:10F6B000002D12D06105890E19384543E817000E58
:10F6C000281800124018012800DC01203F2800D330
:10F6D0003F20400104490C400443A0B203490860A4
:10F6E000B0BDC046FC7B00201FF80000AC300840D5
:10F6F000F8B50A460E490F4B1C68E405650D0C6809
:10F700000326B44365190C4EAD191646002E03D0DE
:10F7100080C880C5761EF9E7900020185A68120646
:10F72000920D821A00DB104606F00AFDF8BDC046B5
:10F73000B8110840B81008400038094070B50028DA
:10F740000CD00C4605460F480068C00508D00022C2
:10F75000284621461346F9F751FA10E000200EE042
:10F7600016467D20C100104602F05CFB0246701C6C
:10F7700000D13246002328462146F1F77FFE401E85
:10F7800070BDC04604ED00E07CB50D4604465C212A
:10F7900008F06FF96E4630460AF0FCF9012030702F
:10F7A000201D0021324600F015F8094E307800285F
:10F7B00008D102F0D5FD09F0DBF90AF0F2FB09F0FF
:10F7C000A7FA3078401C3070A56520467CBDC04645
:10F7D000446F0020BCB50D460346002A15D01078B2
:10F7E000002812D003200090012000210A4603F0D7
:10F7F0008AFE0446002D0ED0002C0CD0002120469D
:10F800000A460B46F1F73AFE05E0044829461A4637
:10F8100005F08FFD04462046BCBDC046FFFF00003A
:10F82000B0B50F4801690F4D002915D0406A0E4C44
:10F830002068002800D12068816D00290DD10420A6
:10F84000F2F748FF0028294607D02168002900D197
:10F8500021688865014600E029460846B0BDC046DB
:10F860008C760020846F00200C7F0020B0B501460C
:10F87000002000291DD00C78002C06D00D490A78F4
:10F88000012A16D1002008700FE04A788B781B02FD
:10F890009A18084BDA82C97819761D78012D08D19B
:10F8A0000220187090B208F065FE2046FBF732F98E
:10F8B0000120B0BD046D0020F8B5009000273C4643
:10F8C0000E488078844214D200984068C15B0029B9
:10F8D0000FD0C519A868002801D0F5F75BFE0026F7
:10F8E0000C222846314609F045F82E80641C0C375E
:10F8F000E6E7034800990880F8BDC04680780020FC
:10F90000FFFF000070B5414000220E4B0E4C0F4D22
:10F91000022A13D80E091E401940090171188E08D9
:10F9200026402140890071184E082E402940490088
:10F93000711811264E433118521CE9E7414088B234
:10F9400070BDC0460F0F0000333300005555000056
:10F95000FCB50A791F2313400B7102463B3200921B
:10F960003B240023019003551C461D46052D14D051
:10F970000026082E0ED04F5DF740FF0708D09F19D4
:10F98000E2B2019882183D201754641C009804705C
:10F99000761CEEE76D1C0833E8E7FCBDF8B50025E2
:10F9A00005270F4E3078854211D20E484068C019A5
:10F9B000401E00210180ECB220460AF05AF9204690
:10F9C0000AF0DBF96D1C7B2080003F18EAE700207D
:10F9D0000449088009F0A0FBFF2009F01BFCF8BDDA
:10F9E0004D700020346F002010B5002101720E48C8
:10F9F00001680E480278084603681C7A002C03D17F
:10FA00005B6E1B78934203D0C0688842F4D110BD6E
:10FA1000074C21780229FAD303F0BAFB0AF0EEF87A
:10FA20002078401E207010BDF06F00203170002043
:10FA300050700020FEB50191029002F035FE0446A0
:10FA4000012002F031FE06460025002C2F4600D092
:10FA50006768002E00D07568002F0ED0029802F063
:10FA600005FE002809D0002D07D0386A296A019ABE
:10FA7000891A05F0C5FA002800D034462046FEBD9C
:10FA8000B0B50C46C0B209F039FFFF2100281BD0E9
:10FA90004279002A18D0002C09D0012C14D10F2152
:10FAA000490142580123DB07134343500BE00F2168
:10FAB00049014218435894880725AC430125ED07B6
:10FAC000AB434350948000210846B0BDF8B50E46C4
:10FAD000054607467737FCF701F9B87A0024002875
:10FAE00018D03878B04215D12E467636286800886E
:10FAF0000124802806D04028204607D1284609F056
:10FB000039FF02E028460AF070F900203178002918
:10FB100000D004462046F8BD80B50F48017B427BEB
:10FB200012025118827B1204C37B1B069A185118CB
:10FB300009780A4A1170017F427F12025118827FB0
:10FB40001204C07F000680184018806804490860CD
:10FB5000FFF76EFB80BDC046C0D802004B7000208E
:10FB6000D46F0020B0B504461048416A491C416278
:10FB7000E06A002816D00168E162056906CD083DFB
:10FB8000002A00D01160002900D04A60816809680D
:10FB9000002903D0C068002800D08847284601F01B
:10FBA000EDFBE5E7F1F748F8B0BDC0468C760020E4
:10FBB000F8B5104E0020307040200AF017F80028E9
:10FBC00017D004460C4F3868816F202520462A46FE
:10FBD00008F03EFA204620303968896F20312A46E5
:10FBE00008F036FA204604F0F3FE307020460AF0A2
:10FBF00005F8F8BD5C700020AC7D0020F8B50D461E
:10FC0000064608F091FA0F484269296800244B1C07
:10FC100014D037687368006BB84201D09A420AD298
:10FC2000D21A914207D9881A28600649086B3060B9
:10FC30004869706002E000202860012408F0DAFDC5
:10FC40002046F8BD8C760020F8B500281FD0036848
:10FC5000012292020093934201D90220F8BD041DB3
:10FC600000202346220704D004CB04C1401C241DDD
:10FC7000F8E7009AD21E904206D2F0CBF0C1001DE8
:10FC8000F9E704CB04C1401C009A9042F9D300204C
:10FC9000F8BD70B500280FD00A460024214623463F
:10FCA00006F00CFD0546481E814101290AD1FFF7E7
:10FCB000B7FD8B2101600FE0FFF7B2FD1621016057
:10FCC000002409E0284603F0B7FA002804D00646CD
:10FCD000294607F0CEFE3446204670BD70B50C466E
:10FCE00001F092F905460120002C1BD0002D19D0FF
:10FCF000A8882080A01CA91D0626324608F0A8F975
:10FD00002046083029460C31324608F0A1F9A87C7B
:10FD1000A073A88A2082E88A6082288EA082688EDA
:10FD2000E082002070BDF8B5044606463836406AC9
:10FD3000020C4240618990B2FFF7E4FD054625219F
:10FD400002F070F838202154F07822463D32034604
:10FD5000002B05D017785B1E521C8F42F8D105E0AE
:10FD60004543280C20183D21415C3170C8B2F8BDD4
:10FD7000F0B513681C0C80254559AEB29BB2F6183D
:10FD8000330C2D0C2C19E3181C04B5B264190C604B
:10FD900001241B0CE5B2C66FAE420CD9AD0056591A
:10FDA000370CB6B2F618330CDB191F04B6B2BE1905
:10FDB0004E51641CEDE71846F0BD70470CB54A0083
:10FDC000520D03231B02FF33D21A13D31F239A1A97
:10FDD00012D98E46C9020123DB071943D1400B2AF1
:10FDE00002D21532D04001437346002B00D5494260
:10FDF00008000CBD00200CBD0B000120C007002B2B
:10FE000000D401380CBD70477FB514460A46014640
:10FE10000D4D0E20801A002300930393029301934B
:10FE20006E463070701C09F0F9FEF4730098686734
:10FE30000198A8670298E867039804490860286851
:10FE4000C007FCD17FBDC0461C000C409C000C408C
:10FE5000B0B50D460446C1690D48002900D0801C8C
:10FE60000C49086020692021615C0022FFF7CCFF6B
:10FE7000284607F059FE284607F04AFEE269002AA4
:10FE800004D0A068E1680123F7F7C2FAB0BDC0460C
:10FE900028002A012C000C40F8B514460D460646F1
:10FEA0000E4809F0A7FA00273846214606F002FD61
:10FEB00000280ED00746062C05D0082C03D0386841
:10FEC00080683042F0D03868426830462946904712
:10FED000EAE7024800F0A4FDF8BDC046546B0020DC
:10FEE000F8B5012400281DD00D460746082009F06A
:10FEF00029FC00280FD006460760456008203146DF
:10FF000005F0A4FA00280CD0002D02D0284609F0F4
:10FF10000DFC354601E0002D04D0284609F006FC12
:10FF200000E000242046F8BDFEB50D4600240194F3
:10FF3000009469462846F8F7D1FF0127012814D11B
:10FF40000C2009F0FFFB002810D006460560019840
:10FF500000997160B06000242046314605F076FAC1
:10FF6000002803D0304609F0E1FB3C462046FEBDA8
:10FF7000B0B505460E4809F03DFA082009F0E2FB4D
:10FF800000280CD00024056044600A4A116800294A
:10FF900007D00A4649680029FBD1506002E00124DD
:10FFA00003E01060024800F03BFD2046B0BDC046B3
:10FFB000546B0020A47E0020B0B50446002818D061
:10FFC0001D46002B00D10C4D68682061A260A16124
:10FFD000A868E06100202075F8F728FB0748283062
:10FFE000214606F0D1F82878012802D12046FAF7F8
:10FFF00041FF2046B0BDC04658DE0200B475002067
:020000022000DC
:10000000BCB50C460546502003F08AFF03460C4859
:1000100001A92A4604F042FC002801D001980CE016
:1000200008488168284608F015FC800701D40120A3
:1000300003E028462146F9F705F8C0B2BCBDC0462A
:100040000100020078790020BCB5044609F06CF983
:1000500003F0DCFA00280CD00546601E0221C943DB
:1000600088420AD801A9204602F0F2FD002803D0F8
:10007000BCBD0420C043BCBD019C686801210904CB
:100080000022234603F0EEF9014640424841BCBD40
:1000900010B50C4810210170FF200024214603F008
:1000A000B7FF09F0AFFB09F051FB074804700748A0
:1000B0000078202103F014F9054804700548047005
:1000C000204610BD0C690020337000202C700020E9
:1000D0003770002036700020F8B51C4615460E46D5
:1000E0000746022009F0DBF9002813D00C2005F0A8
:1000F0007DFC00280ED001460698074A0A8003229C
:100100008A70CF708E80CD800C8148810348007842
:1001100006F032FAF8BDC046913E00003F70002064
:10012000F8B507460D480078C00716D01C4615469E
:100130000E460C2005F05AFC00280ED00146069809
:10014000074A0A8083228A70CF708E80CD800C810E
:1001500048810448007806F00FFAF8BD447000208A
:10016000913E00003F700020F8B51C4615460E4633
:100170000746062009F093F9002813D00E2005F059
:1001800035FC00280ED001460698074A0A8007224F
:100190008A708F80CE800D814C81888103480078E1
:1001A00006F0EAF9F8BDC046913E00003F7000201D
:1001B000F8B515460E460746102005F017FC002836
:1001C00014D004460A4820800520A070A780A01DF6
:1001D0000822314607F03CFF2878697809020818A0
:1001E000E08104480078214606F0C6F9F8BDC04613
:1001F000923E00004170002070B50D46064609F0A1
:10020000F9FA0446002819D1F0B209F077FB064646
:10021000FF200630315C490708D430180F210177E0
:100220000721F1223046F8F781F807E03046FCF765
:1002300083F90F2130462A4600F01AFB204670BD94
:1002400070B53024002816D00C49884213D87D217F
:10025000C90041430A4841600078002401280AD1BE
:10026000084E307801210D03294603F039F8307823
:100270002946F3F76DFC204670BDC046B8A10000CA
:100280003C6F00202C70002080B5002817D00C494E
:100290004A880C4B1A404A800A881A400A800A4948
:1002A000CA687F231B029A43CA600A6878239A436C
:1002B0000A600A69054B13400B61E6F70BF880BD35
:1002C00028680940FF80FFFFE83008400FC0FFFFAB
:1002D00070B500280BD00C4605460E480068C005D6
:1002E00007D0002228462146F9F7A8FA0FE000209F
:1002F0000DE016467D20C100104601F093FD024638
:10030000701C00D1324628462146F1F7D7FB401E2B
:1003100070BDC04604ED00E0B0B50A4A0A4B0021AA
:100320000A4C0B4D0CC0016041608160C4600161EA
:100330004561084A084B094C8161C1610162243062
:100340001EC0B0BD453A000099C201004DA0010099
:100350009D92010061790200DD9F010065A9010005
:10036000F8B51C4600920F4606468089F189451A69
:10037000727A337CA8B2FCF77AFE002800D0F8BD70
:10038000E81981B2009BC818B289904204D9F0895B
:10039000834207D80620F8BD307C224607F020FDB6
:1003A0000020F8BD0520F8BDB0B50C4605460C4848
:1003B0000078002801D104F013FC0A480078A84214
:1003C0000BD9002C00D1084C0C2068430749085871
:1003D0008269284621469047B0BD0020B0BDC04686
:1003E0005F7F00206BE002006CE00200ACDE0200E8
:1003F000F8B50F4C0F277D060520460605F0C8FD11
:10040000216D2940B14210D1E26F39038A430121A5
:10041000CB03D218E267074A2260226D2A40B2421B
:10042000FBD02268C9078A43226006F0E9FFF8BDC5
:10043000A010004012000180B0B5104801687F2371
:100440000B40C90BFE240C40E11A00229C4200D252
:100450001146406B0004030F01201029044600D808
:100460001446032B054600D815462C406242082B43
:1004700000D310460A2900D31046B0BDE810004052
:1004800070B500280CD00C46064605F081FD0546E7
:100490007079FE210140881E0E2803D3002602E059
:1004A00000260DE001260D2807D8064881680C4378
:1004B00020212143816009F0C7F8284606F0A0FFFB
:1004C000304670BD806B002070B50E46044605F0C6
:1004D0005FFD05466168A068884205D1284606F0A0
:1004E0008FFF0020C04370BDE068401C01F09AFC03
:1004F00020684654E160A068401CA06061698842A1
:1005000000D808466061284606F07AFFA06870BDF2
:100510000D4941430122D243904201DC0C4800E0E6
:100520000A484018C117890A41188A15FF21CB4390
:100530009A4200DC1A46074B984202DCD005C00BF9
:10054000704708027047C0463C553D00F2FF8600E8
:10055000F2FF4600FFFFFF3FB0B504460E4D1C35CD
:100560002D68002D17D02889A042F9D1E87A0128FA
:100570000BD106F02FFB002806D008480078042194
:10058000F3F7E6FAE87A00E00120401CE872C1B215
:100590002046FBF771FBB0BD60770020CF6E0020D6
:1005A00010B5104C606800281BD0A42141580029C8
:1005B00003D0084609F022FB6068A82141580029B1
:1005C00003D0084609F01AFB6068AC2141580029A5
:1005D00003D0084609F012FB606809F00FFB002009
:1005E000606010BD387E00207CB50D4608884988C3
:1005F0000124884217D8002815D06E1D2B790B488E
:1006000002213246FEF77AFD00280BD0288869883F
:100610002B79002400943246F9F738FC002802D1E7
:100620000A2400E0102420467CBDC046AEE0020053
:10063000F8B517460E46054610460B3005F0D6F9BC
:10064000044600280CD00B4820802046083060600B
:10065000042020726672A77220460B30286006E0E4
:1006600000202860102E02D00720FEF7EBFE204667
:10067000F8BDC04601FF0000F8B51E4614460F46FF
:100680000090202005F0B2F9002818D005460799FF
:100690000698A2222A706C706F8028716E712846AD
:1006A0000830002903D0182207F0D2FC03E0002113
:1006B000182208F05FF90098294605F05DFFF8BDA3
:1006C00010B50520FDF7F4FD0124002817D1062000
:1006D000FDF7EEFD002812D10420FDF7E9FD00280A
:1006E0000DD10720FDF7E4FD002808D1054800786A
:1006F000002803D009F011FB044600E00024204646
:1007000010BDC0468C7E0020F8B50C46C0B209F082
:10071000F5F805464079002815D028684068066A33
:10072000EB2040002F183046214604F069FC0028D9
:1007300007D0688E0549484304193888401C388022
:10074000F1E70020F8BDFF20F8BDC046C409000055
:10075000F8B500281AD004468079FAF77DFA0C4DD6
:100760002868A1791C2632464A438018094A136832
:1007700014274F43D8511068C019A06606F0BAFA82
:100780002868A1797143401808302067F8BDC04639
:10079000DC7A00201C7F0020F0B5FF220632801892
:1007A0000722D243002A17D01446083403D000246D
:1007B000E4430A4B01E0094B5C788D182E7A264001
:1007C000841826749E18777C2B7A3B432B72757A9B
:1007D0001D402572521CE5E7F0BDC046DE6D0020CD
:1007E000B0B5044608460F38052802D20020E08341
:1007F000B0BD042902D00929F8D0F9E725469C3577
:100800002046A430082106F0F5F80421284606F019
:10081000F1F8C520CD28EBD00146C53907224A4062
:10082000A95C2154401CF5E7F8B50F4DEC68002693
:100830000E4FF0B23978C91D81420BD91C214143BA
:100840006018002282706252001D761C182107F089
:1008500010F9EEE700246C606C80204608F056FC2E
:100860002C70AC60F8BDC046306E00204D7000208A
:1008700010B50446FF200630235C5B0708D420181F
:100880004079400604D42046114609F093F810BD83
:10089000204609F02FF811212046E6F7E3FE002854
:1008A00000D010BD0348007801218903F3F750F907
:1008B00010BDC0462C700020F8B50B460446DF2062
:1008C00045006219C9204600A0190090DD204700AC
:1008D000E119184605F0E4FDE15D042901D007485F
:1008E00000E005480088A053009AD080A079625D9E
:1008F000FAF7A4F8F8BDC046626F00201C70002013
:10090000B0B50C4600280BD0FF2813D1256A09F09A
:1009100065F90B494118284604F072FB002809D1FB
:1009200009F05CF937210901401820620548006888
:1009300009F033FB0120112106F038FFB0BDC0469D
:10094000A8610000F06F002010B503685C69A24246
:1009500001D2612412E040680C4A1268D20504D02A
:1009600098680022F8F76AFF05E04004C00F421EB5
:100970009868F1F7A3F8002805D10B24FEF750FF83
:1009800004600020C443204610BDC04604ED00E0D2
:1009900070B515460C4606460D480068804731681C
:1009A000A14207D0002D09D021460C3909680C3D21
:1009B000296003E021460C39096831600C3C0021B4
:1009C0002160FF21A17203490968884770BDC046B4
:1009D000D07D0020D47D0020B0B50F4A11461268AA
:1009E0008242FBD34C680D194368854202D11B1922
:1009F0004B600846C418944201D0144607E0074CE7
:100A0000E46BA24203D05468E318436014680460A6
:100A1000814200D00860B0BD046F00208C760020B9
:100A200070B505468068012805D1E86803F048FDE7
:100A30000124444011E00A48416A491C4162E868C7
:100A40000024214622462346F0F718FD06466C6036
:100A5000F0F7F2F8002E00D1024C204670BDC046DF
:100A60008C760020D1070000F8B51D46164600918F
:100A700007460E4C2078082103F004F8002803D024
:100A80002078082102F02CFC082004F0AFFF002899
:100A90000AD00146D02008704F70062088708E80E2
:100AA0008D71009805F068FDF8BDC0463C700020CF
:100AB000B0B504460F4D2868002816D0406E0028B7
:100AC00006D1142009F092F82968486600280FD052
:100AD0001022214607F0BCFA2868406E0024E1434A
:100AE0000161204601F058FE00E007242046B0BD19
:100AF0000824FBE7AC7D00201FB5FAF74FF90B4C3B
:100B0000606B00280FD00A4802900A480190052027
:100B100000900948094964220023FEF7C7FAA06340
:100B2000411E884100E0002004B010BD8C760020FA
:100B3000FC6500204857002009CF0000ECDF0200D0
:100B4000B0B50C4605460C480C49016100214167CF
:100B50008167C1670A4A11600168C907FCD1204654
:100B600006F0CAFF204602F047FC012D02D12046C4
:100B700002F042FCB0BDC0461C000C402800000141
:100B80009C000C40F8B50446800718D01F200D4685
:100B90008543014000910027AF4209D2E619304653
:100BA00007F056FF1036304607F052FF2037F3E7C4
:100BB0000098002802D0E01907F04AFFF8BD0909A3
:100BC0002046F5F755FCF8BDB0B50024022918D829
:100BD00089000D4A55582968002913D1C0000C30EE
:100BE00009F004F82860002821460BD001460C319A
:100BF00001710A0EC2710A0C8271090A4171014623
:100C000000E021460846B0BD04DE0200B0B50E4942
:100C100030220A7078224A708A1C401D06210B4B34
:100C20000C060DD0047824091C5D147004780F257F
:100C300025405C5D951C5470491E401E2A46EFE716
:100C4000002010700048B0BDC06E00203BDC0200E8
:100C5000F0B513460A460B4D0B4E0C4F0C4C0021C1
:100C600045608660C7600461044C4461044C846143
:100C7000C1610162027041628362F0BD54D502001D
:100C800078D50200C0D502009CD502000CD5020028
:100C900030D5020070B50F4A131D1B68002B16D00B
:100CA0009D686C898442F8D89A8816198642F4D9CE
:100CB0000A35561C2A461032761EEED02D88854203
:100CC0001546F8D11A3A002902D00C8000E0002223
:100CD000104670BD487E0020F8B5FF2818D00C469D
:100CE00005460C4E870005F053F90B497A5CFC234E
:100CF0001340A203920F9A187A5406F081FB012048
:100D0000A840610701D4103601E030600836306039
:100D1000F8BDC046643002400231004080B5014653
:100D20000E4A13781220012B12D15278002A0FD1CB
:100D3000084608F0DCFB00280BD0017A00290AD015
:100D4000006F0021017008F009FD002800D01E206E
:100D500080BD342080BD112080BDC046307E002083
:100D600010B5094908700948002404700848047047
:100D70000848047008480470FEF78AFB07480470AE
:100D80000748047010BDC046427000204370002028
:100D90003F70002040700020417000205C7F0020E8
:100DA00044700020B0B50C46002918D50D480078D5
:100DB000F8F718FC00280FD005460078012804D069
:100DC000032806D128460C3000E0281D0068F4F7FF
:100DD000E1FB284605F0DEFF0120C00784432046E2
:100DE000B0BDC04642700020F8B50446232008403C
:100DF000694608700B480C4D0D26012705604460BC
:100E00008660C160076143618261C36199180423F0
:100E10000262416283622C2100224254F8F7C0FD35
:100E2000F8BDC046986A0020707D0020FEB50C46D3
:100E30000646C11C02AD032728463A4607F008F9CA
:100E400001A831463A4607F003F9029807490840DD
:100E500002900198084001902046294600F022FDAA
:100E60000199411A48424841FEBDC046FFFFFF00BC
:100E7000BCB50E4D2846FFF77BF8002805D10C3590
:100E80002846FFF775F8002802D004462046BCBD6E
:100E9000074801AC214600F005FC2478002CF5D170
:100EA00003480021012203F03AFBEFE7607C0020B9
:100EB00057700020B0B50D460446002804D10B48F9
:100EC0000B49C42200BF00BF002D04D109480849C6
:100ED000C52200BF00BF256028686060002801D0DF
:100EE000808900E000202081B0BDC046E3DA020026
:100EF000C7C80200BCDB0200B0B502460020002AD1
:100F00001BD0137A012B01D1D38903E00123137283
:100F10000023D3605C185589AC420DD9002B0CD04E
:100F2000022313721268002A07D053898B4204D31C
:100F3000012010720020D0601046B0BDB0B50F4C3B
:100F400045682420285C2A6C0221F8F7B7F8202095
:100F5000285C6A6C2146F8F7B1F8E86901280BD1E2
:100F60002820285CAA6C2146F8F7A8F82C20285CD9
:100F7000EA6C0221F8F7A2F8B0BDC0460200046096
:100F800000224B1F182B14D87B441B795B009F4415
:100F90000C170C0E0C0E0C0E0C0D0C0E0C0C0E0E79
:100FA0000E15150E0E0E0C0E0C00001D02681046DC
:100FB00070475229F9D0D229F7D0F8E70830F5E781
:100FC0000C30F3E710B5022A11D3034608784A78AB
:100FD00012021018188082B20020022A09D0012AB9
:100FE00011D18A78C97809028918598010BD012069
:100FF00010BD8A78CC782402A2185A800A794979DF
:1010000009028918998010BD70B501460C4A0D4837
:1010100003780D4800685B1C5B1E0ED0458891422A
:1010200004D1941CA6B2B54201D005E02C4638305C
:10103000A4B28C42F0D1383870BD002070BDC046DB
:10104000FDFF000049700020D06F0020B0B501798D
:101050001F220A400271002211461346052A0BD0B6
:10106000845C002C00D05B1CDDB2012D0CD8002C60
:1010700000D02146521CF1E7180607D0481E084050
:10108000C0B2411E8841B0BD0120B0BD0020B0BD3E
:1010900010B50F48007808F02AFA00280DD0044651
:1010A000406E002809D0E17A007E002906D0800633
:1010B00003D50749022006F04FFB10BDC00603D53B
:1010C0000349002006F048FB0120E07210BDC04635
:1010D00033700020F8B500281DD01446002A1AD01D
:1010E0000E460546FF20E8302F18A9204000291899
:1010F00020784006C20F5320800028180A70A11CD7
:10110000062206F0A5FF3E7024350E340422284640
:10111000214606F09DFFF8BD10B55C1EA3419C0062
:10112000042804D002280BD190080B210FE00A48B4
:10113000022900D0A2308018022904D0102103E037
:10114000D0080A2103E04021FCF768FD02210C438E
:10115000001B80B210BDC046B0FDFFFFB0B588B027
:101160004121079103A901220A70049007A8059064
:101170000024069468460470074A01920291F7F72A
:1011800025FF064D2860002803D0002006F066FAEF
:101190002C6860B208B0B0BD607D0020D86F002020
:1011A00070B514460D46064606F00EFB002801D029
:1011B000446070BD142008F019FD00280DD006739E
:1011C000002132C04160064A11680C38002902D063
:1011D0000A460968FAE7106070BD002070BDC0467D
:1011E00018700020F8B514460D4606460B480068F6
:1011F000002801D1FBF784FE0948006880470746B4
:10120000304629462246FFF7CBFF44424441054879
:10121000016838468847E000F8BDC04618700020D5
:10122000D07D0020D47D0020F8B505460D4E7469B0
:10123000B06E84420BD20C4F386A0168002908D086
:10124000C06800680021C94300F04CFDF4E70020AD
:1012500003E0796A3962786201202860B46620462A
:10126000F8BDC0468C760020B4750020B0B50446A9
:10127000002900D10D490868A0600025E56065607F
:10128000496821600221C943084201D0042000E0DE
:10129000012007F05EF8002801D0E06003E020465E
:1012A00007F09EFD0C252846B0BDC046E8DE0200D2
:1012B000F8B50F4FFF26350204F06AFE04463F687A
:1012C000002F0CD036B20C20385E864200DB06467A
:1012D0002DB20E20385E8542F1DC0546EFE730B2D4
:1012E00029B201F095FA204606F08AF8F8BDC0460A
:1012F000F46E002070B504460E4E30684178072524
:101300000C2915D1C06D002806D11C2008F06EFCF8
:101310003168C86500280BD01022214606F098FEDF
:1013200004F0C8FB3168CA6D90760D204870002526
:10133000284670BDAC7D002080B5017A0F2908D801
:101340000C490968896E3322895C012901D1062084
:1013500080BDE8F7E9FA182808D0002808D1064827
:1013600000780421F2F7F4FB002080BD032080BD4B
:10137000082080BDAC7D00205E70002010B50028E4
:1013800003D0011F0A68002A00D410BD0838036882
:10139000002BFAD10123DB079A430A60074C626AEB
:1013A000521C62620968226C51182164FFF714FB19
:1013B000E06C401CE064EFF73FFC10BD8C76002031
:1013C000F8B515460E4604460746443706F0ACFE0F
:1013D0004420205CFF2801D1002038707878FF2855
:1013E00001D10020787007F005FAA06B002805D124
:1013F0002046243031462A4601F028FA2046F8F7E4
:10140000B7FBF8BD0021016041608160C160704799
:10141000EFF309800E4B1A6820381060F0C0444684
:101420004D4656465F46F0C008B572B6F7F73EF82F
:1014300062B60CBC116808681030F0C8A046A94616
:10144000B246BB4680F309882038F0C81847C0462A
:101450000C7F002070B5062B1BD31D461446049E3E
:10146000107851780902081830809078D1780902F4
:101470000818708002223271701D211D06F0E8FDEF
:10148000A91F88B23181002800D0A01DF060002083
:1014900070BD042070BDB0B504460020062C18D3E2
:1014A0001925ED01AC4214D8062912D3A94210D84F
:1014B000A1420ED394087C2C0BD80A2B09D3AB4243
:1014C00007D8D800521C92B24A435100814201D33E
:1014D0000020B0BD0120B0BDF0B591B06C464121F7
:1014E000204606F0C6FA2046FFF738FE0646651C81
:1014F00020272846394605F07DFA21342046394612
:1015000005F078FA002E00D01F26304629462246E4
:10151000FAF7B8FA002011B0F0BDF8B51C46154630
:101520000E4607460B2007F0BFFF002815D068467F
:101530000C210822FFF77CF800280ED00699009AAB
:1015400017705670330A9370D5701471230A537153
:101550009171090AD171FDF729FBF8BDB0B50546B7
:101560000078A02810D0942809D00024922814D103
:1015700068783E2811D1284600F02EFD02E028466A
:10158000E9F748FB044608E02846F1F7E7F9A868C0
:101590000124002801D0F3F7FDFF2046B0BDFEB5C1
:1015A00000AC0EC4014600252846AEB2CF6FB7424C
:1015B00015D9B600019A97593C0C029A93591A0C06
:1015C0009BB2BFB23818C318180C12191218100C9D
:1015D00012049BB2D218009B9A516D1CE5E7FEBD28
:1015E0000CB4002916D44A00520D03231B02FF330A
:1015F000D21A0FD31F239A1A0FD3C9020123DB0774
:101600001943D1400B2A02D21532D04001430800C1
:101610000CBC704700200CBC70470020401E0CBC66
:10162000704770B504461E20002C19D0217800297F
:1016300016D000252E468E4210D2207961790902FB
:101640000818A1790904E2791206511808184019FE
:1016500005F000F9761C21780835ECE70020607071
:1016600070BD7CB514460A4605460020019001A9CC
:10167000104605F02FF9012812D10C2008F062F86D
:1016800000280DD006460580019870603472032052
:10169000314603F0DBFE002802D0304608F046F861
:1016A0007CBD704710B586B00C46002812D001A949
:1016B00007220A800A4A13460F3302931C230B8128
:1016C0001346343304931832059203F0D3FE002CF2
:1016D00003D103E0002C01D00120207006B010BD22
:1016E00028790020F8B50446002901D00D4600E015
:1016F0000B4D2878002601280FD0276804F048FCFD
:101700003978002902D005F07BFE06E0012139700E
:1017100005F076FE2878787026463046F8BDC0463B
:10172000BCDC0200B0B5054602200E2D14D80C46D4
:101730000A498C4210D00E2D07D0022D08D13C2032
:10174000604380B205F040FE02E0E0B205F0DAFD51
:10175000680003490C520020B0BDC046FFFF0000E6
:10176000DC7B00201CB504460D4801A9224603F08D
:1017700095F8002805D12078B02802D1607800289B
:1017800000D01CBD20791B2804D01228F9D1607C20
:101790000128F6D16088012104F030FC1CBDC04650
:1017A000651702001CB50820014607F001FA0C4C31
:1017B000A061002812D00021CA436946FEF788FDC7
:1017C000002809D101980099002804D08847019881
:1017D00006F09AFA00E08847A069ECE71CBDC04615
:1017E000206D002070B504460B4800680B490E1DA3
:1017F000804700253668002E09D0012C02D0002C2D
:10180000F8D102E0317A0129F4D16D1CF2E70449E4
:1018100009688847E8B270BDD07D0020207D002097
:10182000D47D002010B5F3F755FF0324002812D112
:10183000F1F7F6FE00280ED10848017A427A12022A
:101840005118827A1204C07A000680184018007875
:10185000034908700024204610BDC046C0D80200CD
:101860004A700020F8B516460D4607460C2004F0D5
:10187000BDF8002810D00446084820808220A070BF
:10188000A780A671E01D0522294606F0E1FB044869
:101890000078214604F070FEF8BDC046913E00007D
:1018A0003F70002010B588B0002207920692059282
:1018B000049203920292019200928B7804AA5373CD
:1018C0004B7893730978D1736C4611462246FDF725
:1018D00095F9607B0004A17B09020818E17B4018A0
:1018E00008B010BD1CB50C490A8869460A8000245E
:1018F0008C700A4A105CC87008714C71CC80084624
:1019000005F008F80346064A2046214601F01AFF72
:1019100004F070FC1CBDC0468267002043E002005A
:101920009CD3020070B50446481D85B22046294666
:1019300007F056F9FD2208F095F80C20604308499D
:101940000E18707E00280AD0163602252046294639
:1019500007F046F9FC2208F085F80020F07070BD11
:1019600024670020F8B515460E4601460320C04303
:101970008F6899197A68914211D81C4608498A687B
:10198000C11C104601F094FF386881192846224690
:1019900008F044F90248806804F074FC0020F8BDA7
:1019A000C47D002010B502280AD001280DD10B48B3
:1019B00006F0FAFA04460A4806F0F6FA844205D21E
:1019C00005480021012202F0AAFD10BD02480021B5
:1019D000012203F063FD10BD577000205189020001
:1019E000B993020070B505464879401E8B260F2832
:1019F00013D30C460A48006888420ED007F070FCEA
:101A0000A0420AD0261DE5602846214603F06CF965
:101A1000022801D107F022FE7678F0B270BDC046F0
:101A2000806B0020002817D00C4A53698B4201D1EB
:101A3000002104E00A498969591A41600121417075
:101A4000118A81701188018151884181D188817307
:101A5000118981815189C1737047C0467C2009403A
:101A600060660020B0B504F093FA0C49CA68930888
:101A700053405A008C68CC604C688C600C684C6099
:101A8000250155405D4065400D600A69044BD21840
:101A90000A61AC1805F0B4FC2046B0BD686D0020AA
:101AA000C587050010B50B4C20700B490A78FC2344
:101AB00013400B7007F084FB2078062104F0B0FA85
:101AC000064804F0A5FC0648FF2141700021017082
:101AD00010BDC0465E70002042750020055B02000C
:101AE000D8690020F8B500260D4D37466C7DA74219
:101AF0000AD2A86A8019FF21062205F0E1FA00281F
:101B00000BD17F1C0836F1E72878002806D0286A18
:101B100004782046ECF75EF900E03C46E0B2F8BD00
:101B200060770020B0B586B004466B46012018806F
:101B30000A4858800220187159712A209871084D5E
:101B40002A782046194600F0C1FA162803D12978D0
:101B5000204602F011FF06B0B0BDC046FFFF0000F6
:101B6000CF6E002010B50E490B461C3300242246D0
:101B70001C68002C12D0238983422346F7D12068A9
:101B8000002A01D0114600E01C310860606800287E
:101B900001D008F033F8204608F030F810BDC046F8
:101BA0006077002070B50C4605460846FFF72CFA12
:101BB000002814D0062003F019FF00280FD0064695
:101BC0000021062206F0D6FED020307075700E205F
:101BD000B070B48002480078314604F0CDFC70BD8E
:101BE000DA7A0020B0B50E48007807F080FC054690
:101BF00008F0CFF80C2401280FD008F0C8F801280D
:101C00000BD0002D08D0686E002805D0297A012954
:101C100002D1807C002800D100242046B0BDC046FF
:101C200033700020F8B50C4606460C480068804723
:101C30000546204604F096FA002807D0074607F02C
:101C40009DFF3046394606F007F9F2E7204606F0D8
:101C5000B9FC0348016828468847F8BDD07D0020BC
:101C6000D47D0020F0B50D494B780D490A68012B51
:101C700004D11178814201D1FF210DE05C1E0025C5
:101C8000EEB2FF21B44207DD975D6D1C8742F7D1AC
:101C9000701C984200D0115C0846F0BD346F0020E3
:101CA000A06F0020B0B505460A480078A8420ED9BA
:101CB0000C4609480068804708490968AA008B5803
:101CC000A3438B500649096888470020B0BD032014
:101CD000B0BDC046C6E00200D07D002014700020D8
:101CE000D47D002070B50D4606460D48006AC068D8
:101CF000C468201D05F01EF92820205C410705D48A
:101D000021462831FA221040087004E0204631466E
:101D10002A4603F0A7FE216A2046884770BDC046C8
:101D2000B4750020BFB50C4D286800280AD06C4659
:101D3000204600F017F828680178C088002903D0F1
:101D4000074B02E0012004E0044B07212246FCF788
:101D500073FD04B0B0BDC046AC7D0020979002007A
:101D600089900200B0B504460D480068002810D0E4
:101D7000816E00290DD00D46983508889531208058
:101D8000201D097808F0C2F8287920722868E060E0
:101D9000B0BD00211022204606F0ECFDB0BDC046CB
:101DA000AC7D0020B0B514460D46FFF72DF9002894
:101DB00005D0817C082904D109498A6803E00821FB
:101DC0000BE007494A680521002A06D01368002B5A
:101DD00003D029462246984701460846B0BDC04672
:101DE000AC7D002070B50B460121CC071C430C4B89
:101DF0001D68AC6144681D68EC61A5681E683562A9
:101E00001E6818366E601D681835A5601B689862DC
:101E100003685B1C03601046F6F708FB70BDC04604
:101E20000C7F00201CB50A0017D000230124E40712
:101E3000A04200D20400944201D95200FBE7904234
:101E40005B41904200D3801A914201D25208F6E7DA
:101E500019000200080011001CBD0100002008F05C
:101E6000A4F81CBDB0B50A7802704A7842700A889E
:101E7000022A06D0012A11D1821C8B1C04210324C2
:101E800007E08A788270CB78021DC3700B1D062193
:101E900005241D7815705A78025500E00221084685
:101EA000B0BD70B50E46044606F0A2FF0546606858
:101EB000A168A84203D1022901D12D2070BDE0689C
:101EC000012903D1314603F04BF902E03146ECF72A
:101ED00015F8002802D06560002070BD912070BD0B
:101EE00070B50E460446102003F080FD00280AD08D
:101EF0000546A0202880281D002E06D00C22314641
:101F000006F0A6F805E0012070BD00210C2206F0C5
:101F100031FD2046294604F02FFB002070BD70B52E
:101F2000FF22002818D0002916D0001D0022FF240F
:101F30001346102A0FD00588ED070DD08E5CDBB25A
:101F4000B342154600D32546B34200D83346521C4F
:101F500008302C46EDE72246D0B270BD70B5C0B255
:101F600007F0CCFC0024002815D00546C0890828BD
:101F700011D346081421FFF755FF04460A213046C5
:101F8000FFF750FF002900D0641CC3204000285AEE
:101F9000A04200D80024A0B270BD10B55C1EA341C1
:101FA0009B00022805D0012809D1D01880002C30D0
:101FB00010BDD018801C002905D0042204E0D018E0
:101FC000C000503010BD06229040D7225200002998
:101FD00000D1A232101810BDBCB5054601A80124DD
:101FE0000470A87808280DD0052811D1A88806F01B
:101FF000B8FC04280DD101AC2846214607F0F2FCBC
:10200000247806E0A888A979F3F72EF9044600E0C1
:1020100000242046BCBD704770B514460E460146EC
:1020200005682A66EA656A6640680278084803F02F
:10203000C5FE012E06D10021012328462246E6F7DF
:102040007FFB70BD28462146F2F7D0FE70BDC0462A
:10205000F5B30000F8B5828801AB1A80827B9A72D2
:1020600000290AD0C18801AA518001899180418943
:10207000D18080891081012000E0002001A9C87270
:10208000024805F091FFC0B204B080BDD93901000B
:1020900010B5044607F05AF90021102205F010F897
:1020A000012806D103201021224605F0B7FB0028A5
:1020B00000D010BDFF211022204605F001F80028B5
:1020C000F7D101202146FBF7A7FE10BD7CB51446D1
:1020D0000D4606465020114601F022FF00900948A7
:1020E00001A932462B4602F0D9FB002801D0019805
:1020F00005E00022304629462346F9F793F9C0B29D
:102100007CBDC046CD20020070B50023DC435509DC
:102110001F231340EAB292008958D94080254559BF
:102120002646AE40B143ED18212D09D3006C80182E
:102130004068203DAC40A0432022D21A9040411874
:10214000C8B270BDB0B50B4D2C1D204606F0A0FDE9
:10215000082001218902E860296107486860074872
:10216000214604F0A1F82860002801D00020B0BD6D
:1021700006F0D8F9206D0020E9DD0200A517020065
:1021800070B514460D4606460C2003F02FFC0028BF
:102190000DD0014607480880022008714E80CD808E
:1021A0008C600548007804F0E7F9002070BD13202A
:1021B00070BDC04690FF00004770002010B5044677
:1021C0003D2007F071F9002811D0172007F071F9B0
:1021D00000280CD0062003F009FC002807D0014697
:1021E000034808804C800348007804F0C5F910BD0E
:1021F000905700003F700020B0B50C4605461320F4
:1022000007F04DF900280FD0082003F0EFFB00285D
:102210000AD0014605480880142088708D808C7192
:102220000348007804F0A8F9B0BDC046913E000014
:102230003F700020F8B505460C4F3878002810D0C4
:1022400014460E46062003F0D1FB00280CD00146B0
:10225000902008704D704E808C80387804F08CF996
:10226000F8BD2846FDF7EEF8F8BDC04640700020E6
:10227000F8B50C4605460C4F38780026C1B2F2B2CC
:102280008A420ED81E215143625CFF2A07D0611892
:102290000D312846FEF7CAFD002803D13878761C98
:1022A000ECE7FF26F0B2F8BD5870002000280CD0F3
:1022B0000C4B1B78012B0AD1012904D14079C02194
:1022C000014040290CD0042002E0FF20704700208C
:1022D000012A01D102210843022A00D108307047A7
:1022E0000120F5E73C6F0020B0B50A4D0120E864FD
:1022F00009490A4A0A6102F0B5FC03F049FE0446A6
:102300002868000402D4064803F044FA204605F089
:1023100077F8B0BD44100040807A0020354F0100AE
:102320000202000010B5094C207800280CD10848A2
:1023300000210160416007480749084AF7F7DAF8C9
:1023400007F048FC0120207010BDC046617F0020CE
:10235000446F0020AD270100E5FA0000818D0000E8
:1023600010B5094C6078002803D1084804F082FCBD
:102370006078401CC1B26070814204D004480549B5
:10238000054A00BF00BF10BD446F0020A5E5010055
:102390004CD7020047C90200A2020000B0B50546B2
:1023A000232003F023FB002812D00446C220207013
:1023B000E87860700121A170002804D1E01C291D7B
:1023C000202205F045FE03480078214604F0D4F8A9
:1023D000B0BDC0464375002070B5054603F0D8FD7A
:1023E00004460A4E7561F068012D0AD1002808D014
:1023F0003078002805D10648006DFDF7BBF80120B4
:102400003070204604F0FCFF70BDC046B47500205B
:102410008C760020B0B503F0BBFD0446094D28784A
:1024200000280BD1F8F75AF907490C2004F008FFEF
:1024300006480168C907FCD001202870204604F036
:10244000DFFFB0BD607F0020818B01003460004061
:10245000B0B5012816D154680B4D5220205C0028DD
:1024600001D0294600E0691C2420205C0022F6F7F8
:1024700025FEE069012805D12C20205C691C002282
:10248000F6F71CFE0020B0BD00040020B0B50B48DC
:1024900005680B4CA068284003D0E168002900D0F3
:1024A00088472068284003D06168002900D0884709
:1024B0000448006807F02EF9B0BDC0464C600040EB
:1024C000507D00204CDE0200B0B505460A48006889
:1024D0000A490C1D80472468002C07D0214608318A
:1024E000A942F8D8A2888918A942F4D304490968F6
:1024F00088472046B0BDC046D07D0020607E0020C9
:10250000D47D0020020A53425341FF2800D80246DE
:102510000F2A01D8114600E01109D8000F2A00D86F
:10252000001D032901D80A4600E08A08032900D8C3
:10253000801C022A01D3002100E0012140187047CD
:102540007FB50446FEF760FD417901220A4002ADE5
:10255000AA71811D0622284605F07AFDA97900237B
:10256000009301AE2846324606F0F9FC3078EBF7CE
:1025700031FC05212046FCF7A7FE7FBDF8B51C46BF
:1025800015460E4607460C2003F030FA00280FD0FF
:1025900001460698D0220A704F7018228A70CF70B8
:1025A0008E80CD800C8148810248007803F0E4FFE2
:1025B000F8BDC046DA7A0020F8B51C4615460E462E
:1025C00007460C2003F012FA00280FD001460698A7
:1025D000D0220A704F7007228A70CF708E80CD8013
:1025E0000C8148810248007803F0C6FFF8BDC04660
:1025F000DA7A0020F8B5069EFF2E16D017460C4654
:10260000054600930346083308481E22294606F073
:102610001FFD6E72AF7000986860002C05D00C35FD
:1026200018222846214605F013FDF8BD7329020043
:10263000F8B5002813D004460948017800270A4D50
:102640003E468E420BD207480068C0194288AA4213
:1026500002D0A04702480178761C3837F1E7F8BD70
:1026600049700020D06F0020FFFF000070B50146C8
:102670000B480078C21D0B48C36800200446E6B230
:10268000B2420BD91C2575435E5B8E4203D15D19A6
:10269000AD78012D01D0641CF1E7012070BDC0466A
:1026A0004D700020306E002070B501460B48007858
:1026B000C21D0B48C36800200446E6B2B2420BD9E3
:1026C0001C2575435E5B8E4203D15E19B678012EE0
:1026D00001D0641CF1E7581970BDC0464D70002050
:1026E000306E002070B50446000515D50B4E3088BD
:1026F000FF280CD0C0B207F001F9002807D005462A
:102700008079162100F0F8FA2846EAF7ABF8FF20A6
:1027100030800120C0028443204670BD307F0020FD
:10272000F8B515460E4607460A4800688047044635
:10273000384631462A46FEF733FD002802D00561AF
:10274000002500E0082504480168204688472846FF
:10275000F8BDC046D07D0020D47D002082B001A805
:102760006946FBF7ADFB002800D0FEE7074C084D9B
:10277000084E204607F006FA204601F081FD287831
:10278000401C28703068401E3060F2E794690020D9
:102790006C7F0020FC6F0020F0B585B004460C482B
:1027A0000068002812D00178C288C37807465837DD
:1027B000E0CF406E00950196029703902046ECF71B
:1027C00083FDF7F71BFF204603F088F905B0F0BD45
:1027D000AC7D0020B0B504460C4D286841780E2928
:1027E00012D1006E002806D1172007F0FFF92968E2
:1027F0000866002804D01022214605F029FC29682B
:102800000F2048700020B0BD0720B0BDAC7D002077
:1028100070B50C460B4D00210B4E715E814205DDFB
:1028200005F018F828680421014329600220305E71
:10283000A04206DA204604F0FFFF28680821014381
:10284000296070BD486000409E7E002070B54368DE
:102850000C4C2568EB619D68266835622668183641
:102860006E60256818359D602368986203685B1C5C
:102870000360002A01D00020C14308461146F5F745
:10288000D5FD70BD0C7F002070B50A480A4C84420B
:102890000CD00A4D0A4EB54208D02A686968501C0F
:1028A00012789200A25890470835F4E700BF00BFA5
:1028B00070BDC0467CE5020070E50200A4E50200A0
:1028C000D4E50200B0B50A4603460720C443486871
:1028D000810702D191688D0701D02046B0BDD26832
:1028E000E41D002AF9D00F251540F6D11B7E042BDC
:1028F00003D005F06DFD0028EFD00024EDE710B502
:10290000062B03D0142B15D1102300E002230298CC
:102910000371117854782402611801809178D47879
:10292000240261184180401D111D1A4605F090FBDC
:10293000002010BD042010BDF8B50F46044603F07A
:1029400027FB05466168A0680E1ABE4200D33E46CA
:102950003718A760E0688019FFF764FAE1606069E2
:10296000874200D807466761284604F049FD304693
:10297000F8BDBCB5002818D00446007AFF2814D052
:10298000607A2188A378002500951722FBF73CFC8C
:10299000A078182804D101A90D70208805F00CF941
:1029A000FE2020722046F6F7E2F9BCBDFCB4020C12
:1029B0000B0CFF242402FF34204021400C00444330
:1029C00015005D4306005E430F005743320C3B0C7D
:1029D000A818C01832043B040025A1186841C91882
:1029E0006841FCBC70477047B0B5044600680246B9
:1029F0004932002900D109494B78492543554B6894
:102A00000364012353700B788A681946F8F7AAFE0D
:102A1000002800D000242046B0BDC0466CDC020077
:102A2000B0B50D460446102105F0B7FB06CC0020DA
:102A3000083C491942410346434106C4083C012B66
:102A400005D1A168E268491C4241A160E260102101
:102A5000204605F0A2FBB0BD7CB504468E08084DAB
:102A60000849284606F0ECF900960121064B284655
:102A70002246F6F76BFE0548102101607CBDC0467A
:102A800040040020008000EA24000C40286002403E
:102A90007CB504468E08084D0849284606F0D0F952
:102AA00000960121064A28462346F6F74FFE0548C0
:102AB000202101607CBDC04650040020008000AE93
:102AC00028000C4028600240BCB50C4605468878BA
:102AD000411E0220012910D8218800290DD06268EA
:102AE000002A0AD00221104603F042F9009003495F
:102AF00005222846234600F087FABCBD597B020018
:102B0000B0B50446006803222146FDF7C5F92068E8
:102B10000125A905884206D160688069002805D092
:102B200006F004FE2068E907884204D060680028A7
:102B300001D006F0FBFDB0BD10B5002809D1022977
:102B400007D309491031094C0020224601F0C4FF87
:102B500004E0C80701D0034C00E0014C204610BD42
:102B6000546F00205C6F0020046D00204C6F00202B
:102B700010B50B4CA04207D003F026FC002802D071
:102B800004800021817010BD0020064A137898420D
:102B9000F9D20C8000238B70401C091DF6E7C0465B
:102BA000FFFF000049700020B0B50B4804680461C5
:102BB0000A4D002C0FD02046FAF786FA1F2141401B
:102BC00001208840844368688A008258002AF0D037
:102BD000C8B29047EDE7B0BD54300240CCDC0200F3
:102BE000F8B51C4615460E46074607F0F4F80028CF
:102BF00001D00C2408E006980090384631462A4659
:102C00002346EDF7E7F9044602492046FBF7A6FF05
:102C10002046F8BD32200000F8B506F085FB0446DA
:102C200000250A4E05F088FCFF27062D0AD03188C2
:102C3000002907D071680968A14202D010366D1CC6
:102C4000F3E72F4605F033FEF8B2F8BDC466002066
:102C5000F8B50D467D21CA0000242146234603F025
:102C60002DFD06460F4607F030F80246304639463D
:102C7000234605F0D3FDC20F0A4302D00220C4430D
:102C800000E028602046F8BD70B508CAC46F641C17
:102C9000A34200D323460C461D46002D03D040CA54
:102CA00040C46D1EF9E79A0089181A46C46F641C67
:102CB000A24203D2002410C1521CF7E7184670BD8F
:102CC0000F2806D00E280BD1094801680122D20630
:102CD00003E007480168012252060A430260704778
:102CE00010381F2803D80121814002480160704735
:102CF00004ED00E080E200E0B0B50C460546082097
:102D000002F074FE00280AD001460748088000201F
:102D100088708D808C710548007803F02DFC284662
:102D2000214607F04EF8B0BD910500003F7000202D
:102D30000B4801780020112911D10A49096800299E
:102D40000DD00A7A012AF9D14A6E5278D206F5D509
:102D500042228A5C02231343032BEFD101207047E8
:102D60004C700020247D0020B0B504460B4D062198
:102D7000204605F054FA2068411C05D0002808D1EF
:102D8000A0880028F3D002E0A088A842EFD0000A73
:102D900000E06079C02101436171B0BDFFFF000018
:102DA000B0B514460A4601461220012C0FD801295D
:102DB0000DD8002A0BD0074D2868F4F7ABFFFF2889
:102DC00006D029681E224243881844770020B0BDEF
:102DD0000220B0BD04700020B0B504460588084646
:102DE000114604F0CDFF094969180A290CD8C046DC
:102DF0007944097949008F44050505050707070748
:102E00000505050031342070B0BDC046FFEFFFFF5F
:102E100010B5014601200B4A54680B689C4202D051
:102E2000002B00D010BD94684B689C4201D0002B51
:102E3000F8D1D2688868824202D0411E884110BD14
:102E4000002010BDFC7B002010B5C1B200247F29FA
:102E50000ED008488068F2F7D9FC010C064A91426E
:102E600001D1012404E0054A9082D182FCF71AFCCA
:102E7000204610BDB06E0020FFFF0000FC7B00204C
:102E800080B50C4881788900411809694A798B79A5
:102E90001B029A18CB791B04097A0906C9188918EC
:102EA000C0780C22424389184968002900D088471D
:102EB00080BDC0462C7B00201FB50B48018801A8AF
:102EC000018019210A014280490181800024C480C7
:102ED000C8320281448100F063FF0346034A204662
:102EE000214600F02FFC1FBD8267002041D3020065
:102EF000F8B50E4607460B494868002807D0144627
:102F00001D46804707492B462246002808D088687E
:102F1000F90289190424009405F0E8FFC00FF8BDF8
:102F20000B20F8BDD878002003220A40022A04D0E2
:102F3000012A07D1B02104220FE00422114004D05D
:102F4000062203E00522910107E00822002902D0B1
:102F5000E721C90001E02D21890190404018704708
:102F600010B5094C6078002805D108480849094A7D
:102F700000BF00BF6078401E6070000600D010BD2A
:102F800004F0FAFF10BDC046446F00204CD7020089
:102F900047C90200AB02000070B50A4D2A6D00243B
:102FA00082420DD2032082432A6507480668B11A7F
:102FB0000648801801F0AEFE002800D070BD2E65D6
:102FC000204670BDC85C002080E00200346C002008
:102FD00009480068C003411508484843062906DC33
:102FE00008494018C117890A4018801502E00449B1
:102FF0004018800D00B27047306000401CB21000D5
:103000007785B4FF778574FFF8B51E4615460446EC
:10301000069800902046EEF7D5F8074600280AD11A
:1030200006480268002A06D0012D01D13078451CDF
:10303000E9B2204690473846F8BDC046C87E002019
:10304000B0B50446002901D000250BE0094910461F
:10305000FEF7E8FE08462146FCF710F9002806D0E6
:1030600005460121204603F0A4FF2846B0BD0025F7
:10307000FBE7C04640420F0070B504F05FF9002442
:103080000A4D2646687D86420FD2A86A0019FF21A4
:10309000062204F015F8002804D1A86A01198879DD
:1030A00003F078FC761C0834ECE770BD60770020F4
:1030B000F8B5009316460C460546102002F096FC23
:1030C000002810D00746D02038800920B870FC7046
:1030D000381D0622314604F0BBFF0098F8602846F0
:1030E000394603F049FAF8BDB0B5002813D00446BC
:1030F0004088012103F0B0F9E06A002801D006F011
:103100007DFD002538222046294605F033FC034882
:103110006080257100E002252846B0BDFFFF000059
:1031200070B50C4605460A4E3068002808D109489B
:1031300001780620484306F059FD3060002805D08C
:10314000062255434019214604F082FF70BDC04657
:10315000906F00204970002010B506F0CFFB0021D1
:10316000002810D071229200835CDB070BD08418FA
:10317000064907220A70052102F024FC2078FE216E
:10318000014021700121084610BDC0464C7000204E
:10319000B0B50146C0680A680A4B1C68A04200D15D
:1031A000196003680B608B888C6885888D808380AC
:1031B00083688B6084600260C268CA600021C1605D
:1031C000B0BDC046F06F00200B4800780B4949683D
:1031D00000280CD0752292008A180B79012B02D19D
:1031E0001378032B05D01832401E1146F0E700205B
:1031F00070470868008870474D700020346F0020C9
:10320000B0B50C460546002028720A480078002810
:1032100002D0281DF2F7B2FD2846FBF757FE432CDB
:1032200001D03C2C04D1FF2228462146F8F7ECFDC2
:10323000B0BDC0465070002010B5002804D0044630
:103240000720C043844205D3FCF7EAFA1621016047
:10325000002010BD08342046EFF73CFA002803D0C8
:1032600000604460083010BDFCF7DAFA0C21EEE78C
:10327000B0B5054608480068804704460748C0685E
:10328000A84203D10648006805F01BFE0548016806
:1032900020468847B0BDC046D07D0020307D00204C
:1032A000E86F0020D47D00200024204606F083FE35
:1032B0000848C268084B083308490120F5F73AFF6F
:1032C000002801D005F02EF9E7F708FFE043FCF7EE
:1032D000BBFEF9E7307D0020107D00207132020036
:1032E00070B50D4606460A480068804704463046D9
:1032F000294604F069FA002802D00025856000E024
:1033000006250448016820468847284670BDC04607
:10331000D07D0020D47D002010B541600061914235
:1033200006D90A4C20349A4208D2994206D30BE0BF
:10333000D11A8269914207D2044C2434011D2068BD
:1033400001F077F9002010BD012010BDB4750020F8
:1033500010B50C4C2068002812D00078002801D04D
:10336000A06800E06068002803D04068002800D012
:10337000804720684078122802D10020FFF70CFA1D
:1033800010BDC046AC7D002010B50C4C2068002854
:1033900013D0806F002801D006F030FC402006F0EA
:1033A00025FC21688867486F002801D006F026FCBC
:1033B000902006F01BFC2168486710BDAC7D002002
:1033C00010B50B480168FF2213040B43036001682A
:1033D00012060A43026002F0E5FB0648002404607E
:1033E00000F09EFBF5F762F805F0CDFA204610BD1F
:1033F00020ED00E0207F002070B500228156002AD9
:1034000009D0102A0CD08418835CDD09641E26784C
:103410007519257000E003785B008354521CEEE7B9
:10342000C90987220A40C17B5140C17370BDF8B5FC
:103430000424002914D01546064607785780022F29
:103440000ED3481E009080B2B9B2FEF7EBFC4743A2
:103450000099C91B090403D12880701C68600024EE
:103460002046F8BD7CB514460D4606467D20C100B9
:103470001846FEF7D7FC0090012230462946234625
:10348000F0F78EF92840A84201D1014600E0002162
:10349000002C00D1014608467CBDF0B500280FD0B5
:1034A00008C8102B00D310231C46002C0DD060C878
:1034B00055400F46083760C1641E00303946F4E7B6
:1034C000002302E00A6008315B1C102BFAD3F0BD28
:1034D00080B50146F939052913D88820794409793E
:1034E00049008F440F020608040C872080BD82200B
:1034F00080BD892080BD0320F5F70CFF80BD8A20A8
:1035000080BD802080BD7CB505460020002D06D002
:103510001C46002B03D0002902D1002A00D07CBD1C
:10352000002901D0002AFAD0069B46200126265405
:103530000094284603F04BF920467CBDBCB50546F7
:103540000879022807D10C46C868002805D0072151
:1035500002F00EFC02E00220BCBD002000900349F6
:10356000062228462346EDF72DFEBCBDFD53020082
:10357000B0B506240A49204605F08CFF00212046FC
:1035800004F0C6FF0125284605F0EFFC2046294639
:1035900004F0BEFF2320000105F0E7FCB0BDC046EB
:1035A00001040020F8B50848806A0190074802909D
:1035B000074803900748009068460121F9F7C0F9D1
:1035C000FEF7C0FD8FBDC04670D30200DC050000D1
:1035D000787C00208D78020070B5044600250A4EE4
:1035E00004F0AAFF062D07D03188002904D08C42B0
:1035F00006D06D1C1036F5E705F059F9FF2501E0FE
:1036000005F055F9E8B270BDC466002070B50446F7
:103610002F20C64304F090FF0849324600250C32A3
:1036200008D08B191B6B002B04D09C421646F6D198
:103630008D18243505F03BF9284670BDAC6B002091
:10364000082A15D10A784B781B029A1802808A78CA
:10365000CB781B029A1842800A794B791B029A1880
:1036600082808A79C97909028918C180002070474F
:1036700001207047F8B514460D460646082738461F
:1036800002F0B4F900280AD00146054808808F707E
:103690008E808D71CC710348007802F06DFFF8BD0B
:1036A000923E00004170002070B50C460546082689
:1036B000304602F09BF900280BD0014605480880EF
:1036C0008E708D808C710120C8710348007802F0E3
:1036D00053FF70BD923E00004170002010B50124E0
:1036E000FF2810D0094909681E2213464343CB180E
:1036F0005B7F002B07D1424388180D3004F084FD16
:10370000002800D10024204610BDC04604700020CF
:1037100003290BD0022905D001290FD150430830CD
:103720000009704750431030400970475043044926
:1037300041430120C0040818000D70470020704765
:103740005555000081B0BEB514460A46079307A937
:103750000291084D6B686D78002D00D00A30009101
:10376000C1B21846234605F06CF8BEBC01BC01B0DE
:103770000047C0462C7B0020B0B50C460546002112
:10378000224604F039FB07480078002800D0B0BD7D
:103790007C2C01D10448C5700C20684302490818EC
:1037A0008475B0BDD878002024670020F8B50546A0
:1037B0000A4807680024002F0DD0B868284207D0B7
:1037C000FB683A690026284631469847002801D10F
:1037D0003F68F0E7F4432046F8BDC046FC6E002089
:1037E00010B5044602F0D4FB08490A5D521E0A5582
:1037F000095D002905D10121A140054AD3688B4309
:10380000D36003F0FDFD002010BDC046706F0020A6
:10381000807A0020B0B50D460446084611380749A5
:10382000884204D306480749722200BF00BF103DFA
:10383000658100202072E060B0BDC046FFFF00003F
:1038400074D90200C7C802001FB50222D243002962
:1038500011D00B78042B0ED18B6801246404A34291
:1038600009D84968DA0000230093019302930123E9
:10387000E9F7FAF90246104604B010BDF8B50C4657
:10388000054602F085FB0646E868401C6F6839462D
:10389000FEF7C8FA781AAA68BF1A874200D307460B
:1038A000286840182060304603F0AAFD3846F8BD6D
:1038B00010B504460A480068C00505D0002120461E
:1038C0000A46F5F7BBFF09E07D20C2000846114615
:1038D000FEF7A8FA01462046EAF710FB401E10BD8D
:1038E00004ED00E0F8B505460768466802F050FBB5
:1038F0000446787A00280BD02846F8F78BF9304632
:1039000002F0E4FC00262846314605F089FE7E726E
:10391000204603F075FDF8BD10B504280FD1112421
:103920002046F9F795FE0748FF2181620121816455
:10393000054A1268426001602046F9F75DFE0020EA
:1039400010BDC046046002408CE002000A498A6D46
:103950000020002A00D07047084A936A002BFAD151
:10396000D36A002BF7D1486CD168491E884201D038
:103970000120704702207047B47500208C7600202B
:10398000B0B514460D4604F0ECFF042801D10848F8
:1039900000E0064801680120002905D00A68002AD5
:1039A00002D0284621469047B0BDC046007F002087
:1039B000047F0020B0B50446C568002D0CD0E8682F
:1039C000002801D0F1F7E6FD6869002801D0F1F781
:1039D000E1FD284606F012F900211022204604F0ED
:1039E000C9FFFF206072B0BD10B5001F0C23434318
:1039F0000948C318588988420CD15868002809D052
:103A0000FF2A02D00178914204D11C1DF1F7C2FDBA
:103A10000020206010BDC046C86A0020B0B5014635
:103A20000948026809480378002004469C420AD2EB
:103A3000002A04D015688D4204D0D26800E000222C
:103A4000641CF3E71046B0BDF06F002050700020FA
:103A500070B5014609480078C21D0948C3680020B6
:103A60000446E6B2B24207D91C2575435E5B641C6E
:103A70008E42F6D15819807870BDC0464D70002036
:103A8000306E002070B50D46064609480068804734
:103A900004463046294603F097FE002801D04568C9
:103AA00000E000250348016820468847284670BD8D
:103AB000D07D0020D47D0020B0B50C4605460948D5
:103AC0000068804721460C3900220A6029680029D5
:103AD00002D00D460C3DF9E72C6003490968884780
:103AE000B0BDC046D07D0020D47D002009498A6940
:103AF00009480068C36A0020002B00D07047074BBC
:103B00001B68012BFAD8002AF8D1086A4969401AC3
:103B10007047C0468C7600200C7F00200062002099
:103B20000B4A13681868203080F30988022080F35C
:103B30001488BFF36F8F3FBCAE4608BC04BC62B6AE
:103B40001847C046C046C046C046C046C046C046EC
:103B50000C7F0020F0B514688023C5580023651B36
:103B60001C465C410D600125EEB2C76FB74209D912
:103B7000B6009759E7191C465C417F1E5C418F5186
:103B80006D1CF1E7E043F0BD10B5042B13D3029890
:103B9000117854782402611801809178D478240235
:103BA000611841801B1F99B28380002900D0111D2C
:103BB0008160002010BD042010BD83B002900191EF
:103BC00069460020087082420AD00299095C019B74
:103BD0001B5C4B40009919436B461970401CF2E77F
:103BE000684601784842484103B0704710B51E222C
:103BF000002812D0002910D00422842A0AD0831869
:103C000000248452DC809C805C80FF230B7008328F
:103C1000491CF2E7102101600022104610BD70B56A
:103C200005460220002D12D00C4600290FD0601C42
:103C30000C21217020262946324604F009FA21344D
:103C4000203520462946324604F002FA002070BD95
:103C500010B50446084809490160E06A8121615CA9
:103C60000022FCF7D1F84434204603F05DFF2046E3
:103C700003F04EFF10BDC0462C000C4028002A0166
:103C800010B504460068002900D108494A6842641A
:103C90004922012383540B788A681946F7F762FD9D
:103CA000002800D00024204610BDC0467CDC020065
:103CB00010B504460068002900D108494A684262EC
:103CC0002922012383540B788A681946F7F74AFDA5
:103CD000002800D00024204610BDC0468CDC020025
:103CE000BCB50C4605460988022000290DD0626843
:103CF000002A0AD00121104602F03AF80090034948
:103D0000072228462346FFF77FF9BCBDCD96020067
:103D1000BCB50C4605460988022000290DD0626812
:103D2000002A0AD00221104602F022F8009003492E
:103D3000112228462346FFF767F9BCBD618E0200B9
:103D4000BCB50C4605460988022000290DD06268E2
:103D5000002A0AD00221104602F00AF80090034916
:103D6000092228462346FFF74FF9BCBD6F8E02009B
:103D700070B50C460546002631460846294602F035
:103D800099FD00280AD001460120062D05D0082DF6
:103D900003D00A6892682242EFD070BD304670BDF1
:103DA00010B586B00446018807486A4604F0FCF85E
:103DB000002801D0012003E00448214604F0F4F873
:103DC000C0B206B010BDC046DDFC01005554010074
:103DD00010B50121094A12880023121A18465342CD
:103DE0005341C4070C4600D11C46012C0B46F5D1AB
:103DF0000121084000D0FF2010BDC046DC6E00202D
:103E000080B508797F2807D07E280BD1074A082083
:103E10000021FFF797FC80BD0B89034A0820002191
:103E2000FFF790FC80BDC04694D70200C6D30200C5
:103E3000F8B5FF2810D0044604F060FB074E306848
:103E4000A700C159204605F025FB0025204629463C
:103E500003F03CFAB068C551F8BDC046CCDC0200A6
:103E60001CB501AA00241470064800885070000A8E
:103E7000907005480078D07004480421F2F760F88B
:103E800020461CBD1E7000204E7000200220000045
:103E90007FB5044608AE61CE00900195029620469B
:103EA00004F0A4FB03AA10705470200A9070034819
:103EB0000321F2F745F8002004B070BD2020000077
:103EC00010B50C46014609480078012801D13A2076
:103ED00010BD1220002A08D0FF2906D8002B04D0DC
:103EE000084619462346EDF73DFF10BD5C7F0020D4
:103EF000B0B505460120C4432888FFF76DFBFF28B5
:103F000009D00001054908188168002904D0284615
:103F10008847044600E0641C2046B0BDC46600200B
:103F20007CB50C46064602F005FD00280AD06D4619
:103F30002E8000206880AC7104488168284688473C
:103F4000002801D0FF207CBDE8797CBDD07D002019
:103F5000B0B505F0BAFE094C0025294622462B468D
:103F600002F0ACFB7D22D2002B4604F057FCA042AD
:103F700000D32046002900D02046B0BDFFFFFF7FC0
:103F800000200949242805D00A1800230B5093600B
:103F90000C30F7E700200549602803D000220A52C0
:103FA0001030F9E77047C046AC6B0020C4660020B3
:103FB00070B50668446804F0BFFA054605F0B4F928
:103FC000F9F754FF002806D0284604F070FC034897
:103FD0002146B04770BD05F06FFEC04670DE02009E
:103FE0000F2805D1094800680221014048087047A0
:103FF00010381F2805D804490968C140012008402D
:10400000704700207047C04600E100E010E000E08B
:10401000FF2803D00F280AD91220704707490878D3
:10402000091D002807D0002204C1401EF9E78000C6
:10403000024A1018416000207047C0460C690020F9
:104040001221020A0E2A0DD8074A1278824209D993
:10405000064949687B2292004243881840794142D0
:1040600041414900084670474D700020346F0020E0
:10407000B0B50446074800688047054606484068D2
:104080001022214603F0E4FF0448016828468847CF
:10409000B0BDC046D07D0020707D0020D47D0020C2
:1040A000074800210180074805218160016006481A
:1040B0000321816001600548012181600160704732
:1040C000042009400010084000200840003008404B
:1040D000002811D00246C01713464340181A20305A
:1040E000800941430120C0040818000D002A02D5B0
:1040F000414202480840704700207047FF0F00000F
:1041000010B50A4949680A0C030C1C46544380B296
:104110005043400889B259434908081801218903CE
:104120004018C00B2018401C400810BD707E0020B5
:10413000084909680A18084841680906890D006895
:1041400080001018054BC0188A4200DB401A006836
:104150007047C046AC110840C0100840002009401C
:10416000B0B50A4D0024EC702A69904202D002F0EA
:104170002FF80446A97888002818006969180A7A77
:104180000021F8F759F82046B0BDC0462C7B00202E
:10419000F8B504460026094F3978F0B288420AD2B1
:1041A00000216D4604232A4603F01AFE2878844233
:1041B00002D0761CF0E7FF26F0B2F8BD2D7000208B
:1041C000F8B514460D460646084FB8680021C943A5
:1041D000FFF76EFB304629462246F1F7B3FB044653
:1041E000B86802F04FF82046F8BDC046C47D0020F4
:1041F00010B5044608484461C068C0060BD401F0FD
:10420000C7FE06490A683F239B061A409C431219C1
:104210000A6003F0F5F810BD807A0020A410004079
:10422000FF210902014001221302994206D0002910
:104230000AD1C0B2054908183C3003E0C0B20349B6
:104240000818143000787047D04370472478002055
:1042500080B50A4A1178491E1170806D53689842E2
:1042600001D100205060080600D080BD05F098FE06
:1042700004F076FCFEF774FE80BDC046446F00205B
:1042800070B5044605462435C6697368002B0ED008
:1042900028783178884208D12873216AA26A984721
:1042A0002878E16A626BF8F787F80836EDE770BDA9
:1042B000FEB50C468D08019007462E46FDF7D2FB51
:1042C000002E02D001C7761EF8E70290A8000199DF
:1042D000081803210C4002A9224605F09FFCFEBDF0
:1042E000F8B50F46044601F053FE0546A068B842F3
:1042F000064600D33E46801BA06020698019616895
:10430000FDF790FD2161284603F07AF83046F8BDAC
:104310007CB50D780124022D0ED14D682E786D7874
:104320002D02AD19054EB54206D1069C022500941A
:104330000195FBF715F8044620467CBD02290000D4
:10434000074901220A705107064A1161064B18609D
:104350001068084310600548042101607047C0469A
:104360004D7F002044000840282102405820024090
:1043700010B504460948844209D0012908D0022911
:1043800005D10121204602F055F8002800D010BDCB
:1043900000212046EFF764FE10BDC046FEFF00007E
:1043A00070B50C460546084800688047064601CDB2
:1043B000214603F081FD2846214601F0E5FE034831
:1043C00001683046884770BDD07D0020D47D002034
:1043D000B0B50A49096809685D228C5C0122002396
:1043E000032C114600D319467525AD00405D84426B
:1043F00000D81A4611400846B0BDC046F06F0020F4
:10440000B0B5034601240025814208D98A422046DE
:1044100000D928469A4200D82C462040B0BD9A4286
:10442000204600D828468A4200D92C462043B0BDF9
:1044300010B50446100C01D0162409E007481146B7
:1044400002F018F92060002801D0002010BD1C24C3
:10445000FBF7E6F904600020C04310BDFFFF000039
:10446000E0B50A4909680068C90507D001A9F7F74E
:10447000FDFC002807D10020C0438CBD00210A4666
:104480000B46ECF7FBFF00208CBDC04604ED00E0BE
:10449000B0B5094C094D2888A04208D0FCF7B4FDFE
:1044A000002803D0017980220A4302712C80172052
:1044B000FEF772F9B0BDC046FFFF00004A7F002042
:1044C00010B58168094A1268914201D000240AE0BF
:1044D000C168491EC1600124002904D100210A4697
:1044E0000B46ECF7CBFF204610BDC0460C7F0020EA
:1044F00070B50C46406801780120022901D00025E2
:1045000000E04502042900D105020E263046294666
:10451000FFF72EFC002801D02560267170BDF8B58C
:10452000064600200090002E0FD014460D460F4680
:10453000002C0AD03078694603F086FB002D00D0AD
:104540003870761C7F1C641EF2E7F8BD10B5044677
:1045500004F00CFEFF21102202F0B2FD012806D16A
:1045600002201021224603F059F9002800D010BD86
:1045700000202146F9F750FC10BD70B50C460546E9
:10458000002000F027FF0646FDF72CFB002800D096
:1045900070BD012C01D9122070BD0123304629467F
:1045A0002246EAF789FD70BDBCB50D4603460320DF
:1045B0000090012000210A46FEF7A5FF0446002DC9
:1045C00007D0002C05D0002120460A460B46ECF708
:1045D00055FF2046BCBDB0B515460C46FCF714FD92
:1045E000002804D0002D04D00179214303E01520D8
:1045F000B0BD0179A14301714088022101F02CFF77
:104600000020B0BD70B505460220002D10D00C462C
:1046100000290DD0691C20262046324603F018FDE3
:104620002034213520462946324603F011FD002072
:1046300070BDB0B50C68621C07D002460832134644
:1046400052681568A542FAD901E003695A684A60C0
:1046500091608B60596008610168491C0160B0BDC0
:10466000B0B505460020002D0CD00C46002909D01D
:1046700005491022204603F0EBFC28782073687867
:1046800060730120B0BDC0461CDD0200BCB504460D
:10469000002100911E220B46ECF794FD05460028F0
:1046A00006D104480268002A02D01E212046904705
:1046B0002846BCBDC47E0020BCB50C4605464868F3
:1046C000002803D0032101F053FB00E000200090FC
:1046D00003491D2228462346ECF774FDBCBDC046A5
:1046E000618A0200BCB50C4605464868002803D024
:1046F000032101F03DFB00E00020009003491B2254
:1047000028462346ECF75EFDBCBDC046618A020028
:1047100010B5022B10D3029C207261721078517870
:10472000090208182080991E88B26180002800D0F4
:10473000901C6060002010BD042010BDBCB50C466C
:1047400005468868002803D0052101F011FB00E030
:10475000002000900349162228462346ECF732FD3C
:10476000BCBDC046717B0200BCB50C4605468868DE
:10477000002803D0052101F0FBFA00E000200090A2
:104780000349172228462346FEF73EFCBCBDC0461F
:10479000897B0200BCB50C4605464868002803D05A
:1047A000012101F0E5FA00E00020009003490D220C
:1047B00028462346FEF728FCBCBDC046BF9C02002D
:1047C000BCB50C4605464868002803D0012101F01D
:1047D000CFFA00E00020009003490F22284623462C
:1047E000FEF712FCBCBDC046C39C0200BCB50C4623
:1047F00005464868002803D0012101F0B9FA00E01D
:104800000020009003490B2228462346FEF7FCFBBC
:10481000BCBDC046C79C020070B5064601240848CE
:1048200086420BD00D46172908D304F0D5FCA842C8
:1048300004D33046294602F065FF0446204670BD89
:10484000FEFF000070B50C4640798000064908184C
:1048500006494558092630462946FFF789FA0028B7
:1048600001D02560267170BD3CD9020080FEFFFF9B
:10487000B0B51A460D4607480024214603F094FBC4
:1048800050202946FFF74CFB0146034803F08CFB00
:104890002046B0BD251702008591020082B07CB58C
:1048A0000C4606460692079302F044F80546002897
:1048B00005D006A901913046F7F70EFE2060284684
:1048C0007CBC02BC02B0084780B5ECF7A3FAFDF748
:1048D0000BFD0748016801220A430260EDF7DEFC88
:1048E000FAF704FAF9F7F0F9E4F72BFF80BDC046B8
:1048F0001400004010B5074807490180074C2046C6
:10490000FBF736FB002800D010BD0C342046FBF727
:104910002FFB10BDDC6E0020FFFF0000307C00206C
:1049200010B54468816860688968FEF7C1FF002897
:1049300000D010BD206804490422002304F073FB5A
:10494000606801F09FFC10BD957E002070B5144694
:104950000E46054601F038FD002806D105483146CF
:1049600001F032FD002803D005808470002070BD66
:10497000112070BDFFFF0000BCB50C46002501955D
:1049800001A900F082FC02280BD0172809D0019859
:104990002521415CFF2901D01520BCBD25300470C4
:1049A0002846BCBDB0B50C46054605F014FA0028F3
:1049B00001D00C2404E028462146F8F71DF80446EF
:1049C00002492046FAF7CAF82046B0BD06040000A6
:1049D00010B5044600200749FAF7C0F806484022FF
:1049E0002146F8F7D5FC401C01D03A2010BD072025
:1049F00010BDC0462620000099D4010010B5002447
:104A000007492046FAF7AAF8064821462246F8F751
:104A1000BFFC401C01D03A2010BD072010BDC0468D
:104A200025200000D91402007CB514460D4601462D
:104A300001A82A46FBF7FCFD00280AD00646002DF7
:104A400004D0019821462A4605F0E8F83046FAF7E6
:104A5000ADF87CBDB0B588B0044603F06DFD0546E9
:104A600001A8F6F7D1F9284603F021FF0198034980
:104A7000029A21606060A26008B0B0BD504D000095
:104A800010B502460023D843052A09D81201054C67
:104A9000A25A002A04D0044CA24201D00A8018462F
:104AA00010BDC046C4660020F8FF000070B5084B7A
:104AB0001C68084A944208D01C6800258C2D03D03D
:104AC000665956512D1DF9E71A608000115070BDCE
:104AD00008ED00E00000002080B503461220012B05
:104AE0000CD800290AD0002A08D005480068C11D4A
:104AF000062310461A4603F0ABFA002080BDC046DC
:104B00000470002007480121C16200220260C262D5
:104B100005488165026082650448C1600260C26028
:104B20007047C04600100840002008400030084090
:104B300010B5074901220A60064803680324A3430D
:104B40000360886A00234B6103490A7010BDC046A8
:104B5000A0110840B4100840727F002010B5094829
:104B6000C37881784218127A541E9C4201D05B1C93
:104B700000E00023C370890040180069D9B2F7F73C
:104B80005BFB10BD2C7B002080B5084A1268801AA0
:104B9000421E904108394A1E9141C000044A101833
:104BA0008900405804F053FC80BDC046C06F00200F
:104BB0004CDC0200B0B5094D01202870287101F0CD
:104BC000E7F90446A868002803D1012000F01EFE82
:104BD000A860204602F014FCB0BDC046C47D002091
:104BE000B0B507480478074D002C05D02868006947
:104BF0008047641E0C35F7E7034801210170B0BD02
:104C00006BE00200ACDE02005F7F0020FF22120298
:104C1000024001231B029A4206D0002A09D1C0B2E9
:104C2000044A10183C3003E0C0B2024A1018143095
:104C300001707047247800200848816F03220A40E1
:104C4000012A09D106490968490E00680122520467
:104C50000240500C08407047012070474810004047
:104C6000E010004010B5044601F092F90121A14086
:104C7000054AD3680B43D36004490A5D521C0A55A8
:104C800002F0BEFB002010BD807A0020706F002073
:104C9000B0B504460848C0897F2501060AD503211E
:104CA000C901084000F0C7FA2188081A801E01D403
:104CB0002018057968B2B0BD60660020B0B5054621
:104CC0000848C089FF24C1060AD51F2109010840F0
:104CD00000F0B1FA2988081A801E01D42818047936
:104CE0002046B0BD6066002010B50C4604F0F8FA0E
:104CF000002803D08C202321890204E004480460AA
:104D000002200121490222790A43A28010BDC04637
:104D1000107F002080B50A460146074840780128E8
:104D200006D106485430EAF7B9F802F06FF980BDB1
:104D30000720C04380BDC046997B0020C85C00208E
:104D400006484178032900D880300078FD2804D334
:104D50000348044901600449416070472F03004E35
:104D600018110040E3887F09E3387F49B0B50C464D
:104D7000022809D001280BD1049D1046194622466D
:104D80002B46F2F789FBB0BD204600F03BFCB0BDDE
:104D90002046F9F7B3FBB0BD10B5002901D40024BB
:104DA0000BE00C4606480078F4F71CFC002801D004
:104DB000F2F7C6FC0120C0078443204610BDC04660
:104DC0004570002080B5FF214140074802780A4025
:104DD000027007D105480068002803D04068002809
:104DE00000D0804780BDC046597F0020FC7E002057
:104DF00080B5064800880649884205D005490A78EA
:104E00000549F3F70BFD80BD182080BD3A7E0020D8
:104E1000FFFF00003C700020246F002010B5094CFB
:104E20006060FF21102202F04BF9012803D1606875
:104E3000102103F0FDFF606804F0CCFC012002F0BB
:104E4000A7FA10BD046D002008490978084A1368C4
:104E50004A1C9B1F521E05D0991DDB8883420B46BE
:104E6000F8D100E0002108467047C0463D700020A0
:104E70008C6F00201CB500280ED0044680784008B6
:104E80007E2809D8E07821880022009217221E236C
:104E9000F9F7BAF9014860801CBDC046FEFF00006A
:104EA0000748002141610122026001600548016854
:104EB0005207914301600448042101607047C046D5
:104EC00014210240440008405C20024082B008499E
:104ED00001910090FFE701980099884206D2FFE710
:104EE0000198011D019103490160F4E702B0704788
:104EF000008C0020A5A5A5A5014608480278084811
:104F00000068002A08D04388002B02D003798B4226
:104F100003D01030521EF4E7002070474670002086
:104F2000C86F00204188091F0C224A43074989188D
:104F30004A68002A01D0162070470A1D4368136092
:104F400002890A810088488100207047C86A0020D1
:104F500010B504460748007804F0C9FA002801D0CB
:104F6000408D00E000206107090F034A515A0818DC
:104F700080B210BD337000200CDD020080B5817B53
:104F800001290CD10021017206490978002901D0BC
:104F900004F06EFB3C2000F01DF8012080BD0020D5
:104FA00080BDC0465070002070B5002811D0002A86
:104FB0000FD00C460546AF2040002E1829462C3154
:104FC0002320105C40090870FFF7C2FF6882001BB5
:104FD000308070BD80B58AB008490891FF22002159
:104FE000009101910291039104910591069107921C
:104FF00001220B46E9F77CFB0AB080BDFFFF0000F1
:1050000070B5421A084D6E1C01230024B2421A46A4
:1050100000D322460E1AAE4200D82346884200D85A
:105020001A46104670BDC04600E0707280B50C2173
:10503000084A102906D0535CFF2B07D0834206D0C4
:10504000491CF6E703F06EFAFF2101E05054743179
:10505000C8B280BD107D0020BFB5084D2968183149
:105060006C461022204602F0F3FF2868C088044BEB
:1050700011212246F9F7E0FB04B0B0BDAC7D002061
:10508000356E0200BFB5084D296828316C461022E4
:10509000204602F0DDFF2868C088044B112122461B
:1050A000F9F7CAFB04B0B0BDAC7D0020756E0200FC
:1050B000B0B586B01346044601AD2980A81C08226D
:1050C000194602F0C5FF044B0B2120462A46F9F78A
:1050D000B3FB06B0B0BDC0460953020070B504462C
:1050E000084E3068806F202521462A4602F0B0FF26
:1050F0003068806F2030203421462A4602F0A8FF15
:1051000070BDC046AC7D0020BFB5084D2968183180
:105110006C461022204602F09BFF2868C088044B92
:1051200011212246F9F788FBBFBDC046AC7D0020A7
:10513000556E0200B0B50446084D68690019296A29
:10514000884207D102F0F0FFE86A401CE86203F0F1
:1051500051FB641E686900196861B0BD8C7600203F
:1051600010B504468068084A1268904204D0204670
:10517000E8F7C4FE002804D0E068401CE06001208D
:1051800010BD002010BDC0460C7F002004B40422D6
:10519000002802D1002104BC704701D508324042EA
:1051A00012021F320100521E4900FCD30805090BF0
:1051B0001205114304BC704770B50C46407857285F
:1051C00001D0002500E08025132800D140250A26C3
:1051D00030462946FEF7CCFD002801D02560267117
:1051E00070BD70B50C4640783E2801D0002500E027
:1051F00008250E2800D102250C2630462946FEF748
:10520000B7FD002801D02560267170BDF8B51D4698
:1052100013460E460446069F0868421C184603F0D3
:105220003BFE6069A169E66222463032A3C2204695
:1052300001F070FCF8BD70B5C106C90F8206D20F2F
:10524000830901241C400506ED0F04261E40511859
:10525000091949198919000700D5C91C084670BDEC
:105260001CB503460024009401AA084619462346AB
:1052700003F075FE002806D101A8007801F052FA6B
:10528000C00600D4012420461CBD10B50C4600F019
:1052900021FB002807D0002C00D02060017AFF29D4
:1052A00003D0162002E0022010BD0020FE2900D10C
:1052B000172010BD10B50C46FFF7C6FD002807D01B
:1052C000002C00D020608178FF2903D0162002E056
:1052D000022010BD0020FE2900D1172010BD10B5FE
:1052E000062002F0E1FC044600060CD0022000F08B
:1052F0007DFB002807D00146102008700020487070
:10530000E0B201F039F910BD80B5022200290ED0BB
:1053100000280CD007220A7002784A704278CB1C11
:105320008A70811C0822184602F092FE0022104664
:1053300080BDBCB5002500280ED00C4681420BD89C
:10534000134602210091002529462A46FEF7DBF884
:10535000002801D0846305462846BCBD10B50A4626
:105360000146064CE068C007FCD10120A06004485B
:1053700004F054FC0320206010BDC04610000C4017
:1053800090000C4010B50446007E02280AD1EFF3CD
:105390000580002804D104480021C943FEF788FA9B
:1053A000606910BD002010BD3068002010B50446B3
:1053B0000068002900D106494A6842650B788A686E
:1053C0001946F6F7CFF9002800D00024204610BD7A
:1053D0005CDC0200022809D0012804D0002808D192
:1053E0000548006870470448406870470248806874
:1053F000704700207047C046B87D002010B50C46AD
:105400000978017061784170A1788170E178031D9D
:10541000C170611D0222184602F01AFE2089801D0B
:1054200080B210BD10B5022B0ED3029811785478BB
:105430002402611801809B1E99B24380002900D08C
:10544000911C4160002010BD042010BD1CB5024617
:1054500007484068431C08D06C462270019108221E
:1054600001232146F6F7AEF800E01020C0B21CBDC3
:105470000C6F0020BFB50446C8680B690A884D68E8
:10548000098900920195029103900348F322214675
:10549000F6F7CCF904B0B0BD75C70100F8B5002827
:1054A0000FD014460D4606460F46002C09D0307822
:1054B00002F0D4FF002D00D03870761C7F1C641ED3
:1054C000F3E7F8BD1CB5044650202146FEF728FD41
:1054D0000246044801A9FFF7E1F9002801D102487A
:1054E00004701CBDC5540200B77C002010B5074CE9
:1054F000207003F061FF401C0549087020780421EA
:1055000000F08EFDF4F7FAFC10BDC0463E7000209E
:105510003D7000201CB5044650202146FEF700FDDA
:105520000246044801A9FFF7B9F9002801D1024851
:1055300004701CBD15550200407E00201CB50446B9
:1055400050202146FEF7ECFC0246044801A9FFF773
:10555000A5F9002801D1024804701CBD3D55020088
:105560005B7F002080B507480068C0B28000064914
:105570000858002804D041688068884702F0E0FDA0
:1055800080BDC04604ED00E0C07300201FB5044696
:1055900001A8FFF75FFA0298001B0549884203D370
:1055A000204601F049FF00E0002004B010BDC046D5
:1055B000E90300000F2804D1074801680222914343
:1055C00005E010381F2803D80121814001480160FF
:1055D0007047C04680E100E010E000E00F2805D1F0
:1055E0000748016802220A430260704710381F28EA
:1055F00003D80121814001480160704700E100E0CB
:1056000010E000E0B0B5084D0024A8420AD8001D03
:1056100080B204F07BF8002804D0691C09B200F0C5
:10562000A7FB04462046B0BDFBFF000010B50446B2
:10563000C06C002804D0A06604F0A4FC0020E06444
:10564000206D002805D0E066A06E04F09BFC0020D1
:10565000206510BDB0B5084D0024A8420AD8401DF1
:1056600080B2F8F74BFF002804D0691C09B200F0A3
:105670007FFB04462046B0BDFAFF0000B0B5084DE0
:105680000024A8420AD8183080B2F8F737FF002863
:1056900004D0691D09B200F06BFB04462046B0BD82
:1056A000E7FF00000548002101700548017005482A
:1056B00001220270044801707047C04655700020F6
:1056C00051700020537000205270002080B50749AF
:1056D0000A6880001018064A12681206920D821A93
:1056E00000DB104600F02CFD80BDC046BC11084018
:1056F000BC100840010C074A13464B4380B250438C
:10570000054A4A438018C009DE30400AC018400AE2
:105710007047C04612830000986E00000748017869
:10572000074A18320020814205D01378FE2B03D09F
:10573000401C0C32F7E70846C0B270472D700020BD
:10574000246700201CB5074C019401ACA170228095
:105750009900091D89B204232246FDF7C9FB0249BD
:1057600008701CBDFFFFFF96D878002080B5012887
:1057700003D0022808D1064A00E0044A48680378AA
:1057800003200021FDF7DEFF80BDC046F0D30200FC
:1057900094D40200074908610120C861064A1067D5
:1057A00043028B6100230B600302136008605360A7
:1057B0007047C046001200405410004010B5044627
:1057C0000220C043002C09D0002A07D02046083010
:1057D0000EC00348214600F0D7FC002010BDC04693
:1057E000FC6E0020014603200A460240032A01D134
:1057F000822070479200034B9A58034B9A6199811B
:105800007047C04640DE020060660020B0B5054625
:10581000012000210322F8F7D3F80446002D07D019
:10582000002C05D0002120460A460B46EBF726FE49
:105830002046B0BD70B50C4660C84C3530688269F2
:105840000021641E4941D20607D4002905D0006812
:10585000C1B22846FAF738FEF0E770BD10B5074927
:10586000C862074C21780620FBF75CFF2078FFF721
:1058700029FE207803F052FD10BDC046607700205D
:10588000CF6E002080B507480068002806D0C08889
:10589000FBF7BAFB002801D0343000E00248007862
:1058A00080BDC046AC7D00203B700020BFB50446E3
:1058B000808800290AD0E18822896389A48900258B
:1058C000009401950295FEF7E3FABFBD3B2100F07D
:1058D0004DFBBFBD01460748027807480068521CCF
:1058E0002838521E04D0038D28308B42F9D17047DE
:1058F000002070473D7000207C6F00201CB50B46D7
:1059000008884988012488420AD8002808D05A1DEE
:105910001B7900240094F4F7B9FA002800D10A2476
:1059200020461CBD1CB50B460888498801248842C6
:105930000AD8002808D05A1D1B7900240094F4F7D7
:10594000A5FA002800D10A2420461CBD01460748BC
:10595000027807484068521C0838521E04D0038958
:1059600008308B42F9D17047002070474970002001
:1059700078790020064902220A7001214907054A68
:105980001161054B18601068084310607047C046ED
:105990004D7F002044000840282102400648152180
:1059A000016001208002054908600548016809225C
:1059B0000A4302607047C046B82008400C00084007
:1059C0001C210240B0B500280CD00C460546807959
:1059D000FDF792F92846E6F745FFFE2C01D0E5F7E2
:1059E00045FCB0BD002001F039FEB0BDB0B50025CA
:1059F00000280DD004460C3080B204F0F7F80028DF
:105A000006D0002101600481FF2181720C3005461F
:105A10002846B0BD07480168002909D0064800297A
:105A200007D04A68824200D3024609681046F6E76A
:105A300000207047187000208EC2F52810B5642829
:105A40000BD807494C68C0026421FCF7EBF901212F
:105A5000C902081A80B2A04710BD042010BDC0467C
:105A60005C6A002070B514460D460646B0694119BF
:105A7000304622462B46FDF74FFC002805D0B06982
:105A80004519316A30468847F0E770BD10B5031FED
:105A9000012424061C600346083B196001460C39AA
:105AA000034B0B60014620390A60403810BDC046E8
:105AB00087890200084802681020002A0BD0D16EA6
:105AC000002908D0926E002A05D0087A9C21515CEA
:105AD000884200D308467047AC7D002010B50849C5
:105AE0004A78FF2A0AD00C78FF2C07D0D31CA34297
:105AF00000D32346002800D1531C4B7010BDC04674
:105B0000D869002080B5084A1268002A0BD0012904
:105B100009D1D188814206D1F4F770FD0120FFF749
:105B2000DDFFFFF7DCFB80BDAC7D0020BCB513467C
:105B300004466D462970681C0622194602F088FA50
:105B4000034B082120462A46F8F776FEBCBDC04626
:105B5000975D020010B50446032002F0A5F8002866
:105B600007D0024603480480034800780121FBF770
:105B700039FB10BD4A7F00205E70002080B50222F4
:105B800000280DD000290BD0427883781B029A1888
:105B90000A808B1CC11C0822184602F059FA002208
:105BA000104680BD0648012101700171017205484F
:105BB0000021016081600449416007210160704754
:105BC0000C7E002010E000E07FBB0000084880F35E
:105BD000088800BF00BF04F087F9002801D0FCF757
:105BE00053FE0020F0F768FB012004F065F8C04682
:105BF0000090002010B50C46097801706178417062
:105C0000A1788170E178031DC170611D2279184669
:105C100002F01EFA2079001D10BD1CB504460F20AD
:105C200003F042FC00280AD001A810210122FAF753
:105C3000FFFC002803D001990C70F8F7B7FF1CBDDA
:105C4000B0B50C46054602F077FC21460C3900221F
:105C50000A602968002902D00D460C3DF9E72C6046
:105C600002F025FEB0BD70B51C4615460646084636
:105C7000FDF7B2FCFF2806D0014630462A462346EF
:105C8000F1F722FA70BD0020C04370BD80B5034615
:105C900024330022C1610262242142548262C26222
:105CA0001A73426382631A7602641146FEF7C0FBE0
:105CB00080BD70B50C46054600F06AF96A68AE68AA
:105CC0002969521A964200D316462A685118216053
:105CD00001F096FB304670BDF8B51C4616460F46DF
:105CE000054601F059FCF8003146FCF79BF8401CD2
:105CF000C10969624006800EA862EC62F8BDBCB5BD
:105D00000C460546088801A9FAF7C4FF002807D009
:105D1000014601A8028828462346EFF7F7FABCBDE2
:105D20000120BCBDB0B50546006E002800D0B0BD56
:105D3000FB208400204603F059FF28660028F6D097
:105D40000021224602F016FEB0BDB0B500280DD0ED
:105D50007D21CC00444303F0B8FF05462046294688
:105D6000FCF760F8A54200D90120B0BD0020B0BD0D
:105D7000B0B50D460446FCF7A7FB002809D0014644
:105D8000601B0A460832904203D389885118884222
:105D900000D92046B0BD80B5022200290CD00028D1
:105DA0000AD009220A7002788B1C4A70411C062214
:105DB000184602F04DF90022104680BDB0B51446D9
:105DC0000A460146054802F0FEF9192528462146F3
:105DD00001F024FB2846FFF701FCB0BDCC6C00208D
:105DE000E0B50B460979102901D0022906D100211E
:105DF000009103491022EBF7E5F98CBD02208CBD20
:105E0000F55B0200E0B50B460979102901D00229A3
:105E100006D10021009103490822EBF7D3F98CBD8C
:105E200002208CBDF55B020070B50C4640783E2820
:105E300001D0002500E008250D2630462946FDF753
:105E400097FF002801D02560267170BD10B504466B
:105E5000006802222146FAF71FF820680121C907CD
:105E6000884204D06068002801D003F05FFC10BDB8
:105E7000B0B50446054D0120A86228682020FCF733
:105E80001FFF2C600248C461B0BDC0462021024003
:105E9000B47500201FB50A4601466C46204603F043
:105EA00047F9044800682146FDF7CEFC411E8841B1
:105EB00004B010BD0C70002010B50B4613439B07B7
:105EC00009D0491E002A08D0531E441C007888546B
:105ED0001A462046F6E7F4F737FC10BDB0B5064881
:105EE0000578064C002D06D02068016820468847BA
:105EF0006D1E0C34F6E7B0BDC3D9020064DE0200AB
:105F00001CB5F3F78FF9044601AA21201070042074
:105F10005070947002480321F5F7ECFC20461CBD3C
:105F200021FC00001CB50446F6F756F901AA1070D2
:105F30005470200A907003480321F0F701F8002004
:105F40001CBDC0461B2000001CB50446F8F7A7FB8B
:105F500001AA10705470200A907003480321EFF7D3
:105F6000EFFF00201CBDC0461A200000BCB504464F
:105F7000FAF742F9054601AA10705470200A907091
:105F800002480321EFF7DCFF2846BCBD21200000BA
:105F900080B507480068C00505D0EFF310800121E7
:105FA00081F3108880BD02F0BFF8002080BDC0469C
:105FB00004ED00E07CB50C46054601AE694630466E
:105FC000F7F77EFF30782870000102490818C46096
:105FD00000207CBDC4660020F8B51C4615460E4660
:105FE0006946FCF735FE0746002805D10098314682
:105FF0002A462346F3F79EF83846F8BDE0B501AAD5
:1060000010806846018005480078012804D10120ED
:1060100001A96A46F6F780F88CBDC046647F00206F
:1060200003220B469343042B08D10C224A43044B12
:10603000D218303A118090700020704702207047CB
:10604000C86A002007490A7802704A7842708A7844
:106050008270CA78C2700A79027149794171002050
:106060007047C0465C6F0020B0B505461220002D79
:1060700002D00C46002905D1B0BD02F061FD2870A8
:10608000641E6D1C002CF8D10020B0BD07490A78B1
:1060900002704A7842708A788270CA78C2700A792F
:1060A00002714979417100207047C046546F002049
:1060B000002904D0064A1278012313400B700028EF
:1060C00004D00021024A5156490801707047C04669
:1060D0003A70002010B5074801688A0105D40122F2
:1060E000520611430160782400E0002403F052F9C5
:1060F000001910BD70340840074A526812094A431B
:106100000121CB03D218120C89034018C00B504355
:10611000C018000C7047C046707E00200648017E03
:106120007E2906D1417E408B0004090208187E308A
:10613000704702487047C046FC7B00207F00FFFF8D
:10614000B0B50C460546FFF723FF054969220A80D2
:106150000A880A88256068220A8001F051F9B0BDDA
:1061600008200940B0B50546FFF712FF2C68002C47
:1061700006D021682960002900D00D460021696001
:1061800001F03EF92046B0BDB0B50C460546FFF71C
:10619000FFFE002121606968616000292A4600D065
:1061A0000A4614606C6001F02BF9B0BDB0B50D4625
:1061B0000446FFF7EDFE06CD0029234600D00B462E
:1061C0005A60002A00D01446216001F019F9B0BDD0
:1061D00010B5074A9378042B08D85B1C93709C0079
:1061E00014192061D0180172002010BD012010BDCB
:1061F0002C7B002080B500F03DFC064A0021D170C8
:106200009378980010180069D218127AF6F714F8EB
:1062100080BDC0462C7B002080B50648008802F077
:1062200027F90346044A00200146FDF78BFAFFF7E1
:10623000E1FF80BD826700201AD4020010B501463C
:10624000064C6069002802D1086802F009FD60610F
:1062500000F006F8F7F778F910BDC0466066002038
:10626000002807D0017A012906D10168002905D04C
:106270004889704700207047408970474189C0892C
:10628000081A7047E0B507490968C90503D001A994
:10629000F5F7ECFD8CBD00210A460B46EBF7EEF856
:1062A0008CBDC04604ED00E0BFB5002203920C682F
:1062B0004B688A68C968890803AD009201958AB263
:1062C0002146F5F705FE039804B0B0BD0068816B68
:1062D000054A0A40826305494164016B012252026A
:1062E000914301637047C0462FD8FFFFD0270000BD
:1062F00070B55B420024C56FAC420AD20D681668C7
:106300006E401E40754020C11568754020C2641C57
:10631000F1E770BDB0B50546064C60342468002C2A
:1063200005D0206A2946F1F763FB0028F6D1204604
:10633000B0BDC0468C760020B0B50024064D204686
:10634000697D8C4206D2002804D1E0B2E7F742FD15
:10635000641CF5E7C0B2B0BD60770020074AD27D6B
:10636000521C0B1F521E05D0191D9B8883420B46E1
:10637000F8D100E0002108467047C0466077002051
:1063800010B50C46FAF740FE002808D08462044994
:106390000B784179821D18462346FCF789FE10BD13
:1063A000DA7A002010B5074CA060E16000211022CD
:1063B00000F086FE012803D1A068102102F038FD0C
:1063C00010BDC046046D0020074A1278521C0B1FF6
:1063D000521E05D0191D9B8883420B46F8D100E060
:1063E000002108467047C046497000200A780270B4
:1063F0004A7842708A788270CA78C2700A790271CB
:106400004A7942718A798271C979C17108207047CD
:106410003321CA430649131D08D08A18526B002A3B
:106420001A46F8D1C9180863002070471320704736
:10643000F86A0020B0B50D4601240649884207D00D
:10644000FAF7E2FD002802D00079284200D10024AA
:106450002046B0BDFEFF0000F8B50C4605460026FC
:10646000054F302E07D0BA59002A02D028462146BF
:106470009047361DF5E7F8BDF86A00200749828984
:106480004089824204D2801A884204DA012070478F
:10649000101A8842FADC00207047C046AA1000009B
:1064A00010B503280AD8C006000E054BC34081244E
:1064B0006404C4400B701470012010BD002010BD96
:1064C0000102040406490978814201D8002070477E
:1064D000044949687B229200424388187047C046AD
:1064E0004D700020346F0020B0B5064C2078012894
:1064F00006D1054D286803F081FB0020286020703C
:10650000B0BDC04650700020F06F002080B5FD2265
:1065100081540D21E1F7A6F8002800D080BD034882
:10652000007801218903EDF713FB80BD2C7000205A
:1065300010B5064C2068002800D010BD044820602B
:10654000CC21FDF767F9206810BDC046E47E00202D
:10655000D45E0020E0B5FEF7F3FB72B601A8FEF7AB
:10656000B5FC034803490860FFF730FB8CBDC0460B
:106570000000000008ED00E080B50B46014640B287
:10658000002805D4002208461946F0F76FFE03E004
:1065900001201A46F3F7C2FFC0B280BDB0B5054670
:1065A0000320C4436888002801D0A41C06E0A87911
:1065B000FEF73CFDE871FF2800D000242046B0BD66
:1065C00010B50023102B0CD0934201D2C45C05E01F
:1065D0009A4202D180248C5401E00024CC545B1CEC
:1065E000F0E710BD064841680968002903D04068FB
:1065F000C068006801E00020C0430249086270479B
:10660000B47500208C760020BCB5074CA568022428
:10661000002D06D0AD68002D03D0069C0094A8473D
:1066200004462046BCBDC046AC7D002080B520207D
:10663000ECF750F800280AD00021016002460C3225
:10664000CB438260C360026142614160017780BDDB
:1066500010B503F0DBFA0446E9F730FE002803D05A
:106660000120000702490860204603F022FB10BD0C
:1066700004ED00E0B0B5002500280BD00C468142A7
:1066800008D8002502222946F7F79AF9002801D0F8
:10669000846305462846B0BD1FB51C460123DB4375
:1066A000009301AB07C30448406B694600232246B0
:1066B000F2F7A4FA04B010BD8C76002030B51400B7
:1066C0004C4325001C0044436419050010002900B8
:1066D000FCF76CF9001904000D002100280030BD02
:1066E000042B0CD10098117853781B0259180180A3
:1066F0009178D2781202511841800020704704200E
:106700007047042B0CD10098117853781B0259184C
:1067100001809178D2781202511841800020704790
:10672000042070471CB506214843203008216C46E0
:10673000224601F073F8002802D00020C04300E098
:10674000E079C0B21CBD1CB50446088801A9FAF75F
:10675000A1FA002806D0014601A802882046F3F7D6
:106760007BFA1CBD01201CBD70B50446468EB1B23B
:106770007D2045022846FBF755FB4643B1B2A942AE
:1067800000D0401C8221605270BD10B500280CD092
:10679000002303720324C481012A00D1091DCAB257
:1067A000921D828103828474C17410BD10B5026C85
:1067B000002A0BD0C3689B18C3608468A34201D32E
:1067C0000368C3600846194603F028FA10BDB0B547
:1067D0001C46049D00292B4600D013462B60E8631D
:1067E000296401212846F0F70DFB4C202C54B0BD44
:1067F00080B502460220002A0AD0002908D0931C46
:1068000050780870481C0622194601F021FC00202F
:1068100080BD704780B5054900220A6004490A60BE
:106820000F220A6101F0DEFD80BDC04620000C4051
:1068300004010C40B0B50546FFF7AAFBE97E002431
:10684000002901D0E44301E00121E97600F0D8FD00
:106850002046B0BD80B5002808D0002141700170ED
:106860000222082A05D08154521CFAE7002000F0C9
:10687000F5FE80BDE0B50B460988172906D3002137
:10688000009103490322FCF7BFFB8CBD02208CBDA5
:10689000DB90020080B50649884202D102F09CFCE0
:1068A00080BD02F04CF8002800D080BD172080BDCC
:1068B000FEFF0000002801D1054800E0001D00682F
:1068C000002803D0026812788A42F7D17047C04688
:1068D000A47E002080B5072807D8054A125C0A600C
:1068E00007201146FDF744FA80BD002080BDC04658
:1068F000F4DF020010B5002809D053425341002AAA
:1069000006D00478401C521E8C42F6D000E00023D2
:10691000184610BD1CB501888278C3780479C088F8
:1069200000940190024801F03FFBC0B21CBDC0467C
:10693000E12B020010B5064C2068002806D002F0BA
:10694000F3FC2168401A411E884110BD002010BD93
:10695000BC7E00201CB50446044801A92246FDF770
:106960009DFF002801D1024844601CBD556902000A
:10697000407E002080B5C00701D1002080BD0348C3
:10698000034B0B211022F1F7CDFE80BD10730020C8
:1069900000DF0200E0B5024608461146FDF7EDFDB6
:1069A00001AA107002480121EFF7CAFA00208CBD3D
:1069B00011200000B0B504C9002303604360531CDC
:1069C000083001249C4203D220C9641C20C0F9E78E
:1069D0001046B0BD80B506480178022906D38078FC
:1069E000FF2803D08007000F02F020FC80BDC046C6
:1069F000756F002010B54A1E4908D2B282180029CE
:106A000007D00378147804701370491E521E401C7E
:106A1000F5E710BD80B505492B2008562C22895C6E
:106A200001F0AEF90249087080BDC046C47900206B
:106A30003A70002004490968044A1268920040181C
:106A40008018034940187047B8110840B810084032
:106A50000038094005480721016005490A682023DC
:106A60001343102293430B60006B7047A011084042
:106A7000B410084006488178002907D04218002346
:106A800013724A1E82708900401803617047C04625
:106A90002C7B002080B501F0FFFC04490880FFF743
:106AA000A9FB034801F00CFF80BDC04682670020AF
:106AB00048DF020010B5064C2046F9F759FA0028C5
:106AC00000D010BD0C342046F9F752FA10BDC04674
:106AD000487C002010B506490A680B680F2424037F
:106AE000A3430003101820401818086010BDC046CA
:106AF0001C110040B0B50446FFF74AFA05460448A9
:106B00001422214603F08AF8284600F079FCB0BD33
:106B1000686D002010B50446E8F760FD992808D19B
:106B20002046DEF725FA992803D12046E9F71CFF15
:106B3000992010BD10B50446012002F003FE002884
:106B400004D0014604700248F9F7CAF910BDC046E6
:106B50007986020004480068044901400448006D39
:106B6000091A48424841704704ED00E0FF01000067
:106B70008C76002010B50446E8F730FD992808D13E
:106B80002046E3F7A7FE992803D12046F1F70EFD32
:106B9000992010BD80B5044B1A46083203480449B9
:106BA000F6F746FB80BDC046047B0020AF9F020085
:106BB000C9B7010010B504460548FAF725FA0028C0
:106BC00004D040882146FDF7EDFE10BD122010BD17
:106BD000FDFF00000648C0690021002806D00068BB
:106BE000002803D0C27A002AF9D1704708467047BE
:106BF000607700200649C97D002908D00288D24369
:106C000002808278D2438270491E001DF4E77047EB
:106C1000607700200649091D0968002905D08A68A7
:106C200052898242F8D1081D704700207047C04643
:106C3000487E00201CB5044601AB19705A70044808
:106C40000078009300227E232146F7F7DDFA1CBD71
:106C50005B7F002005480021416101220260016044
:106C60000348016892079143016070471821024070
:106C70004400084070B50446044D054E012102F061
:106C8000FDFE1435042102F0F9FE70BD4C740020A5
:106C9000E3790200044903220A7001214907034AEB
:106CA00011600349086070474D7F00205400084080
:106CB00028210240B0B50F22002354B2002C08D482
:106CC000D4B2055D6D001D430D55035DDB09521EF9
:106CD000F3E7B0BDB0B50546002402F077FE00280A
:106CE00003D1042D01D80248445D2046B0BDC04602
:106CF0003EE00200B0B5002808D00446001D044D57
:106D0000A84720460C30A8472068A847B0BDC04619
:106D1000C585020010B5002A0AD003780C78A3427A
:106D200004D1491C401C521EF7D11C46181B10BD33
:106D3000002010BD80B505490A88FF2A05D10880CA
:106D400003480021782201F015FE80BDFA7B002067
:106D50005064002010B5002A0AD0521E431C00784F
:106D60004C1C0978884218462146F4D0002010BDFA
:106D7000012010BD70B50C46054688B202F036FF02
:106D80000646002804D030462946224601F060F924
:106D9000304670BD80B5002805D0811E0978FF29D6
:106DA00003D0042080BD052080BD0C3802F026FFF2
:106DB000002080BDB0B50C46054B02212246F7F7F6
:106DC0003BFD05462078FBF7E7FC2846B0BDC046F2
:106DD000F980020080B5044800780121FCF780FAB0
:106DE00002480349018080BD5E7000204A7F002078
:106DF000FFFF000080B503460220002909D0002BC8
:106E000007D0481C06220A701022194601F020F90A
:106E1000002080BD80B503460220002909D0002B48
:106E200007D0481C08220A701022194601F010F9F8
:106E3000002080BD80B503460220002909D0002B28
:106E400007D0481C03220A701022194601F000F9ED
:106E5000002080BD80B503460220002B09D0002908
:106E600007D0481C0D220A701022194601F0F0F8D4
:106E7000002080BD80B503460220002909D0002BE8
:106E800007D0481C04220A701022194601F0E0F8CD
:106E9000002080BD10B50C4601460220002C08D011
:106EA000002906D00B202070084603F02DF86070F2
:106EB000002010BD80B503460220002909D0002B18
:106EC00007D0481C0A220A701022194601F0C0F8A7
:106ED000002080BD02460220002A08D0002906D0EA
:106EE000507808700F2803D8002801D00020704780
:106EF00018207047064ACB0700D010600B0700D55A
:106F000090608B0700D59061490700D510627047EB
:106F10001C600240064ACB0700D010600B0700D56A
:106F200090608B0700D59061490700D510627047CB
:106F3000186002400169436882689A6053604B6838
:106F4000834200D14A60002202610868401E086046
:106F500008687047B0B50C460546002801D10448C2
:106F6000056801F0E1F86C6501F044FCB0BDC04675
:106F70000C7F002010B50446002801D104480468A5
:106F800001F0D2F8646D01F035FC204610BDC0461A
:106F90000C7F002004290AD1017811704178837890
:106FA0001B0259185180C0781071002070470420CE
:106FB0007047BCB50D460446FAF726F8002805D000
:106FC00001A90D702046FFF7F5FEBCBD1420BCBD25
:106FD0001FB503AC2270120A6270FE2200230093D8
:106FE000019202232246EFF79DFF04B010BDB0B519
:106FF0000020FEF7EFF90446FAF7F4FD05460028F5
:1070000002D12046FAF70DFB2846B0BD811C0329AA
:107010000AD30146113101D0103002D10420C043FF
:1070200070470420C043001D7047B0B5002399424B
:1070300008D00468A569AD0603D4D55C25605B1C47
:10704000F5E719460846B0BD10B500280AD0044639
:107050004088002806D017212046F5F72DFB204652
:10706000FCF7A8FC10BD70B51C4615460E46F9F796
:10707000CBFF002804D0868205864486002070BDA0
:10708000012070BD012809D0832805D0032803D032
:10709000022801D1012002E0022000E00020087057
:1070A0007047002805D0410705D4C10705D001204D
:1070B0007047002070470420704702210840704745
:1070C00010B503460020002B06D0002A05D01C78FE
:1070D000521E5B1C8C42F8D010BD012010BD10B5B3
:1070E00004466120205C012804D0002805D1206BD3
:1070F000FAF744F92046FAF741F910BD80B5024687
:107100000220002A08D0002906D0531C102208466D
:10711000194600F09DFF002080BD80B50246022088
:10712000002A08D0002906D0531C10220846194610
:1071300000F08EFF002080BD80B502460220002AAC
:1071400008D0002906D0531C10220846194600F02A
:107150007FFF002080BD80B502460220002908D0B4
:10716000002A06D0531C10220846194600F070FF72
:10717000002080BD80B502460220002A08D00029E8
:1071800006D0531C10220846194600F061FF00206B
:1071900080BD80B502460220002A08D0002906D012
:1071A000531C10220846194600F052FF002080BDF3
:1071B00018B520239B1A04D8010000205B42994097
:1071C00004E004009140DC402143904018BD80B5AC
:1071D0000A681278082A01D0022A03D10222E4F7B1
:1071E000CBF980BD0020C04380BD80B50A6812780D
:1071F000082A01D0022A03D10122E4F7BDF980BD9B
:107200000020C04380BD80B50A681278082A01D0EA
:10721000022A03D10122ECF76DFE80BD0020C0439D
:1072200080BD704710B50C46ECF79AF9002C03D0DE
:107230000248214600F0B8FE002010BDF59602007D
:10724000B0B50C460546FEF7A3FE03490D604C6041
:1072500000F0D6F8B0BDC046507D002018B50090B3
:10726000002908D0002B06D0491E5B1E0098441C44
:1072700000940270F4E718BD486801784078000275
:1072800040180349884200D100BE00207047C04624
:10729000272A0000044A054B984201D3801800E0D9
:1072A000104301607047C04600500240150C0000BA
:1072B000E0B5054A1268D20503D001AA01F0A4FA8C
:1072C0008CBDF2F77FFA8CBD04ED00E0FF2807D0FB
:1072D000044A5268800013588B4201D01018016094
:1072E0007047C046CCDC02001CB5044601A81A2138
:1072F0000122F9F79DF9002803D001990C70F7F7E6
:1073000055FC1CBDE0B500F023FD01AA1070034838
:107310000121EEF715FE00208CBDC04674FC000074
:107320001CB5E5F78BF801AC20700348012122461B
:10733000EEF706FE20781CBD27200000E0B5FFF721
:1073400056FE01AA107003480121EEF7F9FD002056
:107350008CBDC046102000001CB5F8F731F901AC17
:107360002070034801212246EEF7EAFD20781CBD7B
:10737000292000001CB5F5F79BFB01AC20700348E9
:1073800001212246EEF7DCFD20781CBD28200000FC
:107390001CB5F5F7BBFB01AC207003480121224668
:1073A000EEF7CEFD20781CBD2D2000001CB5FBF7AC
:1073B000F7FC01AC2070034801212246EEF7C0FD26
:1073C00020781CBD4E2000001CB5F8F739FF01AC39
:1073D0002070034801212246EEF7B2FD20781CBD43
:1073E0002E2000001CB5F3F719FF01AC20700348F4
:1073F00001212246EEF7A4FD20781CBD24200000C8
:1074000080B505490968C90502D080F3108880BDA0
:1074100001F0F0F980BDC04604ED00E070B50C4607
:107420000546FEF7B5FD0646E1B22846F4F7C6FA72
:107430003046FFF7E5FF70BDB0B5044601F07CF8BB
:1074400005462046FBF7F8FE0446284601F02FFAD1
:107450002046B0BD80B503461220002B07D000297E
:1074600005D0002A03D01846F7F7C8FB002080BDDE
:1074700080B5002801D0017981800348007801217E
:107480008905ECF765FB80BD2C70002080B50129D3
:1074900004D84900034A535A83435352F8F7DCF89F
:1074A00080BDC046806F002080B5012904D8490006
:1074B000034A535A03435352F8F7CEF880BDC046EF
:1074C000806F0020027C437C1B029A18837C1B0483
:1074D000C07C0006C0188018006848436421FFE79C
:1074E00082B00094014C019410BD00BF251E020023
:1074F00080B5002801D104480068806D002801D0C3
:10750000F9F73CFF80BDC0460C7F002010B5032278
:10751000002A08D083B20007C00E0C5A641C0C521B
:107520005809521EF4E710BD70B50449024678C9E7
:1075300078C203490978017070BDC046FCDC0200C6
:10754000BFE0020005484178002904D101780129F3
:1075500001D10121417000207047C046997B002075
:10756000E0B5022001A9F5F7B7FB002800D08CBDDB
:107570000320012101AAF5F7DDFB8CBD10B5FEF754
:1075800007FD04494C6900224A61FFF739FF204694
:1075900010BDC046B475002081690907FCD4C16ADA
:1075A00010229143C162016B014A0A400263704795
:1075B000FEFCFFFF10B5054B002AC0B205D0521EDD
:1075C0000C784440185D491CF6E710BDFCC302006E
:1075D00005491C310968002904D00A898242F9D181
:1075E000C87A7047042070476077002080B51A2859
:1075F00006D8012181400348014201D0FDF7F8FB84
:1076000080BDC0460010020410B50C46FEF762F9BA
:10761000002806D0817A4A1CA24202D18022114061
:10762000817210BD05490968002904D08A88824208
:10763000F9D18868704700207047C046147F002049
:1076400010B50C46FDF700FC002806D001794A1C55
:10765000A24202D180221140017110BD80B50549BE
:10766000002803D14A78012A00D180BD4A680978F0
:10767000904780BD587E002010B504242046FCF7BA
:10768000AFF8204600F0BCFF002800D010BD01F08C
:10769000D7FA10BDB0B50D4604463E21F8F7C8FF35
:1076A000002804D04168CD704168091D2160B0BD3B
:1076B00007220240C0088900034B5958095CD14099
:1076C000012008407047C046007E002080B501467A
:1076D000801F0078032803D102480078FEF74CFF92
:1076E00080BDC0464570002010B504467D20C20014
:1076F0004A43234609330248214601F06FFE10BD7C
:107700004970020010B50C46F9F77EFC01460120D5
:10771000002904D0CA8AA24201D0CC82002010BD28
:10772000FF2806D08000044908184068411E88419F
:10773000704700207047C0460C69002005490A6860
:107740001C234343D018002282600868C018C2601E
:107750007047C046DC7A002080B5FF2806D0820042
:10776000034B9A185268002A00D0904780BDC0464B
:107770000C690020112801D00D2802D1002903D066
:1077800008782D380E2801D300207047012070475B
:1077900000280AD0032A01D0042200E00622002992
:1077A00000D10222018E51188161704780B5044AD0
:1077B0009080044A1170FAF777FFEDF7C3FA80BDA5
:1077C000306E00204C7000200246054800680028FA
:1077D00005D083688B42F9D1037B9342F6D1704781
:1077E0001870002080B504480021016001F0A6FF58
:1077F0000249086080BDC046886F0020DC6F002011
:1078000010B580244440042C01D300F08BFE0248C4
:107810000019007B10BDC046107D00201CB50B4632
:107820000004001D03494C69009200210A46A0474C
:107830001CBDC0465C6A002010B50446801EF8F7E7
:1078400067FE024908600248448010BD5C60004049
:107850009E7E002010B50446801CF8F759FE0249B0
:1078600008600248048010BD586000409E7E0020E1
:1078700080B502460220002A07D0002905D05278A0
:107880000846114602F042FB002080BD80B5026828
:10789000044B9A6042681A60806858600846F6F7A0
:1078A00037F880BDD07D002010B50C46044909682A
:1078B0001831FCF7BEFE01212046F0F7B7FD10BDE0
:1078C0000C7F002080B51378082B01D0022B03D148
:1078D0001023ECF7F9F980BD0020C04380BDB0B59E
:1078E0000023002A05D010C820C965402B43521E32
:1078F000F7E758425841B0BD70B514460D460646EC
:107900002020FBF799FC31462A462346F8F754FB22
:1079100070BD10B5C36F08C100249C4204D208CAD0
:10792000641C08C1C36FF8E7184610BDE0B501AB91
:107930001970012159709A70110AD97004211A46E0
:10794000FDF772F88CBD03461220072905D8002BDD
:1079500003D0585C104201D00020704711207047BE
:1079600010B50024002806D0C01D80B2EFF71CFE21
:10797000FF2800D10124204610BD10B50446FEF7B3
:1079800007FB61680022491EA260E1602261FFF7E7
:1079900037FD10BD1CB504686479022C02D1E7F7ED
:1079A0000FFC1CBD049C0094E5F708F81CBD10B545
:1079B000002808D00446007841087E2903D8F7F74C
:1079C000ADFAFF20207010BDB0B50446FEF7E0FA16
:1079D000054601212046FFF759FD2846FFF710FD17
:1079E000B0BD80B5002A07D0042803D0012803D1F8
:1079F000022000E000209047002080BDB0B5044682
:107A0000FEF7C6FA054601212046FFF74DFD284640
:107A1000FFF7F6FCB0BD10B5130607D0521E4B1C85
:107A20000978441C017020461946F5E7084610BD48
:107A300080B50A46014640B2002801D4012002E088
:107A40000020F2F76BFDC0B280BD10B500220F2AF6
:107A500007D803780C785C400470521C401C491C09
:107A6000F5E710BD0B4611461A4680B501F028FB1C
:107A700080BD0A46002180B501F022FB80BD704721
:107A800004490A6802604A6842608A688260C9687C
:107A9000C160704790000C4004490A6802604A685F
:107AA00042608A688260C968C160704790000C407B
:107AB0000168044A11604168516081689160C06842
:107AC000D060704790000C4080B5F4F7AFFEF7F738
:107AD0000DF902480121017080BDC0467F78002069
:107AE000086801780620C0430829024600D0821D9C
:107AF000022900D01046704704490A6802604A68AB
:107B000042608A688260C968C160704770000C403A
:107B100004490A6802604A6842608A688260C968EB
:107B2000C160704770000C400168044A11604168F0
:107B3000516081689160C068D060704780000C40DF
:107B400080B5002807D001700022C2728272427292
:107B50000172F9F766FD80BD8A780270012A01D0B2
:107B6000122000E0042009884143481C80B270477D
:107B70000A7802704A7842708A788270CA78C27035
:107B80008888001D80B270470A7802704A78427077
:107B90008A788270CA78C2708888001D80B2704767
:107BA000E0B50B460021009102490122FBF72CFAB7
:107BB0008CBDC04621840200E0B50B460021009137
:107BC00002491822E9F7FEFA8CBDC046C5960200AC
:107BD000E0B50B460021009102490422E9F7F2FAD0
:107BE0008CBDC04635840200022B07D10098117865
:107BF000527812025118018000207047042070470B
:107C00000420032B07D30121194004D100985908FF
:107C10008180026000207047022B07D10098117804
:107C200052781202511801800020704704207047DA
:107C3000E0B50B460021009102490C22E9F7C2FA97
:107C40008CBDC0464984020010B504460A784B88B2
:107C50000248214600F0A8F9C0B210BDD5C200000C
:107C600004490A68F8239A43C006000E10180860F9
:107C70007047C046DC7E002080B50348034B1321CB
:107C80001022F0F74FFD80BDE0710020F4DE02000D
:107C900080B5044A9278012A01D1F0F705FD002051
:107CA00080BDC046607700200E2803D840000349FD
:107CB000085A704700487047FFFF0000DC7B002037
:107CC00010B5044C207001F06FFA20780521FEF702
:107CD000A7F910BD3C7000200C30491C491E05D08E
:107CE000036810309342F9D11C3870470020704768
:107CF0000348016803480840411E88417047C04658
:107D000004ED00E0FF010000B0B5044600F014FCF3
:107D10000546204600F0CCFF284600F0C8FDB0BD67
:107D2000E0B513460A46034900910121F1F7ACFE84
:107D30008CBDC046651E0200E0B513460A460349E5
:107D400000911321F1F7A0FE8CBDC046CD91020039
:107D50000721014003D003480170002070471E2016
:107D60007047C046587F002080B50448C0697D2117
:107D7000EDF74CFD40B2401080BDC046C4790020F4
:107D800080B5400041180348C069C9B2EDF73EFD17
:107D900080BDC046C479002003480121017003481A
:107DA000002101707047C046387000205B700020D1
:107DB00080B500F009F8034800690178FCF7D0F9B4
:107DC00080BDC0462C7B002010B5044CA078002854
:107DD00002D0FEF74FFEF9E710BDC0462C7B002015
:107DE00010B5044CA468C0024118204601F093FB72
:107DF00010BDC046D87800201CB501AC227001230C
:107E00002246FBF775F8014908701CBDD8780020A0
:107E100080B504488068FBF74BFD002801D00220A4
:107E2000C04380BDC47D002080B5C98802480022BF
:107E3000024B00F0B9F880BDED96020040E201006F
:107E400080B504494868002803D04978002900D04B
:107E5000804780BD807A002080B5FEF795F9034801
:107E6000006801210904F8F70BFB80BD806B00203E
:107E7000421A081A0349884200D30846510F00D11C
:107E800050427047FFFFFF7F80B50346002901D1B4
:107E9000032200E0022200201946E5F705FC80BD20
:107EA00080B50449C968091800200222E5F7FCFBE7
:107EB00080BDC046806B002080B5FEF765F90348A1
:107EC000006801214904F8F7DBFA80BD806B0020CF
:107ED000044908704A78FF2A02D0824200D94870CB
:107EE0007047C046D869002010B5042806D1144652
:107EF0001046E6F797F82046F9F720F8002010BD65
:107F000080B5012804D10846114600F001FE80BD6D
:107F10000846EDF73FFB80BD10B50C46F2F780FC3C
:107F2000002C04D0002802D1204601F067FE10BDCD
:107F3000801EC0B2162803D8800002490858704736
:107F40000020704760CB0200801EC0B2162803D804
:107F5000800002490858704700207047BCCB0200DF
:107F6000002800D10248034A506051707047C04653
:107F7000B59F0200587E002010B5044C204600F04A
:107F800067FE1434204600F063FE10BD4C740020E0
:107F900001218907024A1160024908607047C04602
:107FA000540008402C21024083B0C0B503AF0EC777
:107FB00003A90091F4F790FA88BC02BC03B008470B
:107FC00010B50C46F9F720F8002803D034214454AA
:107FD000002010BD012010BD0146044800680028A3
:107FE00002D006224A4380187047C046906F002096
:107FF00080B5F9F709F8002804D0807C082801D161
:10800000012080BD002080BD80B5002807D0FF2161
:108010000631415C090702D50E21F3F75FFE80BDF2
:10802000034A5268034B1B78D21811547047C0465C
:10803000107D0020C6E002000A684968002A034655
:1080400000D013465960002900D0084602607047EE
:1080500010B5002A07D0521E4B1C0978441C017031
:1080600020461946F5E710BD03480021018003486A
:10807000012101707047C04620700020687F0020F9
:1080800010B5491E002A06D0531E8A5C441C02709B
:108090001A462046F6E710BD10B5044C2046F8F706
:1080A0003BF921680020884710BDC0465C6A00206B
:1080B00010B513460A460004001D0249CC69002190
:1080C000A04710BD5C6A002080B5002807D00021C1
:1080D00001608160C1600A460B46E9F7CFF980BDB7
:1080E00004480168002903D001680A6D521C0A6522
:1080F000006870470C7F002002460220002906D04D
:10810000002A04D0052008701078487000207047BD
:108110000449086880690A68D26A0A239A1A0968B9
:108120008A6170470C7F002072B604480168491CC0
:108130000160BFF34F8FBFF36F8F7047207F002028
:108140000120000703490860BFF34F8FBFF36F8F13
:108150007047C04604ED00E0B0B50C46082500218C
:108160002846FBF705FE002800D02571B0BD70B58C
:1081700014460D460646FDF70BFFB561F461FFF7A7
:108180003FF970BD0022002904D003781A43491E2C
:10819000401CF8E75042504170470918491E884278
:1081A00005D202780B7803700A70401CF6E770471E
:1081B00010B544682068EEF70DFB00202060606871
:1081C00001F0ECFC10BD70B514460D460646FDF7F7
:1081D000DFFE7560B460FFF713F970BD10B504C918
:1081E0001346002B03D010C910C05B1EF9E71046E0
:1081F00010BD012806D14879C021014040394842CC
:1082000048417047002070470021102905D0425C8A
:10821000491C002AF9D0002070470120704780B522
:1082200002461220002A04D0002902D0104600F095
:1082300056FE80BD10B50C46FDF794FF002C03D010
:1082400001462046FDF7A0FF10BD80B50246012083
:10825000002A04D0002902D01046FBF781FF80BD20
:108260000B784D782D02EB188D782D04C97809060E
:108270004919C918ECE6084041214902014311801F
:10828000000C9070022005430D9C704704C1012230
:10829000C36F5B1C9A4203D2002308C1521CF7E74C
:1082A000704781B0C0B5039303AB0093DDF700FDC9
:1082B00088BC02BC01B00847022A06D10A78497876
:1082C00009028918018000207047012070470022B0
:1082D0000A6042684A60002A034600D013461960CB
:1082E0004160704710B50446FFF71EFFA06B444283
:1082F000444100F07FFA204610BD10B5044600F05E
:1083000011FFA04201D8E14300E06142081810BD0E
:10831000B0B50C460546FDF73BFEA96CA143A96428
:10832000FFF76EF8B0BDB0B50C460546FDF730FE60
:10833000A96C2143A964FFF763F8B0BD42684A60A5
:1083400093688B605960916008610168491C016005
:10835000704710B5024601200021F5F731FB0446B5
:10836000FFF7B2FE204610BDB0B50023102B05D09C
:10837000C45CCD5C6540D5545B1CF7E7B0BD70476D
:1083800080B5C000024A1018FDF710F880BDC04645
:1083900094DF020080B503490A68D207FCD1FFF7D9
:1083A000ABFB80BD1C000C4080B501F083F9024896
:1083B0000121017080BDC046627F002080B5002190
:1083C00041761120F5F718F91020F5F715F980BD61
:1083D0000348824201D30020704701207047C04605
:1083E0000110000080B5017F002904D00021017731
:1083F0000120FBF7F5F980BD10B50C4600F008FB35
:108400000148046010BDC0462C000C4080B5C0007F
:10841000024A1018FBF74CFC80BDC0469CDF0200EE
:108420000A7802708A784270CA7882700979C170BD
:10843000042070470A7802704A7842708A78827005
:10844000C978C170042070470A7802704A78427077
:108450008A788270C978C1700420704780B501465F
:108460000248FFF7A1FDC0B280BDC0461D0D02004D
:1084700080B5014602481322FFF796FDC0B280BDC9
:10848000C9F2010080B50248024900F009FB80BD35
:10849000EF6D002029FF0100002801D0012001E03C
:1084A0000148008880B27047DC6E002080B501462C
:1084B0000248FBF7FDF94142484180BDE0670020DA
:1084C000BCB5002805D006AC019405682D69009460
:1084D000A847BCBDB0B5059C049D07462C372EC7E8
:1084E000C463FEF717FBB0BD80B5C000024A101888
:1084F000F9F7F8F880BDC046A4DF0200FF2803D0DA
:1085000001218140014801607047C046743002403B
:10851000FF2803D001221140014A81547047C04610
:108520000031024082B001A80121017001A8007849
:108530000028FBD101F0C0FB10B5FDF729FD044672
:10854000FFF71CF8210480B2401810BD002200295A
:1085500003D008C81A43491EF9E7504250417047FA
:1085600080000249024A0A507047C04600000020BD
:10857000E3D20000001F024A1080024801707047D9
:10858000327F0020887E0020012803D8024908702D
:10859000002070471220704759700020C00705D096
:1085A00048798009022801D80020704701207047CF
:1085B0000348016801225206914301607047C0469A
:1085C0007034084010B50446FDF7E2FC002121603C
:1085D0006160FEF715FF10BDE0B501200190024873
:1085E00001A9F2F783FE8CBD24DF02007FB508AE3F
:1085F00070CE009401950296EFF73EFA04B070BD7C
:10860000042802D80249085C70470120C043704723
:10861000706F002072B60348016801220A430260AD
:10862000FEE7C0462C00004080B503488068002863
:1086300000D0804780BDC046DC7D002080B5034867
:108640004068002800D0804780BDC046DC7D002007
:1086500080B503480068002800D0804780BDC04630
:10866000DC7D002080B5C000024A1018F6F716FB2A
:1086700080BDC046BCDF020080B503498968096837
:108680000078884780BDC046B87C0020002803D011
:10869000024988600020704711207047B87C002094
:1086A00080B5408802490978F7F7AAFC80BDC0462A
:1086B000CF6E002080B5034800780821EBF748FA18
:1086C00080BDC046CF6E002010B5044600F0D4F83F
:1086D000002801D02018441EA0B210BD0348016834
:1086E000012292070A4302607047C04644000840D6
:1086F00003480168012252070A4302607047C046DE
:1087000044000840034908680322520790438860E8
:108710007047C0464C0008400A7802704A784270A0
:108720008A78C97809028918418070470349096825
:10873000002902D08988890001607047F06F00200D
:1087400080B5034907220A7000F064FD80BDC04671
:108750004C700020024A1060024801607047C04619
:10876000EC6F0020E06F002080B50349142201F077
:1087700055FA002080BDC04694DB0200024609681D
:108780001620092903D8002901D011600020704764
:1087900080B50A46024B1121F6F74EF880BDC0465F
:1087A000F56D020080B50A46024B1121F6F744F838
:1087B00080BDC046156E020080B50A46024B1121ED
:1087C000F6F73AF880BDC046B56E020002460220B8
:1087D000002904D0002A02D0507808700020704789
:1087E00081680348084001D00009401C7047C0461A
:1087F000F73F000003480168491E016000D0704740
:1088000062B67047207F002080B513460A460146B5
:108810000148FDF741FF80BD159C020040B584B0C2
:1088200002AE0096ECF7C4FD029A039B04B040BD73
:10883000012B04D1009811780170002070470420AA
:108840007047BCB5002804D0069C05682D690094CB
:10885000A847BCBD80B5FDF7B7FD002801D08078E2
:1088600080BD002080BD80B5FEF7D4F9002801D07E
:10887000807880BD102080BD80B5FEF7CBF9002840
:1088800001D0008880BD002080BD4A099200825836
:108890001F200840C24001201040704710B5044618
:1088A0000068FCF787FE2068FFF75AFE10BD10B580
:1088B000040C80B2F9F790FD2046FEF7A1FD10BD33
:1088C00080B5002803D00178FBF74AFC80BD012069
:1088D00080BD806802680A60406848600120C0026C
:1088E00088607047606B010A020C030E2070617093
:1088F000A270E3707047A06F029989004258D2437A
:1089000042500298401C7047B86B010A020C030EDB
:1089100038707970BA70FB7070470F2101407D206C
:1089200042014A43A11880010D18704780B5FEF737
:1089300079FE002801D0806880BD002080BD80B510
:10894000F8F762FB002801D0C08A80BD002080BDFE
:108950001CB501AC00202070204600F05BFF2078A1
:108960001CBD80B5F8F750FB002801D0807C80BD8D
:10897000002080BD10B50B46044611461A46FFF78D
:1089800071F8204610BD81B00020009072B60098AA
:108990000028FCD001B0704780B54621415C002919
:1089A00000D080BDF8F7EAFC80BD10B500239A42E4
:1089B00003D0CC5CC4545B1CF9E710BD80B50B46FA
:1089C00003214258C11D184601F028F980BD7047A7
:1089D000B0B502493CC93CC0B0BDC0465CDC020039
:1089E000B0B502493CC93CC0B0BDC0466CDC020019
:1089F00080B502491C2201F011F980BD20D9020086
:108A0000B0B502493CC93CC0B0BDC0467CDC0200E8
:108A100080B541680148EDF763FD80BD50000C4012
:108A2000B0B5044601252846FCF71CF92577B0BDF2
:108A300080B5024A1160FFF7F3FF80BD20000C40B3
:108A4000B0B502493CC93CC0B0BDC0468CDC020098
:108A500080B501460148EDF743FD80BD90000C4014
:108A60000A7802704A7842704888801C80B2704749
:108A7000E0B50021009119220B46FAF7C5FA8CBD2A
:108A8000E0B50021009113220B46FAF7BDFA8CBD28
:108A900080B50368416801221846F7F7FDF980BDEB
:108AA0001CB5044601A8FDF785FA019921701CBD8B
:108AB00080B50249142201F0B1F880BD6CDB0200E0
:108AC00002490022026041607047C046006CDC022F
:108AD00080B50248FDF7D6FB80BDC046E0670020A8
:108AE00080B50248F7F744FA80BDC046F47D002007
:108AF000B0B502493CC93CC0B0BDC046BCDC0200B8
:108B000002484068411E88417047C046387E0020B8
:108B100080B5F8F735FA002801D0ECF73BFD80BDB1
:108B2000002804D00021CA4306C00121017070470B
:108B30000178024A11704078507070478D7E002095
:108B40001CB501AC0121204600F09AFC20781CBD28
:108B5000002802D00149497801707047346F002025
:108B600080B50248FEF730FF80BDC046CE0700004A
:108B700080B50248FEF742FF80BDC046CE07000028
:108B8000024801880029FCD07047C04604200940F3
:108B900080B50248FFF794FE80BDC046C4DE0200E7
:108BA00080B50248FFF78CFE80BDC046DCDE0200C7
:108BB00080B50346002208461946F4F701FF80BD40
:108BC00080B50B46014610461A46FEF7F3FC80BD01
:108BD00080B58900091D89B20423FFF701F980BD22
:108BE0001CB501AC01232246FFF7FAF820781CBD22
:108BF00080B502488068FDF745FB80BDC47D00203C
:108C000080B50248F3F7CEF880BDC046FFF90000FA
:108C1000A26FE06F8000295812185268002A70472E
:108C2000114008431880080C9870022005437047D3
:108C30000248C068400700D430BF7047807A0020E7
:108C400080B502484069FBF7D3FA80BD807A0020E6
:108C500080B501460148FDF7A9FA80BDFC6E0020F1
:108C6000002804D0017A022901D10068F8E7704792
:108C7000012801D8014908707047C046787F00205C
:108C8000012801D8014908707047C0467A7F00204A
:108C900080B50249142200F0C1FF80BD80DB0200D4
:108CA00080B50249242200F0B9FF80BD28D7020018
:108CB00080B5002803D008380068F8F75FFB80BD56
:108CC00002490A7802430A707047C046597F002063
:108CD00010B50446801CFEF76AFEFF20E07010BD50
:108CE000024800210160C943016170474400084007
:108CF000024800210160C9430161704784000840B7
:108D000002490A6882430A607047C046440008402E
:108D10000248016802220A43026070478410004042
:108D200002490A6802430A607047C046440008408E
:108D3000024800683F21890688437047A41000401C
:108D40000021C943014A1161106070478400084046
:108D500010B50446407AF6F7E1F8FF20607210BDC6
:108D600080B5002902D0EFF7E1F980BD012080BD78
:108D7000024909688988890001607047F06F002006
:108D80000248817840220A4382707047DE6D0020DD
:108D9000002804D061239B00C01801704270704706
:108DA00010B5044608898988F9F73CF8E08110BDC0
:108DB00002490878002800D088687047306E00208B
:108DC00002494860002008707047C046207E00209D
:108DD0001CB501AC02212046FFF721FA20881CBDFA
:108DE00080B5C068002801D0FFF7D6FD002080BD07
:108DF00080B502480068FEF7BDF880BD0C7F0020FA
:108E0000024800688546FDF7A5FB7047000000009A
:108E100010B500680024E14300F03EFC204610BD80
:108E200080B50146103102462032FEF713FB80BDAB
:108E300080B5002803D0002901D0FFF7F0F980BDEC
:108E40008268024B13400B4383607047F73FFC007E
:108E500080B50A46032141581046FEF70AFE80BD40
:108E60000A8849884A430170501C80B270470A88BA
:108E700049884A430170501C80B2704780B5014652
:108E800040680722F7F708F880BD80B5014600204A
:108E90000622F7F701F880BD002A03D008C908C0F0
:108EA000521EF9E7704780B5002802D00368DB68DE
:108EB000984780BD80B5C16202638363FDF75AFEA7
:108EC00080BD80B501210904FEF7F2F9002080BDC4
:108ED00080B5002802D00068F3F7EEF880BD80B5B9
:108EE000FCF7D8FF002800D0032080BDBCB5069C4D
:108EF00005686D6A0094A847BCBD059025460C35F1
:108F0000002106222846FFE782B00094014C01941C
:108F100010BD00BFC1700200069A107881210902BD
:108F2000401810807047206FE16DCA19A36FE16F80
:108F300000917047089B19889A78120489180002DA
:108F40007047A8680119005D497809020818704740
:108F5000A9680024385700903046049B6CE11CB58A
:108F6000049C0094EAF7A6F81CBD0138FDD17047B7
:108F70003D200599487001200C9008707047074605
:108F8000288969892A460D322B7B70474289521CF9
:108F900092B27B889A423B467047A1790A98027840
:108FA000438880880090704762892189481C80B27C
:108FB0008242079B7047206EA16E274674378CCF84
:108FC000009770470998026890002D18761C277842
:108FD000704780B5002001220146E4F765FB80BDA3
:108FE00080B5084611461A46F3F7B6F980BD10B5AC
:108FF0000023541E1EC00360436010BD0068016B57
:10900000012212029143016370470068016B012243
:1090100012020A4302637047006880690821014018
:109020004842484170471CB50024E4430094FEF7D1
:10903000B1FC1CBD002903D0002204C0491EF9E781
:10904000704780B5416980698847F4F7DDFB80BDD2
:1090500010B57D24E400624300F0C0F910BD807BB0
:10906000012802D1332001220A5470470021425CBA
:10907000491C002AFBD1481E7047012901D916203E
:10908000704701610020704780B50A460146012003
:10909000EEF78AFF80BD80B50A4601460220EEF752
:1090A00083FF80BD0021425C491C002AFBD1481E81
:1090B00070470021425C491C002AFBD1481E7047C2
:1090C00000239A4202D0C1545B1CFAE7704700218A
:1090D000016041608160C16070470A780270497820
:1090E0004170022070477047014908607047C046D0
:1090F000C47E0020014908607047C046C87E002039
:1091000080B5FAF73DFFFAF74DFA80BD0149488076
:109110007047C046DC7E0020014948707047C04659
:10912000DC7E0020014800687047C04604210240F0
:1091300004230370416082600020704702230370A3
:10914000416082600020704700210173016041602E
:1091500081607047014A81507047C046005002400C
:1091600080B50620FEF7A0FDC0B280BD0148401CBE
:109170007047C046787B0020014908607047C046B0
:10918000FC7E0020014908707047C0465A7F0020CD
:10919000014908707047C0466D7F00200149405C5E
:1091A0007047C04600360240014908707047C0460B
:1091B0003F700020014908707047C0464070002091
:1091C000014908707047C046417000200A7802705B
:1091D0004978417002207047014800887047C046B6
:1091E000327F0020014800787047C046207D002073
:1091F000014880787047C046346F002001480078ED
:109200007047C046A47C0020014800687047C046F3
:1092100004700020014988707047C046346F0020F8
:10922000014800787047C0463A7000200149087034
:109230007047C046FC7B00201CB5049C0094EBF7F3
:10924000D9FC1CBD2818001F006852420023FFE70C
:1092500082B00094014C019410BD00BF1D88020033
:1092600010990888401E088000047047A26F0832D9
:10927000204629462B46FFE782B00094014C01941A
:1092800010BD00BF2D85010001431180000C9070BE
:1092900002207047115C1046483002790A98FFE7B7
:1092A00082B00094014C019410BD00BF010F010079
:1092B000A16EA36FE26F00920A4628470148016839
:1092C000816070474C2000400148C0687047C0462C
:1092D000807A00200148002101607047107F002043
:1092E000014800687047C046107F0020887903213C
:1092F000081A00D200207047014908607047C04634
:10930000C07E0020014800787047C046787F00206A
:10931000014800787047C0467A7F002001494870B4
:109320007047C04642750020014800687047C0463B
:109330000C7F0020014908707047C046457000202E
:10934000014800787047C046046D00200148113084
:109350007047C046787B0020014800787047C046BF
:10936000597F0020014908607047C046047F0020F3
:10937000002801D000200870012070470149486092
:109380007047C046507E0020014908607047C046C3
:10939000507E0020014800687047C046002102400E
:1093A00001490868886070478C00084001490870CE
:1093B0007047C04648700020014800787047C0469A
:1093C00049700020014908707047C046667F002040
:1093D0000148806800887047306E00201CB500246A
:1093E0000094ECF761FA1CBD014988607047C046E3
:1093F000307D002080B50021C943F8F752FD80BDC3
:1094000000210160416081600846704701490160A8
:109410007047C046CC6D0020014948607047C04687
:10942000AC7D002080B50B200021EAF727FF80BD2E
:1094300080B52421FEF71DFB80BD80B50068FEF7D6
:10944000BDFF80BD80B50068FEF7B8FF80BD80B568
:109450000021F6F745FD80BD80B51122F6F71CFD11
:1094600080BD80B51022F6F717FD80BD80B50F22B4
:10947000F6F712FD80BD00210160416081607047F8
:1094800080B5FAF715FF002080BD80B51121FEF7E9
:10949000F0FA80BD80B50022EFF710FE80BD80B5E8
:1094A0000021FEF705F980BD80B50121FEF700F926
:1094B00080BD80B50221FEF7FBF880BDEFF310817F
:1094C00048424841704780B541688068884780BD00
:1094D00080B50C38FEF718FC80BD80B50421FFF77D
:1094E000FEFC80BD80B50821FFF7F9FC80BD80B58A
:1094F000002100F08BF980BDC0B27F38411E884149
:10950000704780B503689B68984780BD80B5026846
:10951000D268904780BD10B50468E469A04710BDCB
:109520002420315C491C315470476168486889685F
:109530000978FFE782B00094014C019410BD00BF90
:10954000F56902003068B169F269511ABFE372B679
:10955000FEE700BF704700687047122070477047F1
:1095600010889178090440187047B81E0A99814004
:109570008E427047A36FE26F00920A46704792597D
:10958000A36FE76F00977047A36FE26F00920A46E0
:10959000304705460F46069A059BFFE782B00094C8
:1095A000014C019410BD00BFBD660200E16E069043
:1095B000079108907047A36FE26F00920A46304708
:1095C000A36FE16F009131463847E16CA36FE66FFE
:1095D000009628479259A36FE56F0095704784085D
:1095E0001D341E212046FFE782B00094014C0194F7
:1095F00010BD00BF251E020080B50322E3F7B4FFB3
:1096000080BD80B50121ECF715F880BD401A400FF0
:10961000411E8841704780B50122EEF741FC80BDB4
:1096200080B50120FAF7DCF880BD80B50120FAF79B
:10963000D7F880BD80B50120FBF714FB80BD80B555
:109640000420FBF70FFB80BD80B5162000F06AF800
:1096500080BD80B5172000F065F880BD80B514206E
:1096600000F060F880BD80B50721EAF7F9FC80BD05
:1096700080B5001DECF782FB80BD80B5032100F0B2
:10968000E1F880BD80B5FF2000F074FC80BD11784A
:10969000423948424841704780B5E4F72FFC401EEC
:1096A00080BD80B5F6F784FA002080BD80B5FEF756
:1096B0000BFA80BD80B5FEF707FA80BD80B5FEF7D6
:1096C00003FA80BD09780170012070470888800482
:1096D000000C7047481E8141880070470048704761
:1096E000DC6E002080B5FCF7A1FF80BD80B500F0E6
:1096F000C1F880BD80B500F0C1F880BD80B5FFF72E
:1097000027F980BD80B5EBF775F880BD80B5FBF714
:10971000B5FF80BD80B5F9F7D3FA80BD80B5FBF702
:109720005DFF80BD80B5F5F725FF80BD80B5FEF7F4
:10973000EBFA80BD80B500F0C8FA80BD80B5FFF7B8
:10974000F1FC80BD80B5FDF777FE80BD80B500F0EF
:109750004DF880BD80B5F4F78AF980BD80B5DFF79C
:109760000FFC80BD80B5F3F73FFE80BD0048704719
:109770004C63002000487047206E002080B5F0F751
:109780000DFD80BD80B5E9F789FE80BD80B5F5F798
:109790004DFB80BD80B5FCF72DFD80BD80B5FEF78B
:1097A00007FB80BD406800210170704780B5FFF75E
:1097B000D7FC80BD80B5F8F76BFC80BD80B5FAF7AB
:1097C000C5FE80BD80B5F4F727F980BD80B5FEF7F2
:1097D0005FFA80BD80B5FFF795FF80BD80B5ECF7DF
:1097E00069FF80BD80B5F3F72BFE80BD80B5F2F731
:1097F00017F980BD80B5FAF723FC80BD80B5F7F777
:10980000F1FF80BD80B5F1F76DFC80BD80B5EBF751
:109810003FFB80BD80B5FFF79BF980BD80B5F9F7B0
:1098200087FA80BD80B5F5F7F1FE80BD80B5E2F71F
:10983000B9FE80BD80B5FEF7AFFA80BD80B5FBF7FD
:1098400031FF80BD80B5FFF7D7FE80BD80B5F8F74A
:10985000C9F880BD80B5FAF7FBFC80BD80B5F8F78C
:1098600061FD80BD80B5F5F78FFF80BD80B5F2F753
:1098700003FE80BD80B5F9F7E3FB80BD80B5FBF743
:10988000EDFF80BD80B5EDF717FF80BD80B5FFF718
:109890006FFD80BD80B500F029FB80BD80B5E2F78B
:1098A000E9FA80BD80B5E9F76BFC80BD80B5F4F7BF
:1098B00034F980BD80B5FFF75BFA80BD80B5FFF756
:1098C0005FFA80BD80B5FBF759FB80BD80B5FDF721
:1098D00001FA80BD80B5F9F73FFC80BD80B5F7F790
:1098E000D7FB80BD80B5FAF773FD80BD80B5E7F783
:1098F0007DFB80BD80B5FFF74BFA80BD80B5FCF7DE
:10990000E1FD80BD80B5E8F79DFA80BD80B5F4F734
:1099100023FD80BD80B5E1F74BFA80BD80B5E5F74A
:10992000ABF980BD80B5FCF7DFFD80BD80B5E2F707
:109930005DFB80BD80B5F8F7D5FE80BD004870475F
:10994000FFFF000080B5E4F7EFFF80BD80B5DAF7D8
:1099500027FD80BD80B5F6F743FF80BD80B5E6F7F3
:10996000BBFA80BD80B5DEF753FA80BD80B5D7F76E
:10997000CBF980BD80B5D9F71BFB80BD80B5ECF776
:1099800049FA80BD00487047FFFF000080B5DEF750
:1099900083FB80BD80B5DCF791FF80BD80B5E0F72B
:1099A000C5FE80BD80B5F6F745F880BD80B5FEF7F1
:1099B000BDFE80BD80B5FCF7A9FD80BD80B5F6F782
:1099C0009FFF80BD80B5FEF7BBFE80BD80B500F077
:1099D00095FA80BD80B5F6F79FF880BD80B5FFF79A
:1099E0003EFB80BD80B5F2F7D7FD80BD06982946C5
:1099F0002246FFE782B00094014C019410BD00BFE5
:109A000055740200123108222846FFE782B0009404
:109A1000014C019410BD00BF556D0200214601406C
:109A20008142704731784D432946FFE782B0009468
:109A3000014C019410BD00BF737A020011980078A8
:109A400001287047204629462A46FFE782B0009445
:109A5000014C019410BD00BFDD520000A36FE56F03
:109A600000953047024020462946FFE782B0009427
:109A7000014C019410BD00BFF97D0200284632461A
:109A80002346FFE782B00094014C019410BD00BF53
:109A9000BD570200902021582046C7E700210A4602
:109AA0000B46FFE782B00094014C019410BD00BF4B
:109AB0007D140100A36FE66F0096FFE782B000946B
:109AC000014C019410BD00BF6961000099811946E5
:109AD0002231FFE782B00094014C019410BD00BF19
:109AE0009B340200044630782146FFE782B00094A0
:109AF000014C019410BD00BF492E02000220A87144
:109B0000A868FFE782B00094014C019410BD00BF2B
:109B100095550100A36FE76F00973047C11D0622DE
:109B20002846FFE782B00094014C019410BD00BFAD
:109B300051800200B978B2880123FFE782B0009417
:109B4000014C019410BD00BF191102001920010140
:109B5000284649E5204629462A46FFE782B0009478
:109B6000014C019410BD00BF71FD01000299039CDE
:109B70002246D7E7A36FE76F009770470021017275
:109B8000C160704780B5FFF743F980BD80228058DF
:109B900008607047002101704160704780B5FEF792
:109BA000FBFE80BD80B5DCF783F880BD80B5E7F7AC
:109BB000F7FF80BD80B5F4F706F880BD80B5FBF7F0
:109BC0006FF980BD80B5FBF76BF980BD80B5F9F703
:109BD000FFF980BD80B5F8F71DFC80BD80B5FFF7AB
:109BE000D9FB80BD016848424841704780B5FFF706
:109BF000A9FD80BD80B5FBF7C9FC80BD80B5FFF72E
:109C000095FD80BD4160826000207047EFF31080B9
:109C100072B6704780B5EFF7D5FD80BD80B5FEF711
:109C2000C4FE80BD0120C0437047112080067047EC
:109C30008170028070470120C0437047F4222046A3
:109C400000E0704782B00094014C019410BD00BF49
:109C50002D8301002846214600E0704782B0009421
:109C6000014C019410BD00BFF9720100A36F009573
:109C700000E0704782B00094014C019410BD00BF19
:109C8000C55F00002A463B4688E420463B46FFE786
:109C900082B00094014C019410BD00BFF16202003B
:109CA000012080057047401A80B270478160002013
:109CB000704780F310887047FFF74BFCFEE7088879
:109CC0007047088870470888704701207047816096
:109CD0007047022070470120704701207047002024
:109CE0007047012070470120704700207047002016
:109CF0007047012070470120704701207047012004
:109D000070470020704700207047012070470120F5
:109D100070470120704701207047002070471E20C7
:109D200070470120704701207047002070470020D5
:109D300070470020704700207047002070470020C7
:109D400070470020704700207047022070470020B5
:109D500070470020704700207047002070470020A7
:109D60007047002070470020704700207047112086
:109D7000704711207047112070471120704710461E
:109D80007047002070470020704700207047002077
:109D90007047002070470020704700207047002067
:109DA0007047002070470120704711207047002045
:109DB0007047002070471120704700207047002036
:109DC0007047012070470120704700207047002035
:109DD0007047002070470020704700207047012026
:109DE0007047002070470020704700207047002017
:109DF0007047002070470020704700207047002007
:109E000070470020704701207047002070470020F5
:109E100070470020704700207047002070470120E5
:109E2000704701238AE6012000E0704782B0009469
:109E3000014C019410BD00BF6D260200205CFFE7BD
:109E400082B00094014C019410BD00BF313E02006D
:109E50000098FFE782B00094014C019410BD00BF50
:109E6000017402000846C9E606225BE61020DDE721
:109E70000298FFE782B00094014C019410BD00BF2E
:109E80007DA201002046FFE782B00094014C0194BE
:109E900010BD00BF719B01000020FFE782B000945D
:109EA000014C019410BD00BF5D7602000820BDE7A3
:109EB0002046FFE782B00094014C019410BD00BF22
:109EC000657600000220B1E70020E7E70420ADE757
:109ED0000830FFE782B00094014C019410BD00BF30
:109EE0003D62020080687047012070470020704783
:109EF0000020704700207047401A704701207047CB
:109F000000687047006870470078704701707047BC
:109F10007047704770477047704770477047704789
:109F20007047704770477047704770477047704779
:109F30007047704770477047704770477047704769
:109F40007047704770477047704770477047704759
:109F50007047704770477047704770477047704749
:109F60007047704770477047704770477047704739
:109F70007047704770477047704770477047704729
:109F80007047704770477047704770477047704719
:109F90007047704770477047704770477047704709
:109FA00070477047704770477047704770477047F9
:0C9FB000FEE7704770477047704770472D
:109FBC00A10300000360070707108272DB679A7227
:109FCC0022B870B00071827290B0C080A01E844F15
:109FDC009A729CC023677AB00B12C08030160111A4
:109FEC000114016C62602260226067609860D2622A
:109FFC000F61CE6189619A610212906379B05789C1
:10A00C004464B0A1A08D00222C40B0B141C097B0E7
:10A01C0091911CC0236770A3C081101E7347007000
:10A02C00106D1016106E0070B18411223A407984B4
:10A03C006995D184011E3F4499850070979370B344
:10A04C0091B00070908D3022CB47CE8780870E1850
:10A05C00101A5448401E884F818752688487858720
:10A06C003E1A007071C012785D60F1C02278919434
:10A07C0081947195A29400708072229841B03090B6
:10A08C00226024647A8C8BC3BB2688601CC0236737
:10A09C00C0813022734341C097B091916789446469
:10A0AC001CC0236770A3C081101E73470070C36768
:10A0BC003E12C5670E1E84404D2A4864CF679F64CC
:10A0CC003B2A4A8970A33B228C447AA003129A72D1
:10A0DC009166CD67808A501C574BB566C767596629
:10A0EC00BA647D6024640BC37D60D1CB36644BB005
:10A0FC00B160008A01101039100810229B405D2AB3
:10A10C00C1CB0422AD401422AD4036645D267D22C5
:10A11C00B14051CC36647D2A0D9ADC643D2A0D9AEF
:10A12C00BB22C1446C6400701B225D47C466BB2219
:10A13C00C1406C6400705080A022C7402B22C740E5
:10A14C005B2AB0101031B000502222406C64B089F0
:10A15C0002107006D5403239720602086D43007049
:10A16C0010CC061CDB44C46671630070F0A08CC07C
:10A17C0023677CC02367B0A150C090913789618957
:10A18C001718446431CC36640070EE6410B07E62F3
:10A19C00AB22F544908A4022FC40BF670070BD673B
:10A1AC00908A2022FB446B2E8B2A0070C88A67127F
:10A1BC0066CBD967F4609A72F3C092129C6723B095
:10A1CC0022B070A37AB00A12AB22D741DB225D47D2
:10A1DC0015612464F3C0AB267A8C156170A3A4724C
:10A1EC00B9679166CD676E61B566908A302224415D
:10A1FC00DB2224459B2224417B2A9B2AD367596668
:10A20C00D6640B2201457B224A456B224A45208AA3
:10A21C0000224041EB224041C466DB2222445080A4
:10A22C00A02253472B225347108A101A5149109AD7
:10A23C006C640161A08950226147308A202222443B
:10A24C00408A402222440161A08950226147308A11
:10A25C002022014161636C64109AC3676712A26784
:10A26C0000C404041431B08A603104003416549DC7
:10A27C00CEC0E51050C001CB126DD2971116626999
:10A28C00CB67DC64DB264A89F3C06C64549D146193
:10A29C00DB222542308A20228045431E5B4750C278
:10A2AC00501C5B4B651E5B4B588D7839671236CB57
:10A2BC00D9671A61AB228641731E5B475864D16320
:10A2CC00831E5B478461246470A37AB0F3C00A12C6
:10A2DC009166CD67B56607125966D664C4666C6420
:10A2EC00908D40228A4522602464AB260A12908D00
:10A2FC000022B541778DA79392B078B3B56172B057
:10A30C007AB05080A02253472B22534700715F80B4
:10A31C000F223E472F22774392B072A07AA0C367D8
:10A32C004864CB67DC646C641A166712908D20222B
:10A33C00C34557121022C345C461A267808D001E0D
:10A34C00C9410A1C2240908D4022A54578A3226069
:10A35C002464F3C0708A001ED64192B072B078B3F8
:10A36C000A12BB679166CD672562B566D3675966DD
:10A37C00D6640B2201457B224A456B224A45C466B2
:10A38C00831E6943731EF045308A20222240DB2253
:10A39C00F04122606C64C3674610486492B072A0AE
:10A3AC0078A3908A40220142F1866116A867742A2C
:10A3BC00662201427426708A001E0E42F186E386E4
:10A3CC0040C10114E196628A2239D297E396E39652
:10A3DC00CB67DC64308A2022684569636C64C36790
:10A3EC0046104864818921222246F1869116A8677D
:10A3FC00742A662222427426CB67DC646963EB2ADA
:10A40C00308A10223042731E4342208A102230427E
:10A41C00531EF242308A00223C42808A501C014971
:10A42C00131E4742031E4F42AB223D460161231EC1
:10A43C005042631E4F42731E01455864D1635B64E6
:10A44C005662C51E0145EE64A88A7712D6CAD96732
:10A45C005662EB2650C2501C0149651E0149EE6440
:10A46C00AB221A45DB61A08950225E42402AA0999A
:10A47C004822614270975822654240817097682249
:10A48C0069423081709778226D42C08C7097882217
:10A49C0077424086709780397097508670978039D4
:10A4AC007097A18631067E423012101871977C6A23
:10A4BC00D767611036649C67A267671E86464DB0ED
:10A4CC00C08C609C6110A2CB211800C0102440905D
:10A4DC000D9A9DB000709B2A8B2A7B2A6B2AC16730
:10A4EC000A1E9B42A710446471B0BCC098B023678D
:10A4FC0070A371A07AA09CB0CCC023673A6494106E
:10A50C0045108431843985395E102E1600705864DC
:10A51C001E1A9CB0CCC023673A647997C9631E1E7F
:10A52C00AD42C94B2E1AC94BFF22C0429CB0CCC0C5
:10A53C0023679FB03A64B9975F80B5628CC023677C
:10A54C0010C090917CC02367C081001EC84250C0CF
:10A55C0090912572B0B100702464F3C07AA0C367E7
:10A56C004864CB67DC64B08C001E2240FB22224482
:10A57C006C644A89B967BB6770A39166CD67F26258
:10A58C00B5669B2AD36759661163BF67908A102200
:10A59C00F1466B2E8B2A0B6320C2531EFE42C0C0A9
:10A5AC00331EFE425B63C88A671266CBD9670B63A6
:10A5BC00501C5B47B08C2022F946531EEB42BD6702
:10A5CC00908A00220B476B2E8B2AA88A7712D6CA48
:10A5DC00D9679B2AE662D6640B225D47C4667B2250
:10A5EC002244531E2043331E22446B222244FB265A
:10A5FC006C64D5626B22654322607180C1247190BA
:10A60C0000715F800F223E47AB2236472F22364324
:10A61C0092B06A8A1A1A4A1E344F7A8A6A9A266348
:10A62C00C1287190CF2077430112C1249190007002
:10A63C002B26C280121E8043221E844790B0A1227A
:10A64C00534726635712A26770A34C633B224F47B4
:10A65C00576312C000C8B367906372C010C8B36769
:10A66C00906322C020C8B367906392129C6732C07B
:10A67C0030C8B367906332C040C8B3679063FB26A1
:10A68C00308A2022144642C050C8B367906362C01F
:10A69C009063A2CF8C6392CF8C63B2CF60C8B36748
:10A6AC008C639F2280471F224847AF2253472B229F
:10A6BC0053478863C2CF70C8B3678C63E2CF80C83E
:10A6CC00B3678C63F2CF90C8B3678C63946721B87F
:10A6DC004FB00760946720B840B0076050C09091AD
:10A6EC00DD67C08130229743329800704088026E3B
:10A6FC0081C6011C9C4700704088076E81C6011CF6
:10A70C00A2470070E386E19620C031CB126DD29740
:10A71C001116AC6BE396E396007020941084002223
:10A72C00B44700B4007010B0066310B00A6310B0E8
:10A73C000E6310B01B6310B0176110B0076110B03E
:10A74C002A6110B0556110B0756010B0396010B04E
:10A75C001E6210B01B6010B03C6210B0C26210B030
:10A76C00416310B0286310B0FE6110C0909123B00B
:10A77C0022B00BC070A378A30F7217720772087205
:10A78C002081001EE643C081001EE94309730A7351
:10A79C0000700070000000000000000000000000CD
:10A7AC00000000000000000000000000000000009D
:10A7BC00000000000C6000805C045D045E045F041B
:10A7CC009C049D049E049F0407070710A0C8F46610
:10A7DC00FC626995D184011E1044998569940070BE
:10A7EC00698DFCC0CE640F6416600D221F40242AB4
:10A7FC00206024262D222544342A1D2A2760342645
:10A80C001D265080A02234442B223444A08C0022DC
:10A81C00314044263560102234443560442A4B269E
:10A82C00442239444B2A3CC0CE641CC0CE6470A375
:10A83C00F0B098B097B0908D30221644853154000A
:10A84C0049100F645960F1863106504030121018CF
:10A85C0081874E68FA62F5641E1A89879FB0FCC026
:10A86C00CE640F646A601E1E51406A482E1A6A48F4
:10A87C005F80CF2267409FB0FCC0CE649CB0DF22CB
:10A88C000447C9870F645960F5644785588579106A
:10A89C000F64873979100F6489100F644960F5646F
:10A8AC00A078A0949CB020C0988938228440CCC059
:10A8BC00CE64C4649CB079977D688960CCC0CE644A
:10A8CC00C4649CB084682789E08000228E4017897C
:10A8DC00618917185165821226CC0D8ACB229B44B4
:10A8EC00CB264A86EA9C5186F19C0189211EA348FD
:10A8FC00E08031120022A3442112A089010020859E
:10A90C00001EAC443085001EAC44BB602126A199CE
:10A91C00B0C8F4665712E6CB0822B54092120B224F
:10A92C00B9440B26FA621B26FA62A1990B2ABB22A8
:10A93C00C3444186819C5186919CFA62B184112258
:10A94C00C44079846995D184011EC94499850070ED
:10A95C007180C124719000715F800F22EB44AB2297
:10A96C00E3442F22E34092B0DA9C6A8A1A1A4A1EF8
:10A97C00E04C7A8A6A9ADA8CD160C1287190CF2027
:10A98C00FC420112C124919000702B26C280121E31
:10A99C000043221E024790B0A122FE46D16071C036
:10A9AC00A278FA60F1C0B278919481947195A294D6
:10A9BC000070E1892195F1893195C1890195517218
:10A9CC00007097C15165FF6421C0008940310100BE
:10A9DC0097B0919198B093B01191F86451C0C19215
:10A9EC00FA62F0C7C09C31C00089403101009081EF
:10A9FC00011C224197B0919198B09BB01191C192DA
:10AA0C00F8642572FF64FA620D8A918691223745AB
:10AA1C004D223B41D0101039D00810223B4514C1B7
:10AA2C003861141205120E124D26FA62242240418E
:10AA3C002D2600702D2A0070A08950224B453026FF
:10AA4C00A099F6CB18224B419212FA620D2A3422AD
:10AA5C0050410D260070979370B391B0007057124F
:10AA6C005B260B227F453C6540103039D008002214
:10AA7C004241051E664506CC2822664192124C6561
:10AA8C003D227C4540101039D008B18910228041FC
:10AA9C007106B199A1CB83654CB04D227C4591CB0D
:10AAAC008365B1CB5D227B418365671244227F4570
:10AABC005B2AFA628116B199FA62106D1016106E4B
:10AACC000070C0C8F466D472F012126DF226126EC9
:10AADC0041168B69F0CF0070549DCCC0CE64C46419
:10AAEC009CB0B997399BEF650070CE64C4649CB080
:10AAFC00B997499BEF650070CE64C4649CB0B9975C
:10AB0C006E1A599BEF657CA00070D0C8F466118D4D
:10AB1C0016780122B24106266422B54116262A78FF
:10AB2C00F012A26D1204261CC8414A16B769D073E4
:10AB3C006B26F922C645E922C6416422C6418B2602
:10AB4C0006C00070FAC00A180A9D06C00070E0C862
:10AB5C00F466318D16780122D44106266422D74141
:10AB6C0016266A78F012A26D1204261CEA414A16C7
:10AB7C00D969D2736B26F922E845E922E8416422AF
:10AB8C00E8418B2606C00070FAC00A182A9D06C040
:10AB9C000070F0C0266D961CF7454A164216F069F7
:10ABAC00FD61A66DF62AA66E4A164216F069007073
:10ABBC0001666E1AFA622012626D16169CB0CCC039
:10ABCC00CE64C4649CB0B997291C0D427B24026AE4
:10ABDC0078304808782013427B247B201D42F922D0
:10ABEC001D46E9221D4274201D4227167B2400704D
:10ABFC003012031E2546542225421E16101A4304F9
:10AC0C00E210321632315292E11011160114D2892F
:10AC1C002114B1977097101A7097326A74977597C0
:10AC2C002E1A43B09CB0D081C09CFA62151E3D4BCD
:10AC3C00BC66F1C397101704911061391610863158
:10AC4C00308A111E52424D4A211E57423D63DB226F
:10AC5C00514630223D435C6240223D43AB225C4670
:10AC6C00596250223D4320225C42EB26071EAE4225
:10AC7C007E1C3D5FBC669600171A469AF864062245
:10AC8C008042671A579A3D5FDB226E4610A0EB603C
:10AC9C00AB227846908A40227846C88A671266CBE7
:10ACAC0001667D62588D7839671236CB01666E1A53
:10ACBC00468A578A16228C42671A579A3D5FA88A91
:10ACCC007712D6CA01666E1A468A578A2622904295
:10ACDC00171A3D5F36229442271A3D5F462299424D
:10ACEC00371A3D5F4B265622A942271B3D5F918A9E
:10ACFC005122A9426B22A4467B22A942F0C8F466D9
:10AD0C00A5B96B2A7B2A6622B042171A3D5FB06246
:10AD1C0000C9F466A0860022B6420E1EB642BC667E
:10AD2C0010D93794F466469A10A04562CCC0CE6414
:10AD3C00C46479971E1A00705B2607120B22F14629
:10AD4C00AB22EB468089531EDE42831EE642B110D5
:10AD5C006139F10670890122D4420100B00210045D
:10AD6C00F142501EF242A01EF242F01EF24242612B
:10AD7C007B2242456B22F1420022F2426B2AF262A4
:10AD8C001022ED429B2A7B2AED62DB22C8427B22F9
:10AD9C0042456B224245FA62A4B9FA6220941084AF
:10ADAC000022F54600B4007010A0EF6310A077638A
:10ADBC0010A0536310A0806310A0846310A06F6375
:10ADCC0021788765009DFA6261788765209DFA621B
:10ADDC0040BD2A78327892652A7842789B652A7829
:10ADEC005278A265AB6540ADFA6241BD6A78727863
:10ADFC0092656A7882789B656A789278A265CD654F
:10AE0C0041ADFA62821E304790862022314316CC27
:10AE1C0092125B2AFA620D2A342235430D2641CC5C
:10AE2C0004223C4314223C4383657D26FA6220C9EC
:10AE3C00F46610A0016100706F0300001160000047
:10AE4C00000E700EF00EF00FF10FF30FF70FFF0F57
:10AE5C00FF0DFF0BFF09FF07FF05FF03FF01157235
:10AE6C004C6652B160B000711572218180B060A047
:10AE7C001210F1064239F0EFF1970298676631161D
:10AE8C0000111014006C2D602D602E603760426034
:10AE9C0048602D602D6059624C64001E36444F642E
:10AEAC0052645962556459626362221E3F4C556468
:10AEBC0064645864596257655962556457653B60C0
:10AECC005B645E6440800022484459624A64556267
:10AEDC006164007010B02660007010B029600070C2
:10AEEC0010B02C60007010B02F60007010B0326089
:10AEFC00007010B03560007010B03860007010B089
:10AF0C003B600070167283B1F0C77098386564A00E
:10AF1C00908100227144408000222845696064B011
:10AF2C0084B0298260B03181412200456282F206F0
:10AF3C002F101F312F14668210C020140D6F6A82DF
:10AF4C008A39FA067082803180390BC00B181B923B
:10AF5C00BC10AC18938839149B146082F006011055
:10AF6C0010311014218210140C1480824039F00618
:10AF7C00021011C0013010C00118021882312100DA
:10AF8C00C1265192E0CF676680828039F0060210AC
:10AF9C0011C0013010C00118021882312100C126E5
:10AFAC00419287824739873903B002B023B022B06F
:10AFBC0062A063A04180012228453122BC406088F8
:10AFCC0040975587951875988598E1B15587B51CAC
:10AFDC00E54C00B28EB06EB0007101222845418064
:10AFEC00E122D84490811022FE446460558700A26F
:10AFFC006EA06488449754874518751CE54C908165
:10B00C001022CB40FE604D9880810022F544C62270
:10B01C00F5406182813951398131608180318039CB
:10B02C000100619180B19F982982F91490810022CE
:10B03C0064401022FE443C61D0CF676600A26EA033
:10B04C0063A083B08082F006021011C0013010C0E2
:10B05C000118021882312100C126519223B003B08D
:10B06C0083B063B084B064B0007141800122284584
:10B07C0083B084B0908110226440302216456188E0
:10B08C004197518791187198E1B1166183A180A104
:10B09C0000A203A063A0F0C77098007080A138656F
:10B0AC0029829588591400D43669CB606282423962
:10B0BC00F2064362908241800122284564884497BD
:10B0CC0055879518759891811122FE443D694180F0
:10B0DC0001222845648844975587C51C304995182A
:10B0EC007598908110224941FE6018721672628226
:10B0FC004239F206436683B164A090810022664512
:10B10C004080002238465E6183A140A07D8260822F
:10B11C00F1C0100409106A824A391A04608280391D
:10B12C0010040E10AB10BC10C2104366C0CF676683
:10B13C0023B003B0FD6563B060B064B084B023B0DD
:10B14C00DD65E66500714180012238469081102250
:10B15C00924584B03122844183B00366B665846124
:10B16C0084B07F888F318F3DB0DFFF9767660071A9
:10B17C0041800122384684B090811022AB4183B0CB
:10B18C006182C122A64503666182D1229945B665CA
:10B19C009961718882888131813D8231823DA0EF35
:10B1AC00F197029867665761608840975387D31868
:10B1BC00C34DF30B1316E31CDC49439763873B1415
:10B1CC00C861E31CDC49439763873B18AB1CD84D23
:10B1DC009B1CDA49BC1CDC41B2106082D022D541E8
:10B1EC0090811022DC454366DD65DC61AB10CC61DF
:10B1FC009B10CC6100708082F1C0100483B0007190
:10B20C00E069BC1080B100706288429752879188C7
:10B21C0012182182121891828131813D121CF4493D
:10B22C0082B1E2B1F1C72114F84D12C8729882981C
:10B23C00E1B181B10070081206C0F0C77098809817
:10B24C0000709188608840975087101821821018E0
:10B25C000614818192828231823D201C174A82B170
:10B26C0021221B46E2B190CF676621221B4282A1AC
:10B27C00E2B181824139F0C00104011E2942181645
:10B28C0010C01030081C37466010103C0610F1C777
:10B29C0061142D4E16C8769881888131813D161C1B
:10B2AC00344A8698E1B106C00812007083A19188D7
:10B2BC0072888231823D80EFF1970298676603A015
:10B2CC00007010C02014036F439820101231021428
:10B2DC0092980070087309730672077218721C72C8
:10B2EC00F0C7709800704C6650B1E0B161624C666A
:10B2FC0050B1E0B12081501E144480B04A6453B167
:10B30C0014604C6651B1E0B11460E097D087002214
:10B31C006C46C0B700700000000000000000000088
:10B32C000000000000000000000000000000000011
:10B33C000000000000000000000000000000000001
:10B34C0000000000000000000000000000000000F1
:10B35C0000000000000000000000000000000000E1
:10B36C0000000000000000000000000000000000D1
:10B37C0000000000000000000000000000000000C1
:10B38C0000000000000000000000000000000000B1
:10B39C0000000000000000000000000000000000A1
:10B3AC000000000000000000000000000000000091
:10B3BC000000000000000000000000000000000081
:10B3CC000000000000000000000000000000000071
:10B3DC000000000000000000000000000000000061
:10B3EC000000000000000000000000000000000051
:10B3FC000000000000000000000000000000000041
:10B40C000000000000000000000000000000000030
:10B41C000000000000000000000000000000000020
:10B42C000000000000000000000000000000000010
:10B43C000000000000000000000000000000000000
:10B44C0000000000000000000000000000000000F0
:10B45C0000000000000000000000000000000000E0
:10B46C0000000000000000000000000000000000D0
:10B47C0000000000000000000000000000000000C0
:10B48C0000000000000000000000000000000000B0
:10B49C0000000000000000000000000000000000A0
:10B4AC000000000000000000000000000000000090
:10B4BC000000000000000000000000000000000080
:10B4CC000000000000000000000000000000000070
:10B4DC000000000000000000000000000000000060
:10B4EC000000000000000000000000000000000050
:10B4FC000000000000000000000000000000000040
:10B50C00000000000000000000000000000000002F
:10B51C00000000000000000000000000000000001F
:10B52C00000000000000000000000000000000000F
:10B53C0000000000000000000000000000000000FF
:10B54C0000000000000000000000000000000000EF
:10B55C0000000000000000000000000000000000DF
:10B56C0000000000000000000000000000000000CF
:10B57C0000000000000000000000000000000000BF
:10B58C0000000000000000000000000000000000AF
:10B59C00000000000000000000000000000000009F
:10B5AC00000000000000000000000000000000008F
:10B5BC00000000000000000000000000000000007F
:10B5CC00000000000000000000000000000000006F
:10B5DC00000000000000000000000000000000005F
:10B5EC00000000000000000000000000000000004F
:10B5FC00000000000000000000000000000000003F
:10B60C00000000000000000000000000000000002E
:10B61C00000000000000000000000000000000001E
:10B62C00000000000000000000000000000000000E
:10B63C0000000000000000000000000010A01160DD
:10B64C0000000000000000000000000000000000EE
:10B65C0000000000000000000000000000000000DE
:10B66C0000000000000000000000000000000000CE
:10B67C0000000000000000000000000000000000BE
:10B68C000000000000000000896410A04E601465EA
:10B69C0010A05160006510A054606F6410A057603A
:10B6AC00716410A05A60386510A05D60666510A0CA
:10B6BC0060607F6610A06360E8781895081E4540AE
:10B6CC0081B682B682A627A3D8B20070C0B211B8D8
:10B6DC00D0B260B350B370C44E683FB83DB83EB8FA
:10B6EC0039B833B832B822A819B318B360C6596840
:10B6FC0026B325B327B32D784D22614085B643B3CD
:10B70C00F0C0636843A330C1666823A824B82078CE
:10B71C0060226D449FB3A06600703E64486024A80C
:10B72C0023B89FA322B819A318A327A325A326A344
:10B73C0039A83FA83DA83EA833A832A8C0A211A89A
:10B74C00D0A2D8A260A350A3B166C5660070F178F0
:10B75C00119581B682B681A6B382F3229340F32A67
:10B76C009560A2790E65E082F1C110043000E09280
:10B77C00D8B2C0C39C685B7A0012B02490907080E1
:10B78C00B024709090903187B120B144F0B210B8D1
:10B79C0020785022AE44B364C86400C00070FB260D
:10B7AC00AF6060B064B0007140804022C24400229F
:10B7BC00B34080B02181111EC140511EB3440070B2
:10B7CC0064A084B090810022B34000702181111ECE
:10B7DC00FC40511EFC403FB83EB834B835B83187F8
:10B7EC00B120B144F1B2B0C03187B120FD44D6686C
:10B7FC0020786022DE449FB320785022F24460B05F
:10B80C0064B000713187B120FD4464A084B0908194
:10B81C001022F2442181111EFC40511EFC40E260BA
:10B82C002D784D22F64085B650C03187B120FD44AD
:10B83C00F7689B660070F1A2FB260070F1A29FA333
:10B84C00B166F0C20469F0A210A8D8A23FA83EA825
:10B85C0034A835A8C566B279F1DFD0821004200077
:10B86C00D0920070FB222E452181111E2941511EC0
:10B87C00294160B064B000715180B1202F454080E7
:10B88C0040222A4164A084B0918101221B450070A2
:10B89C0000221B4180B01461FB2AF1A20012B024DB
:10B8AC0090907080B0287090E2B10070A086B09635
:10B8BC008039803181C0413101000126A19600C838
:10B8CC00618601046196A0A28086F0224A41007034
:10B8DC0000C48186010481964079C0932079B0938D
:10B8EC00F6B3E0B3C0B3D0B37079576980795969B6
:10B8FC0020A821A88FB630B890795F693079B093C1
:10B90C0050790026C09300703E814A84AC1009CF58
:10B91C009E049E08EA004A947A227345B08600265B
:10B92C00A0963CB838B880B6618600C8010430785F
:10B93C0001000126619667B087B079B099B060B00C
:10B94C008C725078D09820C08669A0A65E221942CD
:10B95C0000C48031B096A3B6FFC0308180229341E1
:10B96C000070007140807022D94287B01287208706
:10B97C0040390A1020870F04AD108D1A4D31FD008F
:10B98C004D31BD02AD960DC08D31BD9660A647A45C
:10B99C0046A460B62510C0C30514AD108D164D31EC
:10B9AC00FD004D31BD02F8C78831231040780318D3
:10B9BC00E3988F72007140807022D94287B0138750
:10B9CC00AD96B89660A660B63610C0C3061409C012
:10B9DC0028106818CE49092638105818D24919264B
:10B9EC00C8C3AD104D31FD004D313D02008960944E
:10B9FC008C725078D098007140807022D94287B0F8
:10BA0C00AD9614874710871460A645A462B64810FB
:10BA1C005818ED49192648106818F14909263810AC
:10BA2C007818F5492926391600119014006C01621A
:10BA3C000162036207620162D4620A62D46260B678
:10BA4C001A623910491419390D62491069160D62C0
:10BA5C003910691A0D6240780918E9988F72001034
:10BA6C00001060B6C0C0156A008960941A6262B694
:10BA7C00017A4E222E427078C0988078D09800714E
:10BA8C0040807022D94287B0F086E0980087F09809
:10BA9C00B088001E2A460189967292788F66A4940B
:10BAAC00C5C19766B2789066B494D5C19766208765
:10BABC004031A09610C4F02682860204422682965B
:10BACC0010C8628602046078020032266296D27830
:10BADC009066F42253461431F32251420426749496
:10BAEC0054624773A2788F66A678F6225A42C4260F
:10BAFC00E5C19766C2789066F5C1976605C21410C9
:10BB0C00976667A04C9400712D783D226C467D227F
:10BB1C006C46F6A379A063A650809022D942A0B2BD
:10BB2C0000709361A0A261B6D286F206B21E764670
:10BB3C00007061A60070017A2E6260A6A0A22D781A
:10BB4C003D228E4621B820B8837280A68FA69FA373
:10BB5C00F6A3E0A3C0A3D0A30070F22AE198F29858
:10BB6C0060C0936A238934890070C526A526546E5B
:10BB7C00007006C02D780D22A0420626E079F179DE
:10BB8C00A094B1942D781D22A94265B6AA6264B620
:10BB9C002D22AD4283B60622B04287B6007085A630
:10BBAC0083A687A6608601C71004001EC442608667
:10BBBC00502A4026609630C1BE6AC079D179A094D3
:10BBCC00B19464A6007081B682A6517282B682A628
:10BBDC0087A67CB09CB05180C122CD427CA05CA0D9
:10BBEC0081A6007040800022D9460071D462A0A6C4
:10BBFC00A1A6A3A600700000FD0100004C602672F7
:10BC0C002A727973797204720572D16730C025B0CB
:10BC1C000090C0FF209004B00673077304A000705E
:10BC2C000E7212730F72137310721473AEA3D5A429
:10BC3C000070EE15FF01FF0FFF17F5134002000F08
:10BC4C000F0F0F0F000F0F000F0F0F0F0F007A8049
:10BC5C007A807E80300FF00F00000300130010007C
:10BC6C0021002200320031004300400050005300FC
:10BC7C006200610071007200500051004E004F00D4
:10BC8C00CC00C3003C0033000000010002000300A4
:10BC9C00010000001B7212640164B2B1E0B00071CB
:10BCAC00E0A01B7220B17281201042392231F006C3
:10BCBC002000301601110114016C6F607A609360E2
:10BCCC00E9606F607A6093602F616F607A60E16108
:10BCDC005C626F607A60E1615C6272602212736018
:10BCEC00121212640164B1811200B29180B05060E2
:10BCFC009260136F236E111612167B68DB94037A15
:10BD0C0093948081001E724430C00093F0C1209344
:10BD1C0022C5201891400312236E12168E682CB582
:10BD2C007260797221B000C20092A0B200C1109270
:10BD3C002EB130B123B121B1EEB000712EB1EEA015
:10BD4C00778989898181D122A9409789A989F3C0F2
:10BD5C00D66722B002B03172A0818181F122B64047
:10BD6C000722B640F1131008309520B523B003B06C
:10BD7C0030B1F0B0007130B18081803180391093D6
:10BD8C00007130B11393379530C0F467007130B146
:10BD9C003995007130B1F0A020A523B5E3B0007146
:10BDAC00E3A023B130C0909760C0B09721B1E1B04F
:10BDBC00007121B1E1A07972D16703A002A00673D2
:10BDCC000773797379722672C0C7209072606665AA
:10BDDC00BD65C465F6B036B140C0F4670071B08083
:10BDEC006022F74050C0F467ED6060C0F46790B813
:10BDFC00B488C58870E074988598F46736B1F6A05D
:10BE0C0090A77B7390B7107214730F7213730000AA
:10BE1C00000099B061B280A282A21F891F22134137
:10BE2C0082B2A0B26F318F3DCF91A7B8D088C092AB
:10BE3C00816701C39167F3222045A067EF95E0A0CD
:10BE4C00B3C0B397279126720071AEB387B0D5A457
:10BE5C0043C288670022E94472606665D079BE658A
:10BE6C00E6A3F0C53469E6B3C465E5B025B100714D
:10BE7C00A0805022D24590A77B7390B71072147398
:10BE8C000F72137383B099B061B280A282A2108931
:10BE9C0010224D4182B2A0B26031803DC091A7B852
:10BEAC00D088C092E5A0816761C29167F3225B459F
:10BEBC00A06763B2E0A0AEB387B02672D5A4A3C2CC
:10BECC00886700222F45726021B014A215B2D3846A
:10BEDC00F4C14304131602120412532279417089DF
:10BEEC00F0970288821A9089F0970488841A8089C6
:10BEFC00F0970088801A0214A089F0970088801AA5
:10BF0C000414A083C0229141201010390214401057
:10BF1C00103904145322984512311431986153226C
:10BF2C009645123114319861223124318231823993
:10BF3C0084314200F2957089E0948089F094908964
:10BF4C000095A08910955D7270823022AE45E5B0E7
:10BF5C00007125B1E5A0A66100C10092B07990975F
:10BF6C00E7130A12AA26CA2622B024B025B002B0C2
:10BF7C0004B005B00070C07960904090E07970908A
:10BF8C00509000707AB021B098B0D5B4E1A0E0A088
:10BF9C0035B1F5B000C4CD6960B280C0F4670070F3
:10BFAC0090B8B388C48850828039E0413016333160
:10BFBC00033C3431043C8395949561B0386121B0D5
:10BFCC0000C20092A0B200C110921273137300C091
:10BFDC0010927972808177898989D022F34197896F
:10BFEC00A989803180391093A0813095ECC22DC481
:10BFFC007EC008C02EB1EEB000712EB1EEA0D66797
:10C00C0024B5F1B002B022B003B023B031B100714D
:10C01C00F1A024A520B523B1E3B030B1F0B0741079
:10C02C00F0C04F104D661439136A9410F0C04F10C5
:10C03C004D661439196AA48440C04F104D661439EA
:10C04C001F6AA48404223146EF814D66308210228F
:10C05C002C42266230C00FC04D662D6A3E626DC404
:10C06C001EC0EF814D66308210223942316230C0E1
:10C07C000FC04D663A6A3E62F1A030C0909740C046
:10C08C00B09721B1E1B0007121B1E1A0797203A0A8
:10C09C0002A0267272601F063F318F14CF14F26F0C
:10C0AC00281048393206D214236F007130B11E9318
:10C0BC0033950070C07AE093708230226746E5B009
:10C0CC00007125B1E5A021B05E6205B025B004B0C9
:10C0DC0024B002B022B0C07940906090ECC22DC464
:10C0EC0008C0A86700120092F07950907090907A76
:10C0FC00D09334B1F4B00071F4A081B0D0C02094CE
:10C10C005BB07BB05DB07DB0A07C209660B208C007
:10C11C001DC2ECC2718930C0926611398E6AA4625C
:10C12C001F101F063F318F14CF14F26F281048399F
:10C13C0032061231D214236F63961216236F739644
:10C14C0030B60070F5C006C118C0C9C00DC2177A50
:10C15C002F7AD07AE09346B106B1007182B046B125
:10C16C0006A134B1F4B0007134B151B071B0F0C06B
:10C17C00209454A061B2007134B1007134B12D67B8
:10C18C00981CC74A50862039D091D81CCB4218161F
:10C19C00C1467F966796081230B6B81ED6425086B6
:10C1AC002039D0911816CE621282F0C01092007114
:10C1BC0034B1E0817189011C2347E0818189011C24
:10C1CC00234702C2129283B099B0A0B21089603199
:10C1DC00803DC091A7B8D088C092508620220E43D3
:10C1EC0080B20071B07A6767007134B1007134B1FC
:10C1FC00238863963388739630B6981C044B50860C
:10C20C002039D09118169181011EF6422116811CFD
:10C21C00F64E74672672216380A20071A07A67675C
:10C22C002D67981C184B50862039D0911816918187
:10C23C00011E12433116811C124F74672672F4A032
:10C24C0072601292267290C0F467077321B0127359
:10C25C00137314737662007134B1007134B1238896
:10C26C00833935103488843184394610007134B1E7
:10C27C00007134B1208880318039041420888039D1
:10C28C0006143088803180390314308880390514C5
:10C29C00007134B1007134B1208880390314041456
:10C2AC0030888031803905140614333934393539E6
:10C2BC00363985315314863164146396749630B6CE
:10C2CC00007134B1007134B1007034B17DB008C06C
:10C2DC00D093007134B181B00071F9C034B10071E8
:10C2EC0034B1007063B27F966796081230B6181698
:10C2FC00981C804350862039D09178630070A080C0
:10C30C00002253449381031E81430070B3972791FD
:10C31C000071A08000225344AEA301640070DB873F
:10C32C00C087B0182331B884831803181318B39737
:10C33C0090A721B190B7E0B0E1B00070081EA64301
:10C34C00007114B621B1B89700710070ECC20DC029
:10C35C0008C070C07E89EBC3EF101F063F318F14ED
:10C36C00CF14F26F281048393206021EBB47CACCD4
:10C37C00C463121EBF473ACCC463221EC347CAC350
:10C38C00C4633AC30022C843A610CD63B76F8A3189
:10C39C006A007A6E1B161E39AE6B74B00070208565
:10C3AC0021C010042095007060B2E1B091848139F5
:10C3BC004131101011311014E343B09721B190B7F3
:10C3CC00007161B2797221B191848131713910108F
:10C3DC0011311014F243B09790B70071797221B1FA
:10C3EC00E1A00070609850880022F94740B80070B6
:10C3FC000097B92EE5725CCB5DCAE473B82F019639
:10C40C00BA2D03945FC8E671E7705EC90295BB2C28
:10C41C00E3745ACD0691BF28BE2907905BCCE27518
:10C42C0059CEE077BC2B05920493BD2AE17658CF08
:10C43C0051C6E87FB4230D9A0C9BB522E97E50C7F8
:10C44C00EB7C52C50E99B720B6210F9853C4EA7DE8
:10C45C00B2250B9C57C0EE79EF7856C10A9DB324D8
:10C46C00089FB126ED7A54C355C2EC7BB027099EC8
:10C47C00A2351B8C47D0FE69FF6846D11A8DA334B8
:10C48C00188FA136FD6A44D345D2FC6BA037198EA8
:10C49C0041D6F86FA4331D8A1C8BA532F96E40D798
:10C4AC00FB6C42D51E89A730A6311F8843D4FA6D88
:10C4BC00F3644ADD1681AF38AE3917804BDCF26578
:10C4CC0049DEF067AC3B15821483AD3AF16648DF68
:10C4DC001087A93EF5624CDB4DDAF463A83F118658
:10C4EC00AA3D13844FD8F661F7604ED91285AB3C48
:10C4FC000C0802170D0101020909010106020918B5
:10C50C0018030101090903030503020123000000BC
:10C51C00000000040505000000002B0000151A1A8D
:10C52C001C021D16130501490D1505000000000025
:10C53C0000000000000000000000000000000000EF
:10C54C0000000000000000000000000000000000DF
:10C55C0000000000000000000000000000000000CF
:10C56C0000000000000000000000000000000000BF
:10C57C0000000000000000000000000000000000AF
:10C58C00000000000000000000000000000000009F
:10C59C00000000000000000000000000000000008F
:10C5AC00000000000000000000000000000000007F
:10C5BC00000000000000000000000000000000006F
:10C5CC00000000000000000000000000000000005F
:10C5DC00000000000000000000000000000000004F
:10C5EC00000000000000000000000000000000FF40
:10C5FC003D00000002A0040000000000B8D10200C1
:10C60C003003004E0120501400000022005B060095
:10C61C000410B4102100C400860080004400000007
:10C62C0000206814040002000110DC1002020B0B45
:10C63C00093000000300C0201F00C8200100E420C6
:10C64C000000F0200000FC2000008030000088304A
:10C65C000000A83020182031070C303100206C2449
:10C66C000C0000000110B430060000000500C430BE
:10C67C000C10E43000020000080000000000000074
:10C68C00000006070000050603060840007F0000B6
:10C69C00021038317FDF7F040418000001502A207B
:10C6AC00B400B40001700000970132200200362063
:10C6BC0005600468120000030000100000049B5683
:10C6CC000A012D0134002C13AB076F910560206813
:10C6DC00000000000800084800000000140047009B
:10C6EC002E00050000FE00002D00000003A000003D
:10C6FC0024DA020000000000000000003003004EAD
:10C70C0003300000000080300000883020182031F9
:10C71C00070C30310210A03046A2401F0000000070
:10C72C000210B0300A000600000000000500C43002
:10C73C000C10E430000200000800000000000000B3
:10C74C00000006070000050603060840007F0000F5
:10C75C00021038317FDF7F04041800000560046884
:10C76C00120000030000100000049B560A012D016A
:10C77C0034002C13AB076F9105602068000000009B
:10C78C000800084800000000140047002E000500B7
:10C79C0000FE0000035042685000220045000000DB
:10C7AC000000000001000000020000000400000076
:10C7BC0008000000100000002000000040000000F5
:10C7CC0080000000000100000002000000040000D6
:10C7DC0000080000001000000020000000400000D5
:10C7EC0000800000000001000000020000000400B6
:10C7FC000000000000000000000008000000100015
:10C80C00000020000000400000000000000080003C
:10C81C000000000000000001000000020000000009
:10C82C0000000004000000080000001000000020C0
:10C83C0000000040000000802F636F6E616E2D645D
:10C84C006174612F72636C2F392E31342E30302E7F
:10C85C0030312F6C6962726172792D6C7072662F37
:10C86C00656E672F7061636B6167652F353130645E
:10C87C0037646432646265356536373562616439B4
:10C88C0062626235386363363633373865383466FE
:10C89C00646635332F736F757263652F74692F64FB
:10C8AC007269766572732F72636C2F52434C5F53AF
:10C8BC0063686564756C65722E63002F636F6E61BF
:10C8CC006E2D646174612F72636C2F392E31342E8E
:10C8DC0030302E30312F6C6962726172792D6C7030
:10C8EC0072662F656E672F7061636B6167652F359C
:10C8FC00313064376464326462653565363735626D
:10C90C006164396262623538636336363337386551
:10C91C00383466646635332F736F757263652F74A4
:10C92C00692F647269766572732F72636C2F524330
:10C93C004C5F4275666665722E63002F636F6E6185
:10C94C006E2D646174612F72636C2F392E31342E0D
:10C95C0030302E30312F6C6962726172792D6C70AF
:10C96C0072662F656E672F7061636B6167652F351B
:10C97C0031306437646432646265356536373562EC
:10C98C0061643962626235386363363633373865D1
:10C99C00383466646635332F736F757263652F7424
:10C9AC00692F647269766572732F72636C2F5243B0
:10C9BC004C2E630000010203040001020304000179
:10C9CC00020304000102030400010203040001023B
:10C9DC00030400010203040001020304000102032A
:10C9EC000400010203040001020304000102030419
:10C9FC000101010101020202020203030303030409
:10CA0C0004040404000001020300000102030000FE
:10CA1C0001020300000102030001020304000102F1
:10CA2C0003040001020304000102030419000200C4
:10CA3C0001300000970090103C3C981000207424AA
:10CA4C00F91082150110F4208D80F00608100021D9
:10CA5C00240A06000C000000143C78001F007F7FA5
:10CA6C004C010000011094300713F23400205034B4
:10CA7C001300B00000B0B0300E000FFF04502020A7
:10CA8C000300200102012C01EA0700000150466856
:10CA9C001C000100004003401B000000FF000000D0
:10CAAC00F46B002020000000146C0020200000001B
:10CABC00000000001600000014000000FF00000041
:10CACC00FF00000010040020000400200200000001
:10CADC000100000002000000020000000000000045
:10CAEC00000000000200000806070000040C000013
:10CAFC00000C0000BD1A3CCDA6B8995899B740EB74
:10CB0C007B60FF4A503F10D2E3B3C974385FC5A3B2
:10CB1C00D4F6493FE69D350E480103CCDBFDF4AC61
:10CB2C001191F4EFB9A5F9E9A7832C5E2CBE97F20D
:10CB3C00D203B0208BD28915D08E1C742430ED8F8B
:10CB4C00C24563765C15525ABF9A32636DEB2A6507
:10CB5C00499C80DCE97B020000000000E1660200D9
:10CB6C00000000005514020000000000FF28020025
:10CB7C0000000000197C02000000000003670200A6
:10CB8C0000000000017C020000000000FF280200F1
:10CB9C00000000001147020000000000000000002F
:10CBAC0000000000893B02000000000031880200F8
:10CBBC00F19E020000000000E5F9000000000000FA
:10CBCC00FD58020000000000255902000000000082
:10CBDC0047670200000000004767020000000000E9
:10CBEC0001D7010000000000E90502000000000070
:10CBFC00FF5C0200000000000000000000000000CC
:10CC0C00FF5C020000000000F59E0200436F6E6E98
:10CC1C00207374617475733A2045737461626C6926
:10CC2C0073686564202D20436F6E6E656374656454
:10CC3C0020746F201B5B33336D2573201B5B306DB1
:10CC4C00636F6E6E656374696F6E48616E646C655C
:10CC5C00203D201B5B33336D25641B5B306D005016
:10CC6C00616972696E67205374617475733A2042FE
:10CC7C006F6E64207361766564202D20636F6E6E19
:10CC8C00656374696F6E48616E646C65203D201B32
:10CC9C005B33336D2564201B5B306D73746174756D
:10CCAC0073203D201B5B33336D2564201B5B306D83
:10CCBC0000436F6E6E207374617475733A2050610B
:10CCCC0072616D7320757064617465206661696C46
:10CCDC006564202D201B5B33336D30782578201B49
:10CCEC005B306D636F6E6E656374696F6E48616EF9
:10CCFC00646C65203D201B5B33336D2564201B5B0E
:10CD0C00306D0050616972696E672053746174757F
:10CD1C00733A20456E63727970746564202D2063BC
:10CD2C006F6E6E656374696F6E48616E646C6520BE
:10CD3C003D201B5B33336D2564201B5B306D73749E
:10CD4C0061747573203D201B5B33336D2564201B90
:10CD5C005B306D00010000000200000008000000C4
:10CD6C0000000000400000008000000000010000F6
:10CD7C000002000000000000000400000008000099
:10CD8C000010000010000000000000000000000077
:10CD9C000000000004000000000000000020000063
:10CDAC002000000050616972696E672053746174D1
:10CDBC0075733A20436F6D706C657465202D20631C
:10CDCC006F6E6E656374696F6E48616E646C65201E
:10CDDC003D201B5B33336D2564201B5B306D7374FE
:10CDEC0061747573203D201B5B33336D2564201BF0
:10CDFC005B306D0050616972696E672053746174A9
:10CE0C0075733A2053746172746564202D20636FBE
:10CE1C006E6E656374696F6E48616E646C65203DFF
:10CE2C00201B5B33336D2564201B5B306D73746189
:10CE3C00747573203D201B5B33336D2564201B5BA5
:10CE4C00306D00436F6E6E207374617475733A208D
:10CE5C005465726D696E61746564202D20636F6E0C
:10CE6C006E656374696F6E48616E646C65203D20FD
:10CE7C001B5B33336D2564201B5B306D72656173F6
:10CE8C006F6E203D201B5B33336D25641B5B306D57
:10CE9C000052434C5F5363686564756C65725F69DF
:10CEAC00734C617465722852434C5F5363686564BC
:10CEBC00756C65725F67657443757272656E7454D8
:10CECC00696D6528292C2061637475616C537461DC
:10CEDC00727454696D652900104002000430000022
:10CEEC00AAAA98101500B8208780F4205F0034217E
:10CEFC00401FA43008100021240204000500000487
:10CF0C00207BC1000F00277F7F01000000B0B030F4
:10CF1C000A000FFF01504668450000001000010098
:10CF2C0000A000000CDA0200043000000F8090100A
:10CF3C000080D420700FF8202C0A242157A3A03095
:10CF4C0000207424F90081100170000001002020E1
:10CF5C00FA55446802502420B2018C01C201000031
:10CF6C003D3D3D3D3D3D3D3D3D3D3D3D3D3D3D3DE5
:10CF7C003D3D3D3D3D3D3D3D3D204D656E75204E5D
:10CF8C00617669676174696F6E203D3D3D3D3D3D45
:10CF9C003D3D3D3D3D3D3D3D3D3D3D3D3D3D3D3DB5
:10CFAC003D3D3D007C20202042544E2D31284C65C7
:10CFBC00667429203A205072657373202D2D2D3EF6
:10CFCC00204E6578742020207C204C6F6E6720509A
:10CFDC0072657373202D2D2D3E204261636B2020D2
:10CFEC002020202020207C0050726F66696C652008
:10CFFC007374617475733A2053696D706C6520702D
:10D00C00726F66696C65202D204368617220342034
:10D01C003D204E6F74696669636174696F6E20722E
:10D02C006567697374726174696F6E007C2020206F
:10D03C0042544E2D32285269676874293A20507236
:10D04C00657373202D2D2D3E2053656C6563742004
:10D05C007C204C6F6E67205072657373202D2D2DC4
:10D06C003E204D61696E204D656E752020207C0040
:10D07C003D3D3D3D3D3D3D3D3D3D3D3D3D3D3D3DD4
:10D08C003D3D3D3D3D3D3D3D3D3D3D3D3D3D3D3DC4
:10D09C003D3D3D3D3D3D3D3D3D3D3D3D3D3D3D3DB4
:10D0AC003D3D3D3D3D3D3D3D3D3D3D3D3D3D3D3DA4
:10D0BC003D3D3D0072636C5363686564756C6572CD
:10D0CC0053746174652E63757272436D642D3E7377
:10D0DC007461747573203C2052434C5F436F6D6DCB
:10D0EC00616E645374617475735F46696E697368BD
:10D0FC0065640050726F66696C6520737461747539
:10D10C00733A2053696D706C652070726F66696C30
:10D11C0065202D204368617220312076616C756525
:10D12C00203D201B5B33336D2564201B5B306D0071
:10D13C00436F6E6E207374617475733A2050617214
:10D14C00616D7320757064617465202D20636F6E42
:10D15C006E656374696F6E48616E646C65203D200A
:10D16C001B5B33336D2564201B5B306D0050726F7D
:10D17C0066696C65207374617475733A2053696DBC
:10D18C00706C652070726F66696C65202D20436829
:10D19C00617220332076616C7565203D201B5B33FA
:10D1AC00336D2564201B5B306D0028000E000000E1
:10D1BC00D8004002E0002003E805A00BF012800D1F
:10D1CC00F81C001D0028A0320241C0330429E06481
:10D1DC00062BE06B0832A06C0A3760730C4BC074E2
:10D1EC000E50207B10B4E07F000000000001010114
:10D1FC000101020202020202020202020303030301
:10D20C0003030303030304050404040405040404D6
:10D21C0004050404040405040404000000000001D7
:10D22C000101010109E00200E5180200C4E002005E
:10D23C0002E00200E5180200C4E0020054DF020024
:10D24C00E5180200C4E0020038E00200E518020014
:10D25C00C4E00200CFDB0200E5180200C4E00200CB
:10D26C000D4003000230000007809010500FF82092
:10D27C0046A2A03000207424F90582110070000031
:10D28C0000002020025024208E018601260200007E
:10D29C00015042685000F8750100000002000000C7
:10D2AC000400000008000000100000002000000036
:10D2BC00400000008000000000010000000200009F
:10D2CC000004000000080000001000000020000016
:10D2DC00436F6E6E207374617475733A2050687965
:10D2EC0020757064617465202D20636F6E6E4861CB
:10D2FC006E646C65203D20256420504859203D20EB
:10D30C00257300436F6E6E207374617475733A20CD
:10D31C0050687920757064617465206661696C75FC
:10D32C007265202D20636F6E6E48616E646C652093
:10D33C003D2025640043616C6C20537461747573DB
:10D34C003A20506172616D557064617465526571FB
:10D35C00203D201B5B316D1B5B33316D25641B5BEA
:10D36C00306D00FF0105000308050500F47E002068
:10D37C00F87E0020547B002000000000000000001C
:10D38C000000000000040A00AB000A0009000000C5
:10D39C0043616C6C205374617475733A20536574DB
:10D3AC00436F6E6E506879203D201B5B316D1B5BAB
:10D3BC0033316D25641B5B306D0047415454207331
:10D3CC0074617475733A2041545420666C6F7720E5
:10D3DC00636F6E74726F6C2069732076696F6C6109
:10D3EC0074656400416476207374617475733A20BB
:10D3FC0053746172746564202D2068616E646C6571
:10D40C003A201B5B33336D25641B5B306D0043612D
:10D41C006C6C205374617475733A20446973636F38
:10D42C006E6E656374203D201B5B316D1B5B33316D
:10D43C006D25641B5B306D0009000000FCC502000B
:10D44C00E4CE0200DCD9020094DE02006CD20200B1
:10D45C0028CF020038CA020088DE02007CDE0200FF
:10D46C00A5970200379C0200C1410200D38802003C
:10D47C00B54B0200117E0200D55F01006519020058
:10D48C00F18B020029D4000041647620737461741E
:10D49C0075733A20456E646564202D2068616E6456
:10D4AC006C653A201B5B33336D25641B5B306D0060
:10D4BC0039560000A50D0200C56B0100917C0100DE
:10D4CC00ADAF01009D46010049160100B1170000E7
:10D4DC00C9730000994D02006C697374496E666FD4
:10D4EC002D3E6D756C74694275666665727320218C
:10D4FC003D202828766F69642A293029002573007D
:10D50C0008000000066D070000000000000000008D
:10D51C0000000000000000000000000000000000FF
:10D52C0000000000080000000100000000000000E6
:10D53C0000000000000000000000000000000000DF
:10D54C0000000000000000000800000009000000BE
:10D55C0000000000000000000000000000000000BF
:10D56C0000000000000000000000000008000000A7
:10D57C00D9D3CE7EA2C5E929B2617C6D7E4D3D9298
:10D58C004CD148772CDD1EE0B486A0B8A119AE2092
:10D59C0008000000B9DCF55C1A631258D69CF7A29F
:10D5AC00DEF9DE14000000000000000000000000A6
:10D5BC000000000008000000EDFFFFFFFFFFFFFF71
:10D5CC00FFFFFFFFFFFFFFFFFFFFFFFFFFFFFFFF5F
:10D5DC00FFFFFFFFFFFFFF7F08000000FCFFFFFFC6
:10D5EC00FFFFFFFFFFFFFFFF000000000000000037
:10D5FC000000000001000000FFFFFFFFFCFFFFFF29
:10D60C00FFFFFFFFFFFFFFFF030000000000000013
:10D61C000000000004000000FCFFFFFF0000000001
:10D62C00080000004B60D2273E3CCE3BF6B053CCFA
:10D63C00B0061D65BC86987655BDEBB3E7933AAA48
:10D64C00D835C65ADFBDC42962DF9CD890308478A7
:10D65C00CD05F0ACD62E21F7AB20A2E534488704DB
:10D66C001D0630DC000000000800000096C298D8AF
:10D67C004539A1F4A033EB2D817D0377F240A463EF
:10D68C00E5E6BCF847422CE1F2D1176B080000002C
:10D69C00F551BF376840B6CBCE5E316B5733CE2BCE
:10D6AC00169E0F7C4AEBE78E9B7F1AFEE242E34FFD
:10D6BC000300000000000000FFFFFFFFFBFFFFFF67
:10D6CC00FEFFFFFFFFFFFFFFFDFFFFFF0400000059
:10D6DC000000000008000000512563FCC2CAB9F329
:10D6EC00849E17A7ADFAE6BCFFFFFFFFFFFFFFFF0D
:10D6FC0000000000FFFFFFFF08000000FFFFFFFF1E
:10D70C00FFFFFFFFFFFFFFFF000000000000000015
:10D71C000000000001000000FFFFFFFF0000000000
:10D72C0000000000000000000000000000000000ED
:10D73C000100000000C20100030000000000000016
:10D74C0072636C53746174652E706F7765724E6F73
:10D75C0074696679456E61626C65436F756E742091
:10D76C003E203000ACDD0200918B02009CDD0200FB
:10D77C00F6DD0200B92E0200F9D702006ADF0200C2
:10D78C00196202003BD80200474154542073746163
:10D79C007475733A20415454204D5455207570645F
:10D7AC0061746520746F2025640043616C6C205398
:10D7BC0074617475733A204E6F20636F6E6E65637F
:10D7CC007465642064657669636573000004020205
:10D7DC000401060204010203040303030401020111
:10D7EC000000040401010004000201000053656EF6
:10D7FC006420636F6E6E656374696F6E2070617206
:10D80C00616D207570646174652072657100436F81
:10D81C006E6E656374696F6E73206E756D62657282
:10D82C003A201B5B33336D2564201B5B306D004449
:10D83C006973636F6E6E65637420612073706563CA
:10D84C006966696320636F6E6E656374696F6E00E1
:10D85C00737461747573203C2052434C5F436F6D3D
:10D86C006D616E645374617475735F4572726F721F
:10D87C0000022800FBB60000DDAE010021490200C9
:10D88C009565010061380100B1810200259C020000
:10D89C002B9C02000000000000000000FFFFFFFFB7
:10D8AC000000000000000000040000000800000060
:10D8BC00000000000000000000000000C1E00200B9
:10D8CC00C3E0020090E00200B6D102007ED8020054
:10D8DC00C4790020424C452052502041646472654A
:10D8EC0073733A201B5B316D1B5B33326D25731BDD
:10D8FC005B306D00424C45204944204164647265A4
:10D90C0073733A201B5B316D1B5B33326D25731BBC
:10D91C005B306D00100000001027000000000000BC
:10D92C0000000000000000000400000000000000E7
:10D93C0001000000020000000400000008000000CC
:10D94C001000000020000000400000006D756C7499
:10D95C00694275666665722D3E68656164496E64E0
:10D96C006578203D3D20300073697A65203E20307B
:10D97C002026262073697A65203C3D203078464667
:10D98C0046460001010201020101020102030304E7
:10D99C0001030101010101030302010363757272AA
:10D9AC00436C69656E7420213D202828766F69646C
:10D9BC002A29302900012A0183F1280001020306DB
:10D9CC000A111A27374B627B94ADC4D8E7F3FBFFDF
:10D9DC000540010000A00000F4D902000130000055
:10D9EC000040D420180A242140420F0000000000FF
:10D9FC0040420F0090D0030040DB02000001000009
:10DA0C0050F80C000000000050F80C0020A107009A
:10DA1C00C4D9020001010000000000000000000059
:10DA2C0000000000000000000000000001010000E8
:10DA3C0000010001000100010001000100000101D2
:10DA4C0000010001000100010101010100000000C2
:10DA5C0000000000000000000000000002030405AC
:10DA6C0000000000000101000000000000000000A8
:10DA7C000000000000000000000100010000010196
:10DA8C000001000100010001000100010001000182
:10DA9C00576F726B207769746820612070656572AE
:10DAAC00206465766963650053657420436F6E6E00
:10DABC002050485920507265666572656E6365002A
:10DACC00424C454170705574696C5F746872656145
:10DADC00645175657565006C697374496E666F2069
:10DAEC00213D202828766F69642A29302900436F4C
:10DAFC006E6E656374656420646576696365732016
:10DB0C004C6973740068656164496E646578203C87
:10DB1C003D207461696C496E646578006E6578743B
:10DB2C00496E646578203C3D207461696C496E6473
:10DB3C0065780003E2FD22000102050A1422375227
:10DB4C007191B0CBE0EEF8FDFF556E6578706563B2
:10DB5C00746564205048592056616C756500A62A7E
:10DB6C0005000000D0070000C8000000FF00000006
:10DB7C00000000005CE0020000000000010000005A
:10DB8C000002000000000000010000000000000086
:10DB9C000004000000000000000000000000000075
:10DBAC0000C20100FFFFFFFFD063002080000000D7
:10DBBC006C69737420213D202828766F69642A29AA
:10DBCC003029003120262032204D6270732026200F
:10DBDC00436F64656400636D6420213D20282876C2
:10DBEC006F69642A29302900546578617320496E65
:10DBFC00737472756D656E7473002828766F696422
:10DC0C002A29302920213D20636D6400636D642036
:10DC1C00213D202828766F69642A2930290030316B
:10DC2C0032333435363738396162636465660030B7
:10DC3C003132333435363738394142434445460066
:10DC4C005D4B020095970200812E02009D97020009
:10DC5C000200000000000000FFFFFFFF00000000BA
:10DC6C000201000000000000FFFFFFFF00000000A9
:10DC7C000200000000000000FFFFFFFF000000009A
:10DC8C000200000000000000FFFFFFFF000000008A
:10DC9C000A01000001000000090100000100000061
:10DCAC00806800209CDC0200A4680020A4DC020038
:10DCBC000200000000000000FFFFFFFF000000005A
:10DCCC00F8760020C864002030650020FFFFFFFFBD
:10DCDC00BC9F020004BC020044AE020044D402000B
:10DCEC00000000000000000044AE0200ACDF0200A7
:10DCFC00020000000000000000000000FFFFFFFF1A
:10DD0C00F401FA00960064004B0032001E0014006F
:10DD1C00FB349B5F800000800010000000000000BE
:10DD2C000000000000000000000000000000008760
:10DD3C00BE83605ADB0B376038A5F5AA9183886CDB
:10DD4C00436F6E6E656374696F6E206D656E7500E2
:10DD5C001B5B316D1B5B33366D25731B5B306D00AC
:10DD6C00436F6E6E656374696F6E204D656E7500E2
:10DD7C001B371B5B3130721B5B25643B25644800F1
:10DD8C006820213D202828766F69642A29302900D3
:10DD9C00314D2C20436F646564206F7220324D002E
:10DDAC004368616E676520636F6E6E2070687900E2
:10DDBC000C0F0E0F0F0F0F0F140F160F0F0F1A570C
:10DDCC006F726B2077697468204D656E75004261C7
:10DDDC0073696320424C45204D656E750049636143
:10DDEC006C6C5F576F726B657200506172616D2065
:10DDFC007570646174650000B87D0020BC7D0020E6
:10DE0C00C07D0020FBDF020025E0020032E00200B2
:10DE1C004DE0020061E0020052E002000000000050
:10DE2C000200020000020200809C2B8F80D299908D
:10DE3C0000CCD1930B010000940000008906000077
:10DE4C0012000000FFFFFFFF0C04000000000000A8
:10DE5C00000000000000000080D80200E86E0020E6
:10DE6C00A8DB0200F13E020039850200AF880200F7
:10DE7C0002000400003000000100282102400400D0
:10DE8C000030000000002821020003000070000098
:10DE9C004C00426801FADA0200D06E00200000004B
:10DEAC006CD402002E700020B4DF020000000000D1
:10DEBC009D0501000000000005B4DA020030D2021A
:10DECC000000000089DF0200217501009CDA0200CD
:10DEDC00016CDD0200D0DE0200000000000000003A
:10DEEC000000000000000000E13601007972020021
:10DEFC0000000000111801007D2D01000000000041
:10DF0C000000000011430200000000005FDF02006F
:10DF1C00A18B02004CDD020001DADD020018DF02E9
:10DF2C0000000000D9330100DDFD000000000000FE
:10DF3C0025732025732020202025730003CBDD02C0
:10DF4C000070D702000000003120262032204D62E4
:10DF5C00707300436F6E6E656374696F6E00446915
:10DF6C0073636F6E6E656374000505050601010130
:10DF7C0009010B424C455F537461636B00576F7220
:10DF8C006B20776974680019C8620020FBC5020019
:10DF9C00286B00206FD30200B0510020C2E00200B9
:10DFAC0001000000F4C6020000D0070000300000A1
:10DFBC001C6F0020BDE00200D8580020A0CA02004F
:10DFCC00020000002A7F002002000000A8E00200EE
:10DFDC0002000000AAE0020002000000407F0020C6
:10DFEC00546D7220537663000102040810204031F6
:10DFFC00204D6270730032204D6270730031204DE1
:10E00C0062707300286E756C6C290031203D3D20C8
:10E01C0030001B5B324B1B450032204D627073008D
:10E02C00030301020303434F44454400436F6465FB
:10E03C0064000101000001010203040700060286CE
:10E04C00821B5B314B001B5B324B0049444C45003F
:10E05C004E414D45001B5B304B000000020202019B
:10E06C000000000071010000CD01000098000000CC
:10E07C000800000020000000400608008006080090
:10E08C00000400205F000000002040601000000031
:10E09C0009000000012903280229002A0018011890
:10E0AC00042A0028C92A0128052A000878003E0005
:0BE0BC0001FF01020100000200000A49
:10E0C80000FF02000000AEE00200BD010070E4DFC6
:10E0D800020000F1A25E00F4747F002001F142000A
:10E0E80070AD030270B87C00F3A002F4C99400F488
:10E0F80002F57502F444037004F1B9AA02FCDA02CD
:10E10800FC7605F4460674BAAA05FCEB05FC77080C
:10E11800F448097004AA0B70C408FCFC08FC6F0BD7
:10E12800F43AB60C74A05F0BFB807E0BFB715A0EA1
:10E13800F43E0BF434610FF3A411F0520FF12802EE
:10E14800F40FF51503FC7012F4AD3C0FF46A60038C
:10E15800FB2C03FC9EA97D15F317F5CC17FC56176D
:10E16800F42E5614F4D87416FB5219F42416F4AB92
:10E17800037518FB541BF42818F4184A01FC4F1DAA
:10E18800F40D08701FF12D03FC55501FF41E127476
:10E19800EE07FC5521F4AD2C1EF4B07A20FB512378
:10E1A800F4A254167025F1C501FC4E25F4B525706E
:10E1B800AA27F1E00DFC5327F42624F4D0540FF4D9
:10E1C8002AF5D42AFC572AF4A62CF4356008FC0F4B
:10E1D80016F4C1D913F40AFC55672EF4AC30F45880
:10E1E8000CFC4C30F4536ADB11F40EFC6E32F4B0C4
:10E1F8000FF56810F035E0002FF3010E1DF4010D46
:10E208004700F91046D11193FE00657870FF6572DA
:10E21800696D656E7461FF6C48617264776172FF45
:10E228006520526576697369FB6F6E13E14D6F6403
:10E23800656C7F204E756D62657214E6F553033088
:10E2480061015D4669726D2603EE00FF183FF60115
:10E2580028BF7E1131CF096971CE003F0F4004609D
:10E26800003202F8000420373000315DE05E2104FE
:10E27800750101700532ED2002FC000128C501007E
:10E288007787000110040004512A173C1B15FFD0A2
:10E2980001000DEB01008DFFED0100B58602006164
:10E2A800215204533E7FC7013AA48279DC8274006C
:10E2B800FD8A8375738374B485701CF974758091B5
:10E2C80079517F401C501C82101C4123E0012F060D
:10E2D8000302F03F90138AF10034B70700AA000246
:10E2E800007F1F3312FF0942617369632042FF4CAC
:10E2F800452070726F6A65FF6374020A0005125048
:10E30800FB00685B6F3B030800050ABE608F2604AC
:10E318000A00BA0003D3E6FF9D350E480103CCDBA3
:10E32800FFFDF4AC1191F4EFB9FFA5F9E9A7832C2F
:10E338005E2CFFBE97F2D203B0208BFFD28915D096
:10E348008E1C7424FF30ED8FC24563765CFF155236
:10E358005ABF9A32636D7FEB2A65499C80DC1CE8C2
:10E368004B00501152E89D616A2F21406D6F07EFF5
:10E37800536F66745C1F00616E75FF666163747528
:10E388007265729F204E616D655962597F178FB013
:10E39800927463529F809FB1BC7B75B902F3008F62
:10E3A8009CB02D2F1A04D70200FFE4D502002CD60A
:10E3B800020051E00030AFF17AC17400F0980130EA
:10E3C800E009E0001B7C8F2125DE80CE30750F52DE
:10E3D8000030072B5082710582C8076B627D088365
:10E3E800EF2391E300001BBD707D0BBDB0CDE901AB
:10E3F800000CBE302D06BE70297E4F13070171BF79
:10E40800109D0F89C4A519023272C0B16D7D57AE37
:10E41800B370D30200E8A9F0F68BF151E57AF71B47
:10E42800631B5B7F324A1B5B31307200404F313BCC
:10E438003148B1A212E21F0075F32A2A77341E3838
:10E4480043686172AC20207EA07374373031010DAF
:10E45800327A021D33032D3500262A56CED31428CE
:10E46800961B7ECF067D107063163C5ABF00CE7295
:10E478006C0020E023F4D071C59C25B0CC24FF04A7
:10E488004669AC116F743F69666963617486B59EAD
:10E49800EF0FFF39850200AF8802004BF13E637F22
:10E4A80004C0C93020710101F32BC018D73020D720
:10E4B8007028D7B0A4B6FF526573706F6E73650786
:10E4C80000272AA5FF0835F38FC56CFEDF00FBB5D2
:10E4D8009F6BBF00521E0000F0FBD3CB6D46436F0D
:10E4E8006D6D610B6E643AE30342E42021958295D9
:10E4F800A0FBFF29083674E81D110EFFB0EC6CC5AF
:10E508006DB77FA2370C028EAFB1DBB0B0172E53B8
:10E51800CCB11BB20F26B1BBA4335D11242AFF5026
:10E528002A252A0A18282AF5232780F79EF01B0097
:10E538007206FF01E003E002E0F0FF7FF1FFF2FF67
:10E54800F3FFA53CF03F020102020802000335F088
:10E55800F8A179F060F010FF020810120700200AF5
:10E568000250F0F0FFF00000798C0100BD89020034
:10E57800518E02000200000010000000020000009E
:10E58800100000000200000010000000020000005F
:10E598001000000002000000FF6B0000C8E002004D
:10E5A800607000207CE502000004002084E5020081
:10E5B800100400208CE502004004002094E50200CD
:0CE5C800500400209CE5020060040020CC
:020000020000FC
:020000044E02AA
:10000000FFFFFFFF0000000000000000FFFFFFFFF8
:10001000FFFFFFFFFFFFFFFFAAAAAAAA0000000040
:10002000FFFFFFFFFFFFFFFF00000000FFFFFFFFDC
:1000300000000000000000F00000000000000000D0
:1000400000000000000000000000000000000000B0
:1000500000000000000000000000000000000000A0
:100060000000000000000000000000000000000090
:100070000000000000000000000000000000000080
:100080000000000000000000000000000000000070
:100090000000000000000000000000000000000060
:1000A0000000000000000000000000000000000050
:1000B0000000000000000000000000000000000040
:1000C0000000000000000000000000000000000030
:1000D0000000000000000000000000000000000020
:1000E0000000000000000000000000000000000010
:1000F0000000000000000000000000000000000000
:1001000000000000000000000000000000000000EF
:1001100000000000000000000000000000000000DF
:1001200000000000000000000000000000000000CF
:1001300000000000000000000000000000000000BF
:1001400000000000000000000000000000000000AF
:10015000000000000000000000000000000000009F
:10016000000000000000000000000000000000008F
:10017000000000000000000000000000000000007F
:10018000000000000000000000000000000000006F
:10019000000000000000000000000000000000005F
:1001A000000000000000000000000000000000004F
:1001B000000000000000000000000000000000003F
:1001C000000000000000000000000000000000002F
:1001D000000000000000000000000000000000001F
:1001E000000000000000000000000000000000000F
:1001F00000000000000000000000000000000000FF
:1002000000000000000000000000000000000000EE
:1002100000000000000000000000000000000000DE
:1002200000000000000000000000000000000000CE
:1002300000000000000000000000000000000000BE
:1002400000000000000000000000000000000000AE
:10025000000000000000000000000000000000009E
:10026000000000000000000000000000000000008E
:10027000000000000000000000000000000000007E
:10028000000000000000000000000000000000006E
:10029000000000000000000000000000000000005E
:1002A000000000000000000000000000000000004E
:1002B000000000000000000000000000000000003E
:1002C000000000000000000000000000000000002E
:1002D000000000000000000000000000000000001E
:1002E000000000000000000000000000000000000E
:1002F00000000000000000000000000000000000FE
:1003000000000000000000000000000000000000ED
:1003100000000000000000000000000000000000DD
:1003200000000000000000000000000000000000CD
:1003300000000000000000000000000000000000BD
:1003400000000000000000000000000000000000AD
:10035000000000000000000000000000000000009D
:10036000000000000000000000000000000000008D
:10037000000000000000000000000000000000007D
:10038000000000000000000000000000000000006D
:10039000000000000000000000000000000000005D
:1003A000000000000000000000000000000000004D
:1003B000000000000000000000000000000000003D
:1003C000000000000000000000000000000000002D
:1003D000000000000000000000000000000000001D
:1003E000000000000000000000000000000000000D
:1003F00000000000000000000000000000000000FD
:1004000000000000000000000000000000000000EC
:1004100000000000000000000000000000000000DC
:1004200000000000000000000000000000000000CC
:1004300000000000000000000000000000000000BC
:1004400000000000000000000000000000000000AC
:10045000000000000000000000000000000000009C
:10046000000000000000000000000000000000008C
:10047000000000000000000000000000000000007C
:10048000000000000000000000000000000000006C
:10049000000000000000000000000000000000005C
:1004A000000000000000000000000000000000004C
:1004B000000000000000000000000000000000003C
:1004C000000000000000000000000000000000002C
:1004D000000000000000000000000000000000001C
:1004E000000000000000000000000000000000000C
:1004F00000000000000000000000000000000000FC
:1005000000000000000000000000000000000000EB
:1005100000000000000000000000000000000000DB
:1005200000000000000000000000000000000000CB
:1005300000000000000000000000000000000000BB
:1005400000000000000000000000000000000000AB
:10055000000000000000000000000000000000009B
:10056000000000000000000000000000000000008B
:10057000000000000000000000000000000000007B
:10058000000000000000000000000000000000006B
:10059000000000000000000000000000000000005B
:1005A000000000000000000000000000000000004B
:1005B000000000000000000000000000000000003B
:1005C000000000000000000000000000000000002B
:1005D000000000000000000000000000000000001B
:1005E000000000000000000000000000000000000B
:1005F00000000000000000000000000000000000FB
:1006000000000000000000000000000000000000EA
:1006100000000000000000000000000000000000DA
:1006200000000000000000000000000000000000CA
:1006300000000000000000000000000000000000BA
:1006400000000000000000000000000000000000AA
:10065000000000000000000000000000000000009A
:10066000000000000000000000000000000000008A
:10067000000000000000000000000000000000007A
:10068000000000000000000000000000000000006A
:10069000000000000000000000000000000000005A
:1006A000000000000000000000000000000000004A
:1006B000000000000000000000000000000000003A
:1006C000000000000000000000000000000000002A
:1006D000000000000000000000000000000000001A
:1006E000000000000000000000000000000000000A
:1006F00000000000000000000000000000000000FA
:1007000000000000000000000000000000000000E9
:1007100000000000000000000000000000000000D9
:1007200000000000000000000000000000000000C9
:1007300000000000000000000000000000000000B9
:10074000000000000000000000000000B7DF14B748
:100750000000000000000000000000000000000099
:100760000000000000000000000000000000000089
:100770000000000000000000000000000000000079
:100780000000000000000000000000000000000069
:100790000000000000000000000000000000000059
:1007A0000000000000000000000000000000000049
:1007B0000000000000000000000000000000000039
:1007C0000000000000000000000000000000000029
:1007D0005AA500000101020305080D156DD7E43686
:1007E000EBF431DF95AE15EE03BA8EE4C4C63FD804
:1007F000453F675E74D7C2012C9058E5A2947252AF
:0400000320008E014A
:00000001FF
